/*
 Navicat Premium Data Transfer

 Source Server         : localhost_3306_1
 Source Server Type    : MySQL
 Source Server Version : 80035
 Source Host           : localhost:3306
 Source Schema         : ry-cloud

 Target Server Type    : MySQL
 Target Server Version : 80035
 File Encoding         : 65001

 Date: 16/07/2024 14:20:55
*/

SET NAMES utf8mb4;
SET FOREIGN_KEY_CHECKS = 0;

-- ----------------------------
-- Table structure for complaints
-- ----------------------------
DROP TABLE IF EXISTS `complaints`;
CREATE TABLE `complaints`  (
  `id` int NOT NULL AUTO_INCREMENT,
  `content` text CHARACTER SET utf8mb4 COLLATE utf8mb4_0900_ai_ci NOT NULL,
  `submit_time` datetime NOT NULL,
  `status` enum('待审批','已审批待处理','已处理待确认','已结案') CHARACTER SET utf8mb4 COLLATE utf8mb4_0900_ai_ci NOT NULL DEFAULT '待审批' COMMENT '0为待审批，1为已经审批待处理，2为已处理待确认，3为已经结案',
  `user_id` bigint NULL DEFAULT NULL,
  PRIMARY KEY (`id`) USING BTREE,
  INDEX `user_id`(`user_id` ASC) USING BTREE,
  CONSTRAINT `user_id` FOREIGN KEY (`user_id`) REFERENCES `sys_user` (`user_id`) ON DELETE CASCADE ON UPDATE CASCADE
) ENGINE = InnoDB AUTO_INCREMENT = 3 CHARACTER SET = utf8mb4 COLLATE = utf8mb4_0900_ai_ci ROW_FORMAT = DYNAMIC;

-- ----------------------------
-- Records of complaints
-- ----------------------------
INSERT INTO `complaints` VALUES (2, '111', '2024-07-02 00:00:00', '已处理待确认', 1);

-- ----------------------------
-- Table structure for dining
-- ----------------------------
DROP TABLE IF EXISTS `dining`;
CREATE TABLE `dining`  (
  `id` int NOT NULL AUTO_INCREMENT,
  `name` varchar(255) CHARACTER SET utf8mb4 COLLATE utf8mb4_0900_ai_ci NOT NULL,
  `opening_time` time NULL DEFAULT NULL,
  `address` varchar(255) CHARACTER SET utf8mb4 COLLATE utf8mb4_0900_ai_ci NOT NULL,
  `closing_time` time NULL DEFAULT NULL,
  `pic_url` varchar(255) CHARACTER SET utf8mb4 COLLATE utf8mb4_0900_ai_ci NULL DEFAULT NULL,
  `score` float NULL DEFAULT NULL,
  PRIMARY KEY (`id`) USING BTREE
) ENGINE = InnoDB AUTO_INCREMENT = 19 CHARACTER SET = utf8mb4 COLLATE = utf8mb4_0900_ai_ci ROW_FORMAT = Dynamic;

-- ----------------------------
-- Records of dining
-- ----------------------------
INSERT INTO `dining` VALUES (1, '麦当劳', '06:30:00', '成都市郫都区德源', '22:00:00', 'http://127.0.0.1:9300/statics/2024/07/08/mdl_20240708164609A002.png', 88);
INSERT INTO `dining` VALUES (2, '创客餐厅', '08:00:00', '成都市郫都区', '20:00:00', 'https://tourism-oss.oss-cn-beijing.aliyuncs.com/2024/07/08/20240708194339R_Ma.png.png', 93);
INSERT INTO `dining` VALUES (7, '11', '11:00:00', '长沙市岳麓区', '16:00:00', 'https://tourism-oss.oss-cn-beijing.aliyuncs.com/2024/07/08/20240708194730B_Bing.png.png', 100);
INSERT INTO `dining` VALUES (8, '44', '18:45:06', '长沙市天心区韶山南路68号', '19:45:06', 'https://tourism-oss.oss-cn-beijing.aliyuncs.com/2024/07/08/20240708194737B_Pao.png.png', 75);
INSERT INTO `dining` VALUES (9, 'KFC', '08:00:00', '北京市朝阳区', '22:00:00', NULL, 85);
INSERT INTO `dining` VALUES (10, '星巴克', '07:00:00', '上海市浦东新区', '21:30:00', NULL, 90);
INSERT INTO `dining` VALUES (11, '必胜客', '11:30:00', '广州市天河区', '22:30:00', NULL, 87);
INSERT INTO `dining` VALUES (12, '海底捞', '10:00:00', '成都市武侯区', '22:30:00', NULL, 95);
INSERT INTO `dining` VALUES (13, '大盘鸡', '11:00:00', '重庆市渝中区', '21:00:00', NULL, 88);
INSERT INTO `dining` VALUES (14, '小龙虾', '17:00:00', '武汉市江汉区', '23:00:00', NULL, 92);
INSERT INTO `dining` VALUES (15, '烤鱼', '12:00:00', '南京市玄武区', '22:00:00', NULL, 89);
INSERT INTO `dining` VALUES (16, '日本料理', '18:00:00', '杭州市西湖区', '23:00:00', NULL, 91);
INSERT INTO `dining` VALUES (17, '素食堂', '09:00:00', '深圳市南山区', '20:30:00', NULL, 86);
INSERT INTO `dining` VALUES (18, '面馆', '07:30:00', '上海市黄浦区', '19:30:00', NULL, 84);

-- ----------------------------
-- Table structure for emergencyinfo
-- ----------------------------
DROP TABLE IF EXISTS `emergencyinfo`;
CREATE TABLE `emergencyinfo`  (
  `id` int NOT NULL AUTO_INCREMENT,
  `priority` int NOT NULL,
  `validity` datetime NOT NULL DEFAULT CURRENT_TIMESTAMP COMMENT '截止日期',
  `content` varchar(255) CHARACTER SET utf8mb4 COLLATE utf8mb4_0900_ai_ci NOT NULL,
  `status` int NOT NULL,
  PRIMARY KEY (`id`) USING BTREE
) ENGINE = InnoDB AUTO_INCREMENT = 2 CHARACTER SET = utf8mb4 COLLATE = utf8mb4_0900_ai_ci ROW_FORMAT = Dynamic;

-- ----------------------------
-- Records of emergencyinfo
-- ----------------------------
INSERT INTO `emergencyinfo` VALUES (1, 3, '2024-07-13 00:00:00', '警惕山洪暴发！', 1);
INSERT INTO `emergencyinfo` VALUES (2, 1, '2024-07-18 13:14:50', '暴雨黄色预警', 1);
INSERT INTO `emergencyinfo` VALUES (3, 2, '2024-07-24 13:15:11', '暴雨红色预警', 1);

-- ----------------------------
-- Table structure for entertainment
-- ----------------------------
DROP TABLE IF EXISTS `entertainment`;
CREATE TABLE `entertainment`  (
  `id` int NOT NULL AUTO_INCREMENT,
  `name` varchar(50) CHARACTER SET utf8mb4 COLLATE utf8mb4_0900_ai_ci NOT NULL,
  `opening_time` time NULL DEFAULT NULL,
  `address` varchar(50) CHARACTER SET utf8mb4 COLLATE utf8mb4_0900_ai_ci NOT NULL,
  `closing_time` time NULL DEFAULT NULL,
  `pic_url` varchar(255) CHARACTER SET utf8mb4 COLLATE utf8mb4_0900_ai_ci NULL DEFAULT NULL,
  `score` float NULL DEFAULT NULL,
  PRIMARY KEY (`id`) USING BTREE
) ENGINE = InnoDB AUTO_INCREMENT = 14 CHARACTER SET = utf8mb4 COLLATE = utf8mb4_0900_ai_ci ROW_FORMAT = Dynamic;

-- ----------------------------
-- Records of entertainment
-- ----------------------------
INSERT INTO `entertainment` VALUES (1, 'bbq', '15:52:14', '中国湖南省', '21:52:14', 'https://tourism-oss.oss-cn-beijing.aliyuncs.com/2024/07/09/20240709165254B_Pao.png.png', 100);
INSERT INTO `entertainment` VALUES (2, 'genshin', '09:07:35', '上海市', '22:07:35', 'https://tourism-oss.oss-cn-beijing.aliyuncs.com/2024/07/09/20240709170804R_Ju.png.png', 88);
INSERT INTO `entertainment` VALUES (3, 'zZz', '10:08:14', '成都', '21:11:14', 'https://tourism-oss.oss-cn-beijing.aliyuncs.com/2024/07/09/20240709170849YouWin.png.png', 93);
INSERT INTO `entertainment` VALUES (4, 'arcade', '10:00:00', '北京市', '23:00:00', 'https://tourism-oss.oss-cn-beijing.aliyuncs.com/2024/07/09/20240709204043mdl.png.png', 85);
INSERT INTO `entertainment` VALUES (5, 'karaoke', '14:30:00', '广州市', '02:00:00', 'https://tourism-oss.oss-cn-beijing.aliyuncs.com/2024/07/09/20240709212643mdl.png.png', 90);
INSERT INTO `entertainment` VALUES (6, 'movie_theater', '11:00:00', '深圳市', '22:00:00', 'https://tourism-oss.oss-cn-beijing.aliyuncs.com/2024/07/10/20240710110959屏幕截图 2024-04-08 223911.png.png', 95);
INSERT INTO `entertainment` VALUES (7, 'bowling', '13:00:00', '南京市', '00:00:00', NULL, 80);
INSERT INTO `entertainment` VALUES (8, 'escape_room', '09:00:00', '杭州市', '21:00:00', NULL, 92);
INSERT INTO `entertainment` VALUES (9, 'amusement_park', '08:00:00', '天津市', '20:00:00', NULL, 97);
INSERT INTO `entertainment` VALUES (10, 'concert', '19:00:00', '重庆市', '23:00:00', NULL, 98);
INSERT INTO `entertainment` VALUES (11, 'night_club', '21:00:00', '武汉市', '04:00:00', NULL, 87);
INSERT INTO `entertainment` VALUES (12, 'museum', '10:00:00', '西安市', '18:00:00', NULL, 89);
INSERT INTO `entertainment` VALUES (13, 'aquarium', '09:30:00', '长沙市', '17:30:00', NULL, 94);

-- ----------------------------
-- Table structure for feedbackresults
-- ----------------------------
DROP TABLE IF EXISTS `feedbackresults`;
CREATE TABLE `feedbackresults`  (
  `id` int NOT NULL AUTO_INCREMENT,
  `handle_result_id` int NOT NULL,
  `rating` int NOT NULL,
  PRIMARY KEY (`id`) USING BTREE,
  INDEX `handle_result_id`(`handle_result_id` ASC) USING BTREE,
  CONSTRAINT `handle_result_id` FOREIGN KEY (`handle_result_id`) REFERENCES `handlingresults` (`id`) ON DELETE CASCADE ON UPDATE CASCADE
) ENGINE = InnoDB AUTO_INCREMENT = 2 CHARACTER SET = utf8mb4 COLLATE = utf8mb4_0900_ai_ci ROW_FORMAT = DYNAMIC;

-- ----------------------------
-- Records of feedbackresults
-- ----------------------------

-- ----------------------------
-- Table structure for gen_table
-- ----------------------------
DROP TABLE IF EXISTS `gen_table`;
CREATE TABLE `gen_table`  (
  `table_id` bigint NOT NULL AUTO_INCREMENT COMMENT '编号',
  `table_name` varchar(200) CHARACTER SET utf8mb4 COLLATE utf8mb4_0900_ai_ci NULL DEFAULT '' COMMENT '表名称',
  `table_comment` varchar(500) CHARACTER SET utf8mb4 COLLATE utf8mb4_0900_ai_ci NULL DEFAULT '' COMMENT '表描述',
  `sub_table_name` varchar(64) CHARACTER SET utf8mb4 COLLATE utf8mb4_0900_ai_ci NULL DEFAULT NULL COMMENT '关联子表的表名',
  `sub_table_fk_name` varchar(64) CHARACTER SET utf8mb4 COLLATE utf8mb4_0900_ai_ci NULL DEFAULT NULL COMMENT '子表关联的外键名',
  `class_name` varchar(100) CHARACTER SET utf8mb4 COLLATE utf8mb4_0900_ai_ci NULL DEFAULT '' COMMENT '实体类名称',
  `tpl_category` varchar(200) CHARACTER SET utf8mb4 COLLATE utf8mb4_0900_ai_ci NULL DEFAULT 'crud' COMMENT '使用的模板（crud单表操作 tree树表操作）',
  `tpl_web_type` varchar(30) CHARACTER SET utf8mb4 COLLATE utf8mb4_0900_ai_ci NULL DEFAULT '' COMMENT '前端模板类型（element-ui模版 element-plus模版）',
  `package_name` varchar(100) CHARACTER SET utf8mb4 COLLATE utf8mb4_0900_ai_ci NULL DEFAULT NULL COMMENT '生成包路径',
  `module_name` varchar(30) CHARACTER SET utf8mb4 COLLATE utf8mb4_0900_ai_ci NULL DEFAULT NULL COMMENT '生成模块名',
  `business_name` varchar(30) CHARACTER SET utf8mb4 COLLATE utf8mb4_0900_ai_ci NULL DEFAULT NULL COMMENT '生成业务名',
  `function_name` varchar(50) CHARACTER SET utf8mb4 COLLATE utf8mb4_0900_ai_ci NULL DEFAULT NULL COMMENT '生成功能名',
  `function_author` varchar(50) CHARACTER SET utf8mb4 COLLATE utf8mb4_0900_ai_ci NULL DEFAULT NULL COMMENT '生成功能作者',
  `gen_type` char(1) CHARACTER SET utf8mb4 COLLATE utf8mb4_0900_ai_ci NULL DEFAULT '0' COMMENT '生成代码方式（0zip压缩包 1自定义路径）',
  `gen_path` varchar(200) CHARACTER SET utf8mb4 COLLATE utf8mb4_0900_ai_ci NULL DEFAULT '/' COMMENT '生成路径（不填默认项目路径）',
  `options` varchar(1000) CHARACTER SET utf8mb4 COLLATE utf8mb4_0900_ai_ci NULL DEFAULT NULL COMMENT '其它生成选项',
  `create_by` varchar(64) CHARACTER SET utf8mb4 COLLATE utf8mb4_0900_ai_ci NULL DEFAULT '' COMMENT '创建者',
  `create_time` datetime NULL DEFAULT NULL COMMENT '创建时间',
  `update_by` varchar(64) CHARACTER SET utf8mb4 COLLATE utf8mb4_0900_ai_ci NULL DEFAULT '' COMMENT '更新者',
  `update_time` datetime NULL DEFAULT NULL COMMENT '更新时间',
  `remark` varchar(500) CHARACTER SET utf8mb4 COLLATE utf8mb4_0900_ai_ci NULL DEFAULT NULL COMMENT '备注',
  PRIMARY KEY (`table_id`) USING BTREE
) ENGINE = InnoDB AUTO_INCREMENT = 58 CHARACTER SET = utf8mb4 COLLATE = utf8mb4_0900_ai_ci COMMENT = '代码生成业务表' ROW_FORMAT = Dynamic;

-- ----------------------------
-- Records of gen_table
-- ----------------------------
INSERT INTO `gen_table` VALUES (24, 'scenicspots', '景点信息', NULL, NULL, 'Scenicspots', 'crud', 'element-plus', 'com.ruoyi.scenic', 'scenic', 'scenicspots', '景点信息', 'ningf', '0', '/', '{\"parentMenuId\":\"2006\"}', 'admin', '2024-07-05 23:59:26', '', '2024-07-06 15:30:45', NULL);
INSERT INTO `gen_table` VALUES (26, 'diningentertainment', '餐饮娱乐信息', NULL, NULL, 'Diningentertainment', 'crud', 'element-plus', 'com.ruoyi.entertainment', 'entertainment', 'diningentertainment', '餐饮娱乐信息', 'ningf', '0', '/', '{\"parentMenuId\":\"2009\"}', 'admin', '2024-07-08 15:26:06', '', '2024-07-08 16:32:58', NULL);
INSERT INTO `gen_table` VALUES (27, 'performancegroups', '演出团体信息', NULL, NULL, 'Performancegroups', 'crud', 'element-plus', 'com.ruoyi.entertainment', 'entertainment', 'performancegroups', '演出团体信息', 'ningf', '0', '/', '{\"parentMenuId\":\"2010\"}', 'admin', '2024-07-08 21:06:44', '', '2024-07-08 21:15:06', NULL);
INSERT INTO `gen_table` VALUES (28, 'dining', '餐饮信息', NULL, NULL, 'Dining', 'crud', 'element-plus', 'com.ruoyi.entertainment', 'entertainment', 'diningChart', '餐饮信息', 'ningf', '0', '/', '{\"parentMenuId\":\"2009\"}', 'admin', '2024-07-09 16:05:18', '', '2024-07-09 19:16:59', NULL);
INSERT INTO `gen_table` VALUES (29, 'entertainment', '娱乐汇总', NULL, NULL, 'Entertainment', 'crud', 'element-plus', 'com.ruoyi.entertainment', 'entertainment', 'entertainmentChart', '娱乐汇总', 'ningf', '0', '/', '{\"parentMenuId\":\"2009\"}', 'admin', '2024-07-09 16:05:18', '', '2024-07-09 16:43:38', NULL);
INSERT INTO `gen_table` VALUES (30, 'scenicareas', '景区汇总', NULL, NULL, 'Scenicareas', 'crud', 'element-plus', 'com.ruoyi.scenic', 'scenic', 'scenicChart', '景区信息', 'ningf', '0', '/', '{\"parentMenuId\":\"2005\"}', 'admin', '2024-07-10 08:32:00', '', '2024-07-10 08:44:00', NULL);
INSERT INTO `gen_table` VALUES (35, 'starmarketingrecords', '星级酒店营销信息', NULL, NULL, 'Starmarketingrecords', 'crud', 'element-plus', 'com.ruoyi.hotel', 'hotel', 'starmarketingrecords', '酒店营销记录', 'ningf', '0', '/', '{\"parentMenuId\":2003}', 'admin', '2024-07-10 13:56:49', '', '2024-07-10 14:27:41', NULL);
INSERT INTO `gen_table` VALUES (37, 'starhotels', '星级酒店信息', NULL, NULL, 'Starhotels', 'crud', 'element-plus', 'com.ruoyi.hotel', 'hotel', 'starhotels', '星级酒店信息', 'ningf', '0', '/', '{\"parentMenuId\":2003}', 'admin', '2024-07-11 09:04:14', '', '2024-07-11 09:06:28', NULL);
INSERT INTO `gen_table` VALUES (38, 'starbookings', '星际酒店预定', NULL, NULL, 'Starbookings', 'crud', 'element-plus', 'com.ruoyi.hotel', 'hotel', 'starbookings', '星级酒店预定信息', 'ningf', '0', '/', '{\"parentMenuId\":2003}', 'admin', '2024-07-11 14:04:49', '', '2024-07-11 14:09:27', NULL);
INSERT INTO `gen_table` VALUES (39, 'starroomtypes', '星级酒店房型', NULL, NULL, 'Starroomtypes', 'crud', 'element-plus', 'com.ruoyi.hotel', 'hotel', 'starroomtypes', '星级酒店房型', 'ningf', '0', '/', '{\"parentMenuId\":\"2003\"}', 'admin', '2024-07-11 14:04:49', '', '2024-07-12 09:13:32', NULL);
INSERT INTO `gen_table` VALUES (40, 'emergencyinfo', '应急信息', NULL, NULL, 'Emergencyinfo', 'crud', 'element-plus', 'com.ruoyi.emergency', 'emergency', 'emergencyinfo', '应急信息', 'ningf', '0', '/', '{\"parentMenuId\":2001}', 'admin', '2024-07-12 13:42:45', '', '2024-07-12 13:45:07', NULL);
INSERT INTO `gen_table` VALUES (46, 'nonstarbookings', '非星级酒店预定信息', NULL, NULL, 'Nonstarbookings', 'crud', 'element-plus', 'com.ruoyi.hotel', 'hotel', 'nonstarbookings', '非星级酒店预定信息', 'ningf', '0', '/', '{\"parentMenuId\":2004}', 'admin', '2024-07-14 11:14:50', '', '2024-07-14 11:17:32', NULL);
INSERT INTO `gen_table` VALUES (48, 'nonstarhotels', '非星级酒店', NULL, NULL, 'Nonstarhotels', 'crud', 'element-plus', 'com.ruoyi.hotel', 'hotel', 'nonstarhotels', '非星级酒店', 'ningf', '0', '/', '{\"parentMenuId\":2004}', 'admin', '2024-07-14 11:14:50', '', '2024-07-14 11:26:13', NULL);
INSERT INTO `gen_table` VALUES (49, 'nonstarmarketingrecords', '非星级酒店营销记录', NULL, NULL, 'Nonstarmarketingrecords', 'crud', 'element-plus', 'com.ruoyi.hotel', 'hotel', 'nonstarmarketingrecords', '非星级酒店营销记录', 'ningf', '0', '/', '{\"parentMenuId\":2004}', 'admin', '2024-07-14 11:14:50', '', '2024-07-14 11:27:19', NULL);
INSERT INTO `gen_table` VALUES (50, 'nonstarroomtypes', '非星级酒店房型', NULL, NULL, 'Nonstarroomtypes', 'crud', 'element-plus', 'com.ruoyi.hotel', 'hotel', 'nonstarroomtypes', '非星级酒店房型', 'ningf', '0', '/', '{\"parentMenuId\":2004}', 'admin', '2024-07-14 11:14:50', '', '2024-07-14 11:28:51', NULL);
INSERT INTO `gen_table` VALUES (51, 'nonstarhotelreviews', '非星级酒店评价', NULL, NULL, 'Nonstarhotelreviews', 'crud', 'element-plus', 'com.ruoyi.hotel', 'hotel', 'nonstarhotelreviews', '非星级酒店评价', 'ningf', '0', '/', '{\"parentMenuId\":2004}', 'admin', '2024-07-15 08:23:13', '', '2024-07-15 08:30:19', NULL);
INSERT INTO `gen_table` VALUES (53, 'starhotelreviews', '星级酒店评价', NULL, NULL, 'Starhotelreviews', 'crud', 'element-plus', 'com.ruoyi.hotel', 'hotel', 'starhotelreviews', '星级酒店评价', 'ningf', '0', '/', '{\"parentMenuId\":2003}', 'admin', '2024-07-15 08:23:13', '', '2024-07-15 08:27:12', NULL);
INSERT INTO `gen_table` VALUES (54, 'reviews', '餐饮娱乐评价', NULL, NULL, 'Reviews', 'crud', 'element-plus', 'com.ruoyi.entertainment', 'entertainment', 'reviews', '餐饮娱乐评价', 'ningf', '0', '/', '{\"parentMenuId\":2009}', 'admin', '2024-07-15 11:11:17', '', '2024-07-15 11:15:43', NULL);
INSERT INTO `gen_table` VALUES (55, 'complaints', '投诉信息', NULL, NULL, 'Complaints', 'crud', 'element-plus', 'com.ruoyi.complaint', 'complaint', 'complaints', '投诉信息', 'ningf', '0', '/', '{\"parentMenuId\":\"2000\"}', 'admin', '2024-07-15 13:45:24', '', '2024-07-15 13:50:08', NULL);
INSERT INTO `gen_table` VALUES (56, 'feedbackresults', '投诉处理反馈', NULL, NULL, 'Feedbackresults', 'crud', 'element-plus', 'com.ruoyi.complaint', 'complaint', 'feedbackresults', '投诉处理反馈信息', 'ningf', '0', '/', '{\"parentMenuId\":2000}', 'admin', '2024-07-15 13:45:24', '', '2024-07-15 13:49:54', NULL);
INSERT INTO `gen_table` VALUES (57, 'handlingresults', '投诉处理', NULL, NULL, 'Handlingresults', 'crud', 'element-plus', 'com.ruoyi.complaint', 'complaint', 'handlingresults', '投诉处理结果', 'ningf', '0', '/', '{\"parentMenuId\":2000}', 'admin', '2024-07-15 13:45:24', '', '2024-07-15 13:52:16', NULL);

-- ----------------------------
-- Table structure for gen_table_column
-- ----------------------------
DROP TABLE IF EXISTS `gen_table_column`;
CREATE TABLE `gen_table_column`  (
  `column_id` bigint NOT NULL AUTO_INCREMENT COMMENT '编号',
  `table_id` bigint NULL DEFAULT NULL COMMENT '归属表编号',
  `column_name` varchar(200) CHARACTER SET utf8mb4 COLLATE utf8mb4_0900_ai_ci NULL DEFAULT NULL COMMENT '列名称',
  `column_comment` varchar(500) CHARACTER SET utf8mb4 COLLATE utf8mb4_0900_ai_ci NULL DEFAULT NULL COMMENT '列描述',
  `column_type` varchar(100) CHARACTER SET utf8mb4 COLLATE utf8mb4_0900_ai_ci NULL DEFAULT NULL COMMENT '列类型',
  `java_type` varchar(500) CHARACTER SET utf8mb4 COLLATE utf8mb4_0900_ai_ci NULL DEFAULT NULL COMMENT 'JAVA类型',
  `java_field` varchar(200) CHARACTER SET utf8mb4 COLLATE utf8mb4_0900_ai_ci NULL DEFAULT NULL COMMENT 'JAVA字段名',
  `is_pk` char(1) CHARACTER SET utf8mb4 COLLATE utf8mb4_0900_ai_ci NULL DEFAULT NULL COMMENT '是否主键（1是）',
  `is_increment` char(1) CHARACTER SET utf8mb4 COLLATE utf8mb4_0900_ai_ci NULL DEFAULT NULL COMMENT '是否自增（1是）',
  `is_required` char(1) CHARACTER SET utf8mb4 COLLATE utf8mb4_0900_ai_ci NULL DEFAULT NULL COMMENT '是否必填（1是）',
  `is_insert` char(1) CHARACTER SET utf8mb4 COLLATE utf8mb4_0900_ai_ci NULL DEFAULT NULL COMMENT '是否为插入字段（1是）',
  `is_edit` char(1) CHARACTER SET utf8mb4 COLLATE utf8mb4_0900_ai_ci NULL DEFAULT NULL COMMENT '是否编辑字段（1是）',
  `is_list` char(1) CHARACTER SET utf8mb4 COLLATE utf8mb4_0900_ai_ci NULL DEFAULT NULL COMMENT '是否列表字段（1是）',
  `is_query` char(1) CHARACTER SET utf8mb4 COLLATE utf8mb4_0900_ai_ci NULL DEFAULT NULL COMMENT '是否查询字段（1是）',
  `query_type` varchar(200) CHARACTER SET utf8mb4 COLLATE utf8mb4_0900_ai_ci NULL DEFAULT 'EQ' COMMENT '查询方式（等于、不等于、大于、小于、范围）',
  `html_type` varchar(200) CHARACTER SET utf8mb4 COLLATE utf8mb4_0900_ai_ci NULL DEFAULT NULL COMMENT '显示类型（文本框、文本域、下拉框、复选框、单选框、日期控件）',
  `dict_type` varchar(200) CHARACTER SET utf8mb4 COLLATE utf8mb4_0900_ai_ci NULL DEFAULT '' COMMENT '字典类型',
  `sort` int NULL DEFAULT NULL COMMENT '排序',
  `create_by` varchar(64) CHARACTER SET utf8mb4 COLLATE utf8mb4_0900_ai_ci NULL DEFAULT '' COMMENT '创建者',
  `create_time` datetime NULL DEFAULT NULL COMMENT '创建时间',
  `update_by` varchar(64) CHARACTER SET utf8mb4 COLLATE utf8mb4_0900_ai_ci NULL DEFAULT '' COMMENT '更新者',
  `update_time` datetime NULL DEFAULT NULL COMMENT '更新时间',
  PRIMARY KEY (`column_id`) USING BTREE
) ENGINE = InnoDB AUTO_INCREMENT = 346 CHARACTER SET = utf8mb4 COLLATE = utf8mb4_0900_ai_ci COMMENT = '代码生成业务表字段' ROW_FORMAT = Dynamic;

-- ----------------------------
-- Records of gen_table_column
-- ----------------------------
INSERT INTO `gen_table_column` VALUES (122, 24, 'id', '景点id', 'bigint', 'Long', 'id', '1', '0', NULL, '0', NULL, NULL, NULL, 'EQ', 'input', '', 1, 'admin', '2024-07-05 23:59:26', '', '2024-07-06 15:30:45');
INSERT INTO `gen_table_column` VALUES (123, 24, 'scenic_area_id', '景区id', 'int', 'Long', 'scenicAreaId', '0', '0', NULL, '1', '1', '1', '0', 'EQ', 'input', '', 2, 'admin', '2024-07-05 23:59:26', '', '2024-07-06 15:30:45');
INSERT INTO `gen_table_column` VALUES (124, 24, 'address', '地址', 'varchar(255)', 'String', 'address', '0', '0', '1', '1', '1', '1', '1', 'EQ', 'input', '', 3, 'admin', '2024-07-05 23:59:26', '', '2024-07-06 15:30:45');
INSERT INTO `gen_table_column` VALUES (125, 24, 'name', '景点名称', 'varchar(50)', 'String', 'name', '0', '0', NULL, '1', '1', '1', '1', 'LIKE', 'input', '', 4, 'admin', '2024-07-05 23:59:26', '', '2024-07-06 15:30:45');
INSERT INTO `gen_table_column` VALUES (132, 26, 'id', '餐饮娱乐id', 'int', 'Long', 'id', '1', '1', NULL, '0', NULL, NULL, NULL, 'EQ', 'input', '', 1, 'admin', '2024-07-08 15:26:06', '', '2024-07-08 16:32:58');
INSERT INTO `gen_table_column` VALUES (133, 26, 'type', '类型', 'varchar(50)', 'String', 'type', '0', '0', '1', '1', '1', '1', '1', 'LIKE', 'select', '', 2, 'admin', '2024-07-08 15:26:06', '', '2024-07-08 16:32:58');
INSERT INTO `gen_table_column` VALUES (134, 26, 'name', '名称', 'varchar(255)', 'String', 'name', '0', '0', '1', '1', '1', '1', '1', 'LIKE', 'input', '', 3, 'admin', '2024-07-08 15:26:06', '', '2024-07-08 16:32:58');
INSERT INTO `gen_table_column` VALUES (135, 26, 'opening_time', '开店时间', 'time', 'String', 'openingTime', '0', '0', NULL, '1', '1', '1', '0', 'EQ', 'input', '', 4, 'admin', '2024-07-08 15:26:06', '', '2024-07-08 16:32:58');
INSERT INTO `gen_table_column` VALUES (136, 26, 'address', '地址', 'varchar(255)', 'String', 'address', '0', '0', '1', '1', '1', '1', '1', 'LIKE', 'input', '', 5, 'admin', '2024-07-08 15:26:06', '', '2024-07-08 16:32:58');
INSERT INTO `gen_table_column` VALUES (137, 26, 'closing_time', '打烊时间', 'time', 'String', 'closingTime', '0', '0', NULL, '1', '1', '1', '0', 'EQ', 'input', '', 6, 'admin', '2024-07-08 15:26:06', '', '2024-07-08 16:32:58');
INSERT INTO `gen_table_column` VALUES (138, 26, 'pic_url', '附图', 'varchar(255)', 'String', 'picUrl', '0', '0', NULL, '1', '1', '1', '0', 'EQ', 'imageUpload', '', 7, 'admin', '2024-07-08 15:26:06', '', '2024-07-08 16:32:58');
INSERT INTO `gen_table_column` VALUES (139, 27, 'id', '演出团体id', 'int', 'Long', 'id', '1', '1', NULL, '0', NULL, NULL, NULL, 'EQ', 'input', '', 1, 'admin', '2024-07-08 21:06:44', '', '2024-07-08 21:15:06');
INSERT INTO `gen_table_column` VALUES (140, 27, 'name', '团体名称', 'varchar(255)', 'String', 'name', '0', '0', '1', '1', '1', '1', '1', 'LIKE', 'input', '', 2, 'admin', '2024-07-08 21:06:44', '', '2024-07-08 21:15:06');
INSERT INTO `gen_table_column` VALUES (141, 27, 'start_time', '开始时间', 'datetime', 'Date', 'startTime', '0', '0', '1', '1', '1', '1', '0', 'EQ', 'datetime', '', 3, 'admin', '2024-07-08 21:06:44', '', '2024-07-08 21:15:06');
INSERT INTO `gen_table_column` VALUES (142, 27, 'duration', '演出单场时间', 'int', 'Long', 'duration', '0', '0', '1', '1', '1', '1', '0', 'EQ', 'input', '', 4, 'admin', '2024-07-08 21:06:44', '', '2024-07-08 21:15:06');
INSERT INTO `gen_table_column` VALUES (143, 27, 'venue', '演出场地', 'varchar(255)', 'String', 'venue', '0', '0', '1', '1', '1', '1', '1', 'LIKE', 'input', '', 5, 'admin', '2024-07-08 21:06:44', '', '2024-07-08 21:15:06');
INSERT INTO `gen_table_column` VALUES (144, 27, 'capacity', '容量', 'int', 'Long', 'capacity', '0', '0', '1', '1', '1', '1', '0', 'EQ', 'input', '', 6, 'admin', '2024-07-08 21:06:44', '', '2024-07-08 21:15:06');
INSERT INTO `gen_table_column` VALUES (145, 27, 'price', '票价', 'decimal(10,2)', 'BigDecimal', 'price', '0', '0', '1', '1', '1', '1', '0', 'EQ', 'input', '', 7, 'admin', '2024-07-08 21:06:44', '', '2024-07-08 21:15:06');
INSERT INTO `gen_table_column` VALUES (146, 27, 'pic_url', '图片', 'varchar(255)', 'String', 'picUrl', '0', '0', NULL, '1', '1', '1', '0', 'EQ', 'imageUpload', '', 8, 'admin', '2024-07-08 21:06:44', '', '2024-07-08 21:15:06');
INSERT INTO `gen_table_column` VALUES (147, 28, 'id', '餐饮id', 'int', 'Long', 'id', '1', '1', NULL, '0', NULL, NULL, NULL, 'EQ', 'input', '', 1, 'admin', '2024-07-09 16:05:18', '', '2024-07-09 19:16:59');
INSERT INTO `gen_table_column` VALUES (148, 28, 'name', '名称', 'varchar(255)', 'String', 'name', '0', '0', '1', '0', '0', '1', '0', 'LIKE', 'input', '', 2, 'admin', '2024-07-09 16:05:18', '', '2024-07-09 19:16:59');
INSERT INTO `gen_table_column` VALUES (149, 28, 'opening_time', '开店时间', 'time', 'String', 'openingTime', '0', '0', '0', '0', '0', '0', '0', 'LIKE', 'input', '', 3, 'admin', '2024-07-09 16:05:18', '', '2024-07-09 19:16:59');
INSERT INTO `gen_table_column` VALUES (150, 28, 'address', '地址', 'varchar(255)', 'String', 'address', '0', '0', '0', '0', '0', '0', '0', 'EQ', 'input', '', 4, 'admin', '2024-07-09 16:05:18', '', '2024-07-09 19:16:59');
INSERT INTO `gen_table_column` VALUES (151, 28, 'closing_time', '打烊时间', 'time', 'String', 'closingTime', '0', '0', '0', '0', '0', '0', '0', 'LIKE', 'input', '', 5, 'admin', '2024-07-09 16:05:18', '', '2024-07-09 19:16:59');
INSERT INTO `gen_table_column` VALUES (152, 28, 'pic_url', '附图', 'varchar(255)', 'String', 'picUrl', '0', '0', NULL, '0', '0', '0', '0', 'EQ', 'imageUpload', '', 6, 'admin', '2024-07-09 16:05:18', '', '2024-07-09 19:16:59');
INSERT INTO `gen_table_column` VALUES (153, 28, 'score', '评分', 'float', 'Long', 'score', '0', '0', NULL, '0', '0', '1', '0', 'EQ', 'input', '', 7, 'admin', '2024-07-09 16:05:18', '', '2024-07-09 19:16:59');
INSERT INTO `gen_table_column` VALUES (154, 29, 'id', '娱乐id', 'int', 'Long', 'id', '1', '1', NULL, '0', NULL, NULL, NULL, 'EQ', 'input', '', 1, 'admin', '2024-07-09 16:05:18', '', '2024-07-09 16:43:38');
INSERT INTO `gen_table_column` VALUES (155, 29, 'name', '名称', 'varchar(50)', 'String', 'name', '0', '0', '1', '0', '0', '1', '0', 'LIKE', 'input', '', 2, 'admin', '2024-07-09 16:05:18', '', '2024-07-09 16:43:38');
INSERT INTO `gen_table_column` VALUES (156, 29, 'opening_time', '开店时间', 'time', 'String', 'openingTime', '0', '0', NULL, '0', '0', '0', '0', 'EQ', 'input', '', 3, 'admin', '2024-07-09 16:05:18', '', '2024-07-09 16:43:38');
INSERT INTO `gen_table_column` VALUES (157, 29, 'address', '地址', 'varchar(50)', 'String', 'address', '0', '0', '0', '0', '0', '0', '0', 'LIKE', 'input', '', 4, 'admin', '2024-07-09 16:05:18', '', '2024-07-09 16:43:38');
INSERT INTO `gen_table_column` VALUES (158, 29, 'closing_time', '打烊时间', 'time', 'String', 'closingTime', '0', '0', NULL, '0', '0', '0', '0', 'EQ', 'input', '', 5, 'admin', '2024-07-09 16:05:18', '', '2024-07-09 16:43:38');
INSERT INTO `gen_table_column` VALUES (159, 29, 'pic_url', '附图', 'varchar(255)', 'String', 'picUrl', '0', '0', NULL, '0', '0', '0', '0', 'EQ', 'imageUpload', '', 6, 'admin', '2024-07-09 16:05:18', '', '2024-07-09 16:43:38');
INSERT INTO `gen_table_column` VALUES (160, 29, 'score', '评分', 'float', 'Long', 'score', '0', '0', NULL, '0', '0', '1', '0', 'EQ', 'input', '', 7, 'admin', '2024-07-09 16:05:18', '', '2024-07-09 16:43:38');
INSERT INTO `gen_table_column` VALUES (161, 30, 'id', '景区id', 'int', 'Long', 'id', '1', '1', NULL, '0', NULL, NULL, NULL, 'EQ', 'input', '', 1, 'admin', '2024-07-10 08:32:00', '', '2024-07-10 08:44:00');
INSERT INTO `gen_table_column` VALUES (162, 30, 'city', '城市', 'varchar(255)', 'String', 'city', '0', '0', '1', '0', '0', '0', '0', 'LIKE', 'input', '', 2, 'admin', '2024-07-10 08:32:00', '', '2024-07-10 08:44:00');
INSERT INTO `gen_table_column` VALUES (163, 30, 'name', '名称', 'varchar(255)', 'String', 'name', '0', '0', '1', '0', '0', '1', '0', 'LIKE', 'input', '', 3, 'admin', '2024-07-10 08:32:00', '', '2024-07-10 08:44:00');
INSERT INTO `gen_table_column` VALUES (164, 30, 'address', '地址', 'varchar(255)', 'String', 'address', '0', '0', '1', '0', '0', '0', '0', 'LIKE', 'input', '', 4, 'admin', '2024-07-10 08:32:00', '', '2024-07-10 08:44:00');
INSERT INTO `gen_table_column` VALUES (165, 30, 'pic_url', '图片', 'varchar(255)', 'String', 'picUrl', '0', '0', NULL, '0', '0', '0', '0', 'EQ', 'imageUpload', '', 5, 'admin', '2024-07-10 08:32:00', '', '2024-07-10 08:44:00');
INSERT INTO `gen_table_column` VALUES (166, 30, 'score', '评分', 'int', 'Long', 'score', '0', '0', NULL, '0', '0', '1', '0', 'EQ', 'input', '', 6, 'admin', '2024-07-10 08:32:00', '', '2024-07-10 08:44:00');
INSERT INTO `gen_table_column` VALUES (196, 35, 'id', '星级酒店营销id', 'int', 'Long', 'id', '1', '1', NULL, '0', NULL, NULL, NULL, 'EQ', 'input', '', 1, 'admin', '2024-07-10 13:56:49', '', '2024-07-10 14:27:41');
INSERT INTO `gen_table_column` VALUES (197, 35, 'hotel_id', '酒店id', 'int', 'Long', 'hotelId', '0', '0', '1', '1', '1', '1', '1', 'EQ', 'input', '', 2, 'admin', '2024-07-10 13:56:49', '', '2024-07-10 14:27:41');
INSERT INTO `gen_table_column` VALUES (198, 35, 'room_type_id', '房型id', 'int', 'Long', 'roomTypeId', '0', '0', '1', '1', '1', '1', '1', 'EQ', 'input', '', 3, 'admin', '2024-07-10 13:56:49', '', '2024-07-10 14:27:41');
INSERT INTO `gen_table_column` VALUES (199, 35, 'total_sales', '总销量', 'int', 'Long', 'totalSales', '0', '0', NULL, '1', '1', '1', '0', 'EQ', 'input', '', 4, 'admin', '2024-07-10 13:56:49', '', '2024-07-10 14:27:41');
INSERT INTO `gen_table_column` VALUES (207, 37, 'id', '酒店id', 'int', 'Long', 'id', '1', '1', NULL, '0', NULL, NULL, NULL, 'EQ', 'input', '', 1, 'admin', '2024-07-11 09:04:14', '', '2024-07-11 09:06:28');
INSERT INTO `gen_table_column` VALUES (208, 37, 'name', '酒店名称', 'varchar(255)', 'String', 'name', '0', '0', '1', '1', '1', '1', '1', 'LIKE', 'input', '', 2, 'admin', '2024-07-11 09:04:14', '', '2024-07-11 09:06:28');
INSERT INTO `gen_table_column` VALUES (209, 37, 'star_level', '星级', 'int', 'Long', 'starLevel', '0', '0', '1', '1', '1', '1', '0', 'EQ', 'input', '', 3, 'admin', '2024-07-11 09:04:14', '', '2024-07-11 09:06:28');
INSERT INTO `gen_table_column` VALUES (210, 37, 'min_price', '最低价', 'int', 'Long', 'minPrice', '0', '0', '1', '1', '1', '1', '0', 'EQ', 'input', '', 4, 'admin', '2024-07-11 09:04:14', '', '2024-07-11 09:06:28');
INSERT INTO `gen_table_column` VALUES (211, 37, 'total_quantity', '总剩余量', 'int', 'Long', 'totalQuantity', '0', '0', '1', '1', '1', '1', '0', 'EQ', 'input', '', 5, 'admin', '2024-07-11 09:04:14', '', '2024-07-11 09:06:28');
INSERT INTO `gen_table_column` VALUES (212, 37, 'address', '地址', 'varchar(255)', 'String', 'address', '0', '0', '1', '1', '1', '1', '1', 'LIKE', 'input', '', 6, 'admin', '2024-07-11 09:04:14', '', '2024-07-11 09:06:28');
INSERT INTO `gen_table_column` VALUES (213, 37, 'image_url', '图片', 'varchar(255)', 'String', 'imageUrl', '0', '0', '1', '1', '1', '1', '0', 'EQ', 'imageUpload', '', 7, 'admin', '2024-07-11 09:04:14', '', '2024-07-11 09:06:28');
INSERT INTO `gen_table_column` VALUES (214, 37, 'owner_id', '所属人id', 'int', 'Long', 'ownerId', '0', '0', NULL, '1', '1', '1', '0', 'EQ', 'input', '', 8, 'admin', '2024-07-11 09:04:14', '', '2024-07-11 09:06:28');
INSERT INTO `gen_table_column` VALUES (215, 38, 'id', '星级酒店预定id', 'int', 'Long', 'id', '1', '1', NULL, '0', NULL, NULL, NULL, 'EQ', 'input', '', 1, 'admin', '2024-07-11 14:04:49', '', '2024-07-11 14:09:27');
INSERT INTO `gen_table_column` VALUES (216, 38, 'hotel_id', '酒店id', 'int', 'Long', 'hotelId', '0', '0', '1', '1', '1', '1', '1', 'EQ', 'input', '', 2, 'admin', '2024-07-11 14:04:49', '', '2024-07-11 14:09:27');
INSERT INTO `gen_table_column` VALUES (217, 38, 'room_type_id', '房型id', 'int', 'Long', 'roomTypeId', '0', '0', '1', '1', '1', '1', '1', 'EQ', 'input', '', 3, 'admin', '2024-07-11 14:04:49', '', '2024-07-11 14:09:27');
INSERT INTO `gen_table_column` VALUES (218, 38, 'guest_id', '预约人id', 'bigint', 'Long', 'guestId', '0', '0', '1', '1', '1', '1', '1', 'EQ', 'input', '', 4, 'admin', '2024-07-11 14:04:49', '', '2024-07-11 14:09:27');
INSERT INTO `gen_table_column` VALUES (219, 38, 'contact_number', '联系方式', 'varchar(20)', 'String', 'contactNumber', '0', '0', NULL, '1', '1', '1', '0', 'EQ', 'input', '', 5, 'admin', '2024-07-11 14:04:49', '', '2024-07-11 14:09:27');
INSERT INTO `gen_table_column` VALUES (220, 38, 'recorded', '是否确认', 'tinyint(1)', 'Integer', 'recorded', '0', '0', NULL, '1', '1', '1', '1', 'EQ', 'input', '', 6, 'admin', '2024-07-11 14:04:49', '', '2024-07-11 14:09:27');
INSERT INTO `gen_table_column` VALUES (221, 38, 'check_in_time', '开房时间', 'datetime', 'Date', 'checkInTime', '0', '0', NULL, '1', '1', '1', '0', 'EQ', 'datetime', '', 7, 'admin', '2024-07-11 14:04:49', '', '2024-07-11 14:09:27');
INSERT INTO `gen_table_column` VALUES (222, 38, 'check_out_time', '退房时间', 'datetime', 'Date', 'checkOutTime', '0', '0', NULL, '1', '1', '1', '0', 'EQ', 'datetime', '', 8, 'admin', '2024-07-11 14:04:49', '', '2024-07-11 14:09:27');
INSERT INTO `gen_table_column` VALUES (223, 38, 'guest_name', '住客姓名', 'varchar(255)', 'String', 'guestName', '0', '0', NULL, '1', '1', '1', '1', 'LIKE', 'input', '', 9, 'admin', '2024-07-11 14:04:49', '', '2024-07-11 14:09:27');
INSERT INTO `gen_table_column` VALUES (224, 38, 'owner_id', '所有人id', 'int', 'Long', 'ownerId', '0', '0', NULL, '1', '1', '1', '0', 'EQ', 'input', '', 10, 'admin', '2024-07-11 14:04:49', '', '2024-07-11 14:09:27');
INSERT INTO `gen_table_column` VALUES (225, 39, 'id', '房型id', 'int', 'Long', 'id', '1', '1', NULL, '0', NULL, NULL, NULL, 'EQ', 'input', '', 1, 'admin', '2024-07-11 14:04:49', '', '2024-07-12 09:13:32');
INSERT INTO `gen_table_column` VALUES (226, 39, 'hotel_id', '酒店id', 'int', 'Long', 'hotelId', '0', '0', NULL, '1', '1', '1', '0', 'EQ', 'input', '', 2, 'admin', '2024-07-11 14:04:49', '', '2024-07-12 09:13:32');
INSERT INTO `gen_table_column` VALUES (227, 39, 'name', '房型名称', 'varchar(255)', 'String', 'name', '0', '0', '1', '1', '1', '1', '1', 'LIKE', 'input', '', 3, 'admin', '2024-07-11 14:04:49', '', '2024-07-12 09:13:32');
INSERT INTO `gen_table_column` VALUES (228, 39, 'price', '价格', 'int', 'Long', 'price', '0', '0', '1', '1', '1', '1', '0', 'EQ', 'input', '', 4, 'admin', '2024-07-11 14:04:49', '', '2024-07-12 09:13:32');
INSERT INTO `gen_table_column` VALUES (229, 39, 'quantity', '剩余量', 'int', 'Long', 'quantity', '0', '0', '1', '1', '1', '1', '0', 'EQ', 'input', '', 5, 'admin', '2024-07-11 14:04:49', '', '2024-07-12 09:13:32');
INSERT INTO `gen_table_column` VALUES (230, 39, 'sales', '销量', 'int', 'Long', 'sales', '0', '0', NULL, '1', '1', '1', '0', 'EQ', 'input', '', 6, 'admin', '2024-07-11 14:04:49', '', '2024-07-12 09:13:32');
INSERT INTO `gen_table_column` VALUES (231, 39, 'imageUrl', '图片', 'varchar(255)', 'String', 'imageUrl', '0', '0', '1', '1', '1', '1', '0', 'EQ', 'imageUpload', '', 7, 'admin', '2024-07-11 14:04:49', '', '2024-07-12 09:13:32');
INSERT INTO `gen_table_column` VALUES (232, 39, 'owner_id', '所有人id', 'int', 'Long', 'ownerId', '0', '0', NULL, '1', '1', '1', '0', 'EQ', 'input', '', 8, 'admin', '2024-07-11 14:04:49', '', '2024-07-12 09:13:32');
INSERT INTO `gen_table_column` VALUES (233, 40, 'id', '应急信息id', 'int', 'Long', 'id', '1', '1', NULL, '0', NULL, NULL, NULL, 'EQ', 'input', '', 1, 'admin', '2024-07-12 13:42:45', '', '2024-07-12 13:45:07');
INSERT INTO `gen_table_column` VALUES (234, 40, 'priority', '优先级', 'int', 'Long', 'priority', '0', '0', '1', '1', '1', '1', '0', 'EQ', 'input', '', 2, 'admin', '2024-07-12 13:42:45', '', '2024-07-12 13:45:07');
INSERT INTO `gen_table_column` VALUES (235, 40, 'validity', '截止日期', 'datetime', 'Date', 'validity', '0', '0', '1', '1', '1', '1', '0', 'EQ', 'datetime', '', 3, 'admin', '2024-07-12 13:42:45', '', '2024-07-12 13:45:07');
INSERT INTO `gen_table_column` VALUES (236, 40, 'content', '文本内容', 'varchar(255)', 'String', 'content', '0', '0', '1', '1', '1', '1', '1', 'EQ', 'editor', '', 4, 'admin', '2024-07-12 13:42:45', '', '2024-07-12 13:45:07');
INSERT INTO `gen_table_column` VALUES (237, 40, 'status', '状态', 'int', 'Long', 'status', '0', '0', '0', '1', '1', '1', '0', 'EQ', 'input', '', 5, 'admin', '2024-07-12 13:42:45', '', '2024-07-12 13:45:07');
INSERT INTO `gen_table_column` VALUES (271, 46, 'id', '预定信息id', 'int', 'Long', 'id', '1', '1', NULL, '0', NULL, NULL, NULL, 'EQ', 'input', '', 1, 'admin', '2024-07-14 11:14:50', '', '2024-07-14 11:17:32');
INSERT INTO `gen_table_column` VALUES (272, 46, 'hotel_id', '酒店id', 'int', 'Long', 'hotelId', '0', '0', '1', '1', '1', '1', '1', 'LIKE', 'input', '', 2, 'admin', '2024-07-14 11:14:50', '', '2024-07-14 11:17:32');
INSERT INTO `gen_table_column` VALUES (273, 46, 'room_type_id', '房型id', 'int', 'Long', 'roomTypeId', '0', '0', '1', '1', '1', '1', '1', 'LIKE', 'input', '', 3, 'admin', '2024-07-14 11:14:50', '', '2024-07-14 11:17:32');
INSERT INTO `gen_table_column` VALUES (274, 46, 'guest_id', '预定人id', 'bigint', 'Long', 'guestId', '0', '0', '1', '1', '1', '1', '1', 'LIKE', 'input', '', 4, 'admin', '2024-07-14 11:14:50', '', '2024-07-14 11:17:32');
INSERT INTO `gen_table_column` VALUES (275, 46, 'contact_number', '联系方式', 'varchar(20)', 'String', 'contactNumber', '0', '0', NULL, '1', '1', '1', '0', 'EQ', 'input', '', 5, 'admin', '2024-07-14 11:14:50', '', '2024-07-14 11:17:32');
INSERT INTO `gen_table_column` VALUES (276, 46, 'recorded', '是否确认', 'tinyint(1)', 'Integer', 'recorded', '0', '0', NULL, '1', '1', '1', '0', 'EQ', 'input', '', 6, 'admin', '2024-07-14 11:14:50', '', '2024-07-14 11:17:32');
INSERT INTO `gen_table_column` VALUES (277, 46, 'check_in_time', '入住时间', 'datetime', 'Date', 'checkInTime', '0', '0', NULL, '1', '1', '1', '0', 'EQ', 'datetime', '', 7, 'admin', '2024-07-14 11:14:50', '', '2024-07-14 11:17:32');
INSERT INTO `gen_table_column` VALUES (278, 46, 'check_out_time', '退房时间', 'datetime', 'Date', 'checkOutTime', '0', '0', NULL, '1', '1', '1', '0', 'EQ', 'datetime', '', 8, 'admin', '2024-07-14 11:14:50', '', '2024-07-14 11:17:32');
INSERT INTO `gen_table_column` VALUES (279, 46, 'guest_name', '住客名称', 'varchar(255)', 'String', 'guestName', '0', '0', NULL, '1', '1', '1', '1', 'LIKE', 'input', '', 9, 'admin', '2024-07-14 11:14:50', '', '2024-07-14 11:17:33');
INSERT INTO `gen_table_column` VALUES (280, 46, 'owner_id', '所有人id', 'bigint', 'Long', 'ownerId', '0', '0', NULL, '1', '1', '1', '0', 'EQ', 'input', '', 10, 'admin', '2024-07-14 11:14:50', '', '2024-07-14 11:17:33');
INSERT INTO `gen_table_column` VALUES (288, 48, 'id', '非星级酒店id', 'int', 'Long', 'id', '1', '1', NULL, '0', NULL, NULL, NULL, 'EQ', 'input', '', 1, 'admin', '2024-07-14 11:14:50', '', '2024-07-14 11:26:13');
INSERT INTO `gen_table_column` VALUES (289, 48, 'name', '酒店名称', 'varchar(255)', 'String', 'name', '0', '0', '1', '1', '1', '1', '1', 'LIKE', 'input', '', 2, 'admin', '2024-07-14 11:14:50', '', '2024-07-14 11:26:13');
INSERT INTO `gen_table_column` VALUES (290, 48, 'min_price', '最低价', 'int', 'Long', 'minPrice', '0', '0', '1', '1', '1', '1', '0', 'EQ', 'input', '', 3, 'admin', '2024-07-14 11:14:50', '', '2024-07-14 11:26:13');
INSERT INTO `gen_table_column` VALUES (291, 48, 'total_quantity', '总剩余量', 'int', 'Long', 'totalQuantity', '0', '0', '1', '1', '1', '1', '0', 'EQ', 'input', '', 4, 'admin', '2024-07-14 11:14:50', '', '2024-07-14 11:26:13');
INSERT INTO `gen_table_column` VALUES (292, 48, 'address', '地址', 'varchar(255)', 'String', 'address', '0', '0', '1', '1', '1', '1', '0', 'EQ', 'input', '', 5, 'admin', '2024-07-14 11:14:50', '', '2024-07-14 11:26:13');
INSERT INTO `gen_table_column` VALUES (293, 48, 'image_url', '图片', 'varchar(255)', 'String', 'imageUrl', '0', '0', NULL, '1', '1', '1', '0', 'EQ', 'imageUpload', '', 6, 'admin', '2024-07-14 11:14:50', '', '2024-07-14 11:26:13');
INSERT INTO `gen_table_column` VALUES (294, 48, 'owner_id', '所有人id', 'bigint', 'Long', 'ownerId', '0', '0', NULL, '1', '1', '1', '0', 'EQ', 'input', '', 7, 'admin', '2024-07-14 11:14:50', '', '2024-07-14 11:26:13');
INSERT INTO `gen_table_column` VALUES (295, 49, 'id', '营销记录id', 'int', 'Long', 'id', '1', '1', NULL, '0', NULL, NULL, NULL, 'EQ', 'input', '', 1, 'admin', '2024-07-14 11:14:50', '', '2024-07-14 11:27:19');
INSERT INTO `gen_table_column` VALUES (296, 49, 'hotel_id', '酒店id', 'int', 'Long', 'hotelId', '0', '0', '1', '1', '1', '1', '1', 'LIKE', 'input', '', 2, 'admin', '2024-07-14 11:14:50', '', '2024-07-14 11:27:19');
INSERT INTO `gen_table_column` VALUES (297, 49, 'room_type_id', '房型id', 'int', 'Long', 'roomTypeId', '0', '0', '1', '1', '1', '1', '1', 'LIKE', 'input', '', 3, 'admin', '2024-07-14 11:14:50', '', '2024-07-14 11:27:19');
INSERT INTO `gen_table_column` VALUES (298, 49, 'total_sales', '总销量', 'int', 'Long', 'totalSales', '0', '0', NULL, '1', '1', '1', '0', 'EQ', 'input', '', 4, 'admin', '2024-07-14 11:14:50', '', '2024-07-14 11:27:19');
INSERT INTO `gen_table_column` VALUES (299, 50, 'id', '房型id', 'int', 'Long', 'id', '1', '1', NULL, '0', NULL, NULL, NULL, 'EQ', 'input', '', 1, 'admin', '2024-07-14 11:14:50', '', '2024-07-14 11:28:51');
INSERT INTO `gen_table_column` VALUES (300, 50, 'hotel_id', '酒店id', 'int', 'Long', 'hotelId', '0', '0', NULL, '1', '1', '1', '1', 'LIKE', 'input', '', 2, 'admin', '2024-07-14 11:14:50', '', '2024-07-14 11:28:51');
INSERT INTO `gen_table_column` VALUES (301, 50, 'name', '房型名称', 'varchar(255)', 'String', 'name', '0', '0', '1', '1', '1', '1', '1', 'LIKE', 'input', '', 3, 'admin', '2024-07-14 11:14:50', '', '2024-07-14 11:28:51');
INSERT INTO `gen_table_column` VALUES (302, 50, 'price', '价格', 'int', 'Long', 'price', '0', '0', '1', '1', '1', '1', '0', 'EQ', 'input', '', 4, 'admin', '2024-07-14 11:14:50', '', '2024-07-14 11:28:51');
INSERT INTO `gen_table_column` VALUES (303, 50, 'quantity', '剩余量', 'int', 'Long', 'quantity', '0', '0', '1', '1', '1', '1', '0', 'EQ', 'input', '', 5, 'admin', '2024-07-14 11:14:50', '', '2024-07-14 11:28:51');
INSERT INTO `gen_table_column` VALUES (304, 50, 'sales', '销量', 'int', 'Long', 'sales', '0', '0', NULL, '1', '1', '1', '0', 'EQ', 'input', '', 6, 'admin', '2024-07-14 11:14:50', '', '2024-07-14 11:28:51');
INSERT INTO `gen_table_column` VALUES (305, 50, 'imageUrl', '图片', 'varchar(255)', 'String', 'imageUrl', '0', '0', NULL, '1', '1', '1', '0', 'EQ', 'input', '', 7, 'admin', '2024-07-14 11:14:50', '', '2024-07-14 11:28:51');
INSERT INTO `gen_table_column` VALUES (306, 50, 'owner_id', '所有人id', 'bigint', 'Long', 'ownerId', '0', '0', NULL, '1', '1', '1', '0', 'EQ', 'input', '', 8, 'admin', '2024-07-14 11:14:50', '', '2024-07-14 11:28:51');
INSERT INTO `gen_table_column` VALUES (307, 51, 'id', '评价id', 'int', 'Long', 'id', '1', '1', NULL, '0', NULL, NULL, NULL, 'EQ', 'input', '', 1, 'admin', '2024-07-15 08:23:13', '', '2024-07-15 08:30:19');
INSERT INTO `gen_table_column` VALUES (308, 51, 'hotel_id', '酒店id', 'int', 'Long', 'hotelId', '0', '0', '1', '1', '1', '1', '1', 'EQ', 'input', '', 2, 'admin', '2024-07-15 08:23:13', '', '2024-07-15 08:30:19');
INSERT INTO `gen_table_column` VALUES (309, 51, 'content', '内容', 'varchar(255)', 'String', 'content', '0', '0', '1', '1', '1', '1', '1', 'LIKE', 'editor', '', 3, 'admin', '2024-07-15 08:23:13', '', '2024-07-15 08:30:19');
INSERT INTO `gen_table_column` VALUES (310, 51, 'guest_id', '评价人id', 'bigint', 'Long', 'guestId', '0', '0', '1', '1', '1', '1', '1', 'EQ', 'input', '', 4, 'admin', '2024-07-15 08:23:13', '', '2024-07-15 08:30:19');
INSERT INTO `gen_table_column` VALUES (311, 51, 'rating', '评分', 'int', 'Long', 'rating', '0', '0', '1', '1', '1', '1', '1', 'EQ', 'input', '', 5, 'admin', '2024-07-15 08:23:13', '', '2024-07-15 08:30:19');
INSERT INTO `gen_table_column` VALUES (312, 51, 'room_type_id', '房型id', 'int', 'Long', 'roomTypeId', '0', '0', '0', '1', '1', '1', '0', 'EQ', 'input', '', 6, 'admin', '2024-07-15 08:23:13', '', '2024-07-15 08:30:19');
INSERT INTO `gen_table_column` VALUES (313, 51, 'review_date', '评价时间', 'datetime', 'Date', 'reviewDate', '0', '0', NULL, '1', '1', '1', '0', 'EQ', 'datetime', '', 7, 'admin', '2024-07-15 08:23:13', '', '2024-07-15 08:30:19');
INSERT INTO `gen_table_column` VALUES (320, 53, 'id', '评价id', 'int', 'Long', 'id', '1', '1', NULL, '0', NULL, NULL, NULL, 'EQ', 'input', '', 1, 'admin', '2024-07-15 08:23:13', '', '2024-07-15 08:27:12');
INSERT INTO `gen_table_column` VALUES (321, 53, 'hotel_id', '酒店id', 'int', 'Long', 'hotelId', '0', '0', '1', '1', '1', '1', '1', 'EQ', 'input', '', 2, 'admin', '2024-07-15 08:23:13', '', '2024-07-15 08:27:12');
INSERT INTO `gen_table_column` VALUES (322, 53, 'content', '内容', 'varchar(255)', 'String', 'content', '0', '0', '1', '1', '1', '1', '1', 'LIKE', 'editor', '', 3, 'admin', '2024-07-15 08:23:13', '', '2024-07-15 08:27:12');
INSERT INTO `gen_table_column` VALUES (323, 53, 'guest_id', '评价人id', 'bigint', 'Long', 'guestId', '0', '0', '1', '1', '1', '1', '1', 'EQ', 'input', '', 4, 'admin', '2024-07-15 08:23:13', '', '2024-07-15 08:27:12');
INSERT INTO `gen_table_column` VALUES (324, 53, 'rating', '评分', 'int', 'Long', 'rating', '0', '0', '1', '1', '1', '1', '1', 'EQ', 'input', '', 5, 'admin', '2024-07-15 08:23:13', '', '2024-07-15 08:27:12');
INSERT INTO `gen_table_column` VALUES (325, 53, 'room_type_id', '房型', 'int', 'Long', 'roomTypeId', '0', '0', NULL, '1', '1', '1', '0', 'EQ', 'input', '', 6, 'admin', '2024-07-15 08:23:13', '', '2024-07-15 08:27:12');
INSERT INTO `gen_table_column` VALUES (326, 53, 'review_date', '评价时间', 'datetime', 'Date', 'reviewDate', '0', '0', NULL, '1', '1', '1', '0', 'EQ', 'datetime', '', 7, 'admin', '2024-07-15 08:23:13', '', '2024-07-15 08:27:12');
INSERT INTO `gen_table_column` VALUES (327, 54, 'id', '评价id', 'int', 'Long', 'id', '1', '1', NULL, '0', NULL, NULL, NULL, 'EQ', 'input', '', 1, 'admin', '2024-07-15 11:11:17', '', '2024-07-15 11:15:43');
INSERT INTO `gen_table_column` VALUES (328, 54, 'dining_entertainment_id', '餐饮娱乐id', 'int', 'Long', 'diningEntertainmentId', '0', '0', '1', '1', '1', '1', '1', 'EQ', 'input', '', 2, 'admin', '2024-07-15 11:11:17', '', '2024-07-15 11:15:43');
INSERT INTO `gen_table_column` VALUES (329, 54, 'content', '内容', 'varchar(255)', 'String', 'content', '0', '0', '1', '1', '1', '1', '1', 'LIKE', 'editor', '', 3, 'admin', '2024-07-15 11:11:17', '', '2024-07-15 11:15:43');
INSERT INTO `gen_table_column` VALUES (330, 54, 'guest_name', '评价人', 'bigint', 'Long', 'guestName', '0', '0', '1', '1', '1', '1', '1', 'LIKE', 'input', '', 4, 'admin', '2024-07-15 11:11:17', '', '2024-07-15 11:15:43');
INSERT INTO `gen_table_column` VALUES (331, 54, 'rating', '评分', 'int', 'Long', 'rating', '0', '0', '1', '1', '1', '1', '0', 'EQ', 'input', '', 5, 'admin', '2024-07-15 11:11:17', '', '2024-07-15 11:15:43');
INSERT INTO `gen_table_column` VALUES (332, 55, 'id', '投诉id', 'int', 'Long', 'id', '1', '1', NULL, '0', NULL, NULL, NULL, 'EQ', 'input', '', 1, 'admin', '2024-07-15 13:45:24', '', '2024-07-15 13:50:08');
INSERT INTO `gen_table_column` VALUES (333, 55, 'content', '内容', 'text', 'String', 'content', '0', '0', '1', '1', '1', '1', '1', 'LIKE', 'editor', '', 2, 'admin', '2024-07-15 13:45:24', '', '2024-07-15 13:50:08');
INSERT INTO `gen_table_column` VALUES (334, 55, 'submit_time', '投诉时间', 'datetime', 'Date', 'submitTime', '0', '0', '1', '1', '1', '1', '0', 'EQ', 'datetime', '', 3, 'admin', '2024-07-15 13:45:24', '', '2024-07-15 13:50:08');
INSERT INTO `gen_table_column` VALUES (335, 55, 'status', '状态', 'enum(\'待审批\',\'已审批待处理\',\'已处理待确认\',\'已结案\')', 'String', 'status', '0', '0', '1', '1', '1', '1', '0', 'EQ', 'radio', '', 4, 'admin', '2024-07-15 13:45:24', '', '2024-07-15 13:50:08');
INSERT INTO `gen_table_column` VALUES (336, 55, 'user_id', '投诉人id', 'bigint', 'Long', 'userId', '0', '0', NULL, '1', '1', '1', '1', 'EQ', 'input', '', 5, 'admin', '2024-07-15 13:45:24', '', '2024-07-15 13:50:08');
INSERT INTO `gen_table_column` VALUES (337, 56, 'id', '反馈id', 'int', 'Long', 'id', '1', '1', NULL, '0', NULL, NULL, NULL, 'EQ', 'input', '', 1, 'admin', '2024-07-15 13:45:24', '', '2024-07-15 13:49:54');
INSERT INTO `gen_table_column` VALUES (338, 56, 'handle_result_id', '处理结果id', 'int', 'Long', 'handleResultId', '0', '0', '1', '1', '1', '1', '1', 'LIKE', 'input', '', 2, 'admin', '2024-07-15 13:45:24', '', '2024-07-15 13:49:54');
INSERT INTO `gen_table_column` VALUES (339, 56, 'rating', '评分', 'int', 'Long', 'rating', '0', '0', '1', '1', '1', '1', '0', 'EQ', 'input', '', 3, 'admin', '2024-07-15 13:45:24', '', '2024-07-15 13:49:54');
INSERT INTO `gen_table_column` VALUES (340, 57, 'id', '处理结果id', 'int', 'Long', 'id', '1', '1', NULL, '0', NULL, NULL, NULL, 'EQ', 'input', '', 1, 'admin', '2024-07-15 13:45:24', '', '2024-07-15 13:52:16');
INSERT INTO `gen_table_column` VALUES (341, 57, 'complaint_id', '投诉id', 'int', 'Long', 'complaintId', '0', '0', '1', '1', '1', '1', '0', 'EQ', 'input', '', 2, 'admin', '2024-07-15 13:45:24', '', '2024-07-15 13:52:16');
INSERT INTO `gen_table_column` VALUES (342, 57, 'result', '内容', 'text', 'String', 'result', '0', '0', '1', '1', '1', '1', '1', 'LIKE', 'textarea', '', 3, 'admin', '2024-07-15 13:45:24', '', '2024-07-15 13:52:16');
INSERT INTO `gen_table_column` VALUES (343, 57, 'handle_time', '处理时间', 'datetime', 'Date', 'handleTime', '0', '0', '1', '1', '1', '1', '0', 'EQ', 'datetime', '', 4, 'admin', '2024-07-15 13:45:24', '', '2024-07-15 13:52:16');
INSERT INTO `gen_table_column` VALUES (344, 57, 'handler_id', '处理人id', 'bigint', 'Long', 'handlerId', '0', '0', '1', '1', '1', '1', '1', 'EQ', 'input', '', 5, 'admin', '2024-07-15 13:45:24', '', '2024-07-15 13:52:16');
INSERT INTO `gen_table_column` VALUES (345, 57, 'pic_url', '图片', 'varchar(255)', 'String', 'picUrl', '0', '0', NULL, '1', '1', '1', '0', 'EQ', 'imageUpload', '', 6, 'admin', '2024-07-15 13:45:24', '', '2024-07-15 13:52:16');

-- ----------------------------
-- Table structure for handlingresults
-- ----------------------------
DROP TABLE IF EXISTS `handlingresults`;
CREATE TABLE `handlingresults`  (
  `id` int NOT NULL AUTO_INCREMENT,
  `complaint_id` int NOT NULL,
  `result` text CHARACTER SET utf8mb4 COLLATE utf8mb4_0900_ai_ci NULL,
  `handle_time` datetime NULL DEFAULT NULL,
  `handler_id` bigint NULL DEFAULT NULL,
  `pic_url` varchar(255) CHARACTER SET utf8mb4 COLLATE utf8mb4_0900_ai_ci NULL DEFAULT NULL,
  PRIMARY KEY (`id`) USING BTREE,
  INDEX `complaint_id`(`complaint_id` ASC) USING BTREE,
  INDEX `handler_id`(`handler_id` ASC) USING BTREE,
  CONSTRAINT `handler_id` FOREIGN KEY (`handler_id`) REFERENCES `sys_user` (`user_id`) ON DELETE CASCADE ON UPDATE CASCADE,
  CONSTRAINT `handlingresultid` FOREIGN KEY (`complaint_id`) REFERENCES `complaints` (`id`) ON DELETE CASCADE ON UPDATE CASCADE
) ENGINE = InnoDB AUTO_INCREMENT = 11 CHARACTER SET = utf8mb4 COLLATE = utf8mb4_0900_ai_ci ROW_FORMAT = DYNAMIC;

-- ----------------------------
-- Records of handlingresults
-- ----------------------------
INSERT INTO `handlingresults` VALUES (12, 2, '11125', '2024-07-18 00:00:00', 101, 'https://tourism-oss.oss-cn-beijing.aliyuncs.com/2024/07/16/20240716085129mdl.png.png');

-- ----------------------------
-- Table structure for nonstarbookings
-- ----------------------------
DROP TABLE IF EXISTS `nonstarbookings`;
CREATE TABLE `nonstarbookings`  (
  `id` int NOT NULL AUTO_INCREMENT,
  `hotel_id` int NOT NULL,
  `room_type_id` int NOT NULL,
  `guest_id` bigint NOT NULL,
  `contact_number` varchar(20) CHARACTER SET utf8mb4 COLLATE utf8mb4_0900_ai_ci NULL DEFAULT NULL,
  `recorded` tinyint(1) NULL DEFAULT NULL,
  `check_in_time` datetime NULL DEFAULT NULL,
  `check_out_time` datetime NULL DEFAULT NULL,
  `guest_name` varchar(255) CHARACTER SET utf8mb4 COLLATE utf8mb4_0900_ai_ci NULL DEFAULT NULL,
  `owner_id` bigint NULL DEFAULT NULL,
  PRIMARY KEY (`id`) USING BTREE,
  INDEX `hotel_id`(`hotel_id` ASC) USING BTREE,
  INDEX `room_type_id`(`room_type_id` ASC) USING BTREE,
  INDEX `guest_id`(`guest_id` ASC) USING BTREE,
  INDEX `nsb_owner_id`(`owner_id` ASC) USING BTREE,
  CONSTRAINT `nonstarbookings_ibfk_1` FOREIGN KEY (`hotel_id`) REFERENCES `nonstarhotels` (`id`) ON DELETE CASCADE ON UPDATE RESTRICT,
  CONSTRAINT `nonstarbookings_ibfk_2` FOREIGN KEY (`room_type_id`) REFERENCES `nonstarroomtypes` (`id`) ON DELETE CASCADE ON UPDATE RESTRICT,
  CONSTRAINT `nonstarbookings_ibfk_3` FOREIGN KEY (`guest_id`) REFERENCES `sys_user` (`user_id`) ON DELETE CASCADE ON UPDATE RESTRICT,
  CONSTRAINT `nsb_owner_id` FOREIGN KEY (`owner_id`) REFERENCES `sys_user` (`user_id`) ON DELETE RESTRICT ON UPDATE RESTRICT
) ENGINE = InnoDB AUTO_INCREMENT = 1 CHARACTER SET = utf8mb4 COLLATE = utf8mb4_0900_ai_ci ROW_FORMAT = Dynamic;

-- ----------------------------
-- Records of nonstarbookings
-- ----------------------------
INSERT INTO `nonstarbookings` VALUES (1, 16, 16, 1, '13311746345', 1, '2024-07-09 00:00:00', '2024-07-19 00:00:00', '11', 100);

-- ----------------------------
-- Table structure for nonstarhotelreviews
-- ----------------------------
DROP TABLE IF EXISTS `nonstarhotelreviews`;
CREATE TABLE `nonstarhotelreviews`  (
  `id` int NOT NULL AUTO_INCREMENT,
  `hotel_id` int NULL DEFAULT NULL,
  `content` varchar(255) CHARACTER SET utf8mb4 COLLATE utf8mb4_0900_ai_ci NOT NULL,
  `guest_id` bigint NOT NULL,
  `rating` int NOT NULL,
  `room_type_id` int NOT NULL,
  `review_date` datetime NULL DEFAULT NULL,
  PRIMARY KEY (`id`) USING BTREE,
  INDEX `hotel_id`(`hotel_id` ASC) USING BTREE,
  INDEX `room_type_id`(`room_type_id` ASC) USING BTREE,
  INDEX `guest_id`(`guest_id` ASC) USING BTREE,
  CONSTRAINT `nonstarhotelreviews_ibfk_1` FOREIGN KEY (`hotel_id`) REFERENCES `nonstarhotels` (`id`) ON DELETE CASCADE ON UPDATE RESTRICT,
  CONSTRAINT `nonstarhotelreviews_ibfk_2` FOREIGN KEY (`room_type_id`) REFERENCES `nonstarroomtypes` (`id`) ON DELETE CASCADE ON UPDATE RESTRICT,
  CONSTRAINT `nonstarhotelreviews_ibfk_3` FOREIGN KEY (`guest_id`) REFERENCES `sys_user` (`user_id`) ON DELETE RESTRICT ON UPDATE RESTRICT
) ENGINE = InnoDB AUTO_INCREMENT = 139 CHARACTER SET = utf8mb4 COLLATE = utf8mb4_0900_ai_ci ROW_FORMAT = DYNAMIC;

-- ----------------------------
-- Records of nonstarhotelreviews
-- ----------------------------
INSERT INTO `nonstarhotelreviews` VALUES (31, 16, '性价比高，住宿体验不错', 1, 82, 16, '2022-10-01 00:00:00');
INSERT INTO `nonstarhotelreviews` VALUES (32, 16, '地理位置方便，周边设施齐全', 2, 85, 16, '2022-10-02 00:00:00');
INSERT INTO `nonstarhotelreviews` VALUES (33, 16, '房间整洁，基本设施齐全', 1, 80, 16, '2022-10-03 00:00:00');
INSERT INTO `nonstarhotelreviews` VALUES (34, 16, '服务态度还可以，效率一般', 2, 78, 17, '2022-10-04 00:00:00');
INSERT INTO `nonstarhotelreviews` VALUES (35, 16, '早餐种类不多，但干净卫生', 1, 77, 16, '2022-10-05 00:00:00');
INSERT INTO `nonstarhotelreviews` VALUES (36, 16, '酒店环境一般，但比较安静', 2, 81, 17, '2022-10-06 00:00:00');
INSERT INTO `nonstarhotelreviews` VALUES (37, 16, '前台服务态度好，入住顺利', 1, 83, 17, '2022-10-07 00:00:00');
INSERT INTO `nonstarhotelreviews` VALUES (38, 16, '房间隔音一般，但可以接受', 2, 79, 17, '2022-10-08 00:00:00');
INSERT INTO `nonstarhotelreviews` VALUES (39, 16, '整体来说还行，适合短期住宿', 1, 82, 16, '2022-10-09 00:00:00');
INSERT INTO `nonstarhotelreviews` VALUES (40, 16, '性价比不错，符合预期', 2, 84, 17, '2022-10-10 00:00:00');
INSERT INTO `nonstarhotelreviews` VALUES (41, 17, '酒店地理位置优越，出行非常方便', 1, 88, 18, '2022-10-11 00:00:00');
INSERT INTO `nonstarhotelreviews` VALUES (42, 17, '服务态度很好，员工很热情', 2, 90, 22, '2022-10-12 00:00:00');
INSERT INTO `nonstarhotelreviews` VALUES (43, 17, '房间干净整洁，设施齐全', 1, 87, 21, '2022-10-13 00:00:00');
INSERT INTO `nonstarhotelreviews` VALUES (44, 17, '早餐种类丰富，味道不错', 2, 89, 20, '2022-10-14 00:00:00');
INSERT INTO `nonstarhotelreviews` VALUES (45, 17, '前台服务效率高，入住体验好', 1, 86, 19, '2022-10-15 00:00:00');
INSERT INTO `nonstarhotelreviews` VALUES (46, 17, '酒店环境优美，很适合度假', 2, 91, 18, '2022-10-16 00:00:00');
INSERT INTO `nonstarhotelreviews` VALUES (47, 17, '性价比高，值得再次入住', 1, 85, 19, '2022-10-17 00:00:00');
INSERT INTO `nonstarhotelreviews` VALUES (48, 17, '房间隔音效果好，睡眠质量高', 2, 88, 20, '2022-10-18 00:00:00');
INSERT INTO `nonstarhotelreviews` VALUES (49, 17, '员工服务周到，解决问题及时', 1, 89, 21, '2022-10-19 00:00:00');
INSERT INTO `nonstarhotelreviews` VALUES (50, 17, '整体体验很棒，推荐入住', 2, 92, 22, '2022-10-20 00:00:00');
INSERT INTO `nonstarhotelreviews` VALUES (51, 18, '位置便利，周边设施齐全', 1, 84, 23, '2022-10-21 00:00:00');
INSERT INTO `nonstarhotelreviews` VALUES (52, 18, '房间舒适，但略显陈旧', 2, 82, 24, '2022-10-22 00:00:00');
INSERT INTO `nonstarhotelreviews` VALUES (53, 18, '服务态度友好，效率一般', 1, 83, 25, '2022-10-23 00:00:00');
INSERT INTO `nonstarhotelreviews` VALUES (54, 18, '早餐种类还可以，味道一般', 2, 81, 26, '2022-10-24 00:00:00');
INSERT INTO `nonstarhotelreviews` VALUES (55, 18, '性价比不错，适合商务出行', 1, 85, 27, '2022-10-25 00:00:00');
INSERT INTO `nonstarhotelreviews` VALUES (56, 18, '酒店环境安静，适合休息', 2, 86, 26, '2022-10-26 00:00:00');
INSERT INTO `nonstarhotelreviews` VALUES (57, 18, '前台服务态度好，入住顺利', 1, 84, 25, '2022-10-27 00:00:00');
INSERT INTO `nonstarhotelreviews` VALUES (58, 18, '房间隔音一般，但可以接受', 2, 82, 24, '2022-10-28 00:00:00');
INSERT INTO `nonstarhotelreviews` VALUES (59, 18, '整体体验还行，符合预期', 1, 83, 23, '2022-10-29 00:00:00');
INSERT INTO `nonstarhotelreviews` VALUES (60, 18, '设施基本齐全，满足日常需求', 2, 85, 24, '2022-10-30 00:00:00');
INSERT INTO `nonstarhotelreviews` VALUES (61, 19, '酒店位置很好，交通便利', 1, 91, 28, '2022-11-01 00:00:00');
INSERT INTO `nonstarhotelreviews` VALUES (62, 19, '服务态度优秀，体验愉快', 2, 93, 28, '2022-11-02 00:00:00');
INSERT INTO `nonstarhotelreviews` VALUES (63, 19, '房间宽敞明亮，设施现代化', 1, 90, 29, '2022-11-03 00:00:00');
INSERT INTO `nonstarhotelreviews` VALUES (64, 19, '早餐种类丰富，品质高', 2, 92, 29, '2022-11-04 00:00:00');
INSERT INTO `nonstarhotelreviews` VALUES (65, 19, '前台服务专业，效率很高', 1, 89, 30, '2022-11-05 00:00:00');
INSERT INTO `nonstarhotelreviews` VALUES (66, 19, '酒店环境优雅，很有格调', 2, 94, 30, '2022-11-06 00:00:00');
INSERT INTO `nonstarhotelreviews` VALUES (67, 19, '性价比高，绝对值得入住', 1, 88, 29, '2022-11-07 00:00:00');
INSERT INTO `nonstarhotelreviews` VALUES (68, 19, '房间隔音效果极佳', 2, 91, 29, '2022-11-08 00:00:00');
INSERT INTO `nonstarhotelreviews` VALUES (69, 19, '员工服务周到，问题解决迅速', 1, 92, 28, '2022-11-09 00:00:00');
INSERT INTO `nonstarhotelreviews` VALUES (70, 19, '整体体验卓越，强烈推荐', 2, 95, 28, '2022-11-10 00:00:00');
INSERT INTO `nonstarhotelreviews` VALUES (71, 20, '地理位置便利，但略显嘈杂', 1, 79, 31, '2022-11-11 00:00:00');
INSERT INTO `nonstarhotelreviews` VALUES (72, 20, '房间基本整洁，设施一般', 2, 81, 31, '2022-11-12 00:00:00');
INSERT INTO `nonstarhotelreviews` VALUES (73, 20, '服务态度还可以，但不够专业', 1, 78, 32, '2022-11-13 00:00:00');
INSERT INTO `nonstarhotelreviews` VALUES (74, 20, '早餐种类有限，味道一般', 2, 80, 32, '2022-11-14 00:00:00');
INSERT INTO `nonstarhotelreviews` VALUES (75, 20, '性价比一般，略显昂贵', 1, 77, 33, '2022-11-15 00:00:00');
INSERT INTO `nonstarhotelreviews` VALUES (76, 20, '酒店环境普通，没有特色', 2, 82, 33, '2022-11-16 00:00:00');
INSERT INTO `nonstarhotelreviews` VALUES (77, 20, '前台服务效率一般', 1, 79, 34, '2022-11-17 00:00:00');
INSERT INTO `nonstarhotelreviews` VALUES (78, 20, '房间隔音效果较差', 2, 78, 34, '2022-11-18 00:00:00');
INSERT INTO `nonstarhotelreviews` VALUES (79, 20, '整体体验一般，有待改进', 1, 80, 33, '2022-11-19 00:00:00');
INSERT INTO `nonstarhotelreviews` VALUES (80, 20, '设施略显陈旧，需要更新', 2, 81, 33, '2022-11-20 00:00:00');
INSERT INTO `nonstarhotelreviews` VALUES (81, 21, '这家酒店的地理位置非常优越,位于市中心,周边购物中心和餐厅林立,交通也十分便利。房间宽敞明亮,装修风格现代简约,床铺舒适度很高,睡眠质量不错。浴室干净整洁,提供优质的洗浴用品。早餐种类丰富,有中西式搭配,口味也不错。健身房设备齐全,泳池干净卫生。唯一美中不足的是房间隔音效果稍差,能听到走廊的声音。总的来说,这是一次愉快的住宿体验,性价比很高,值得推荐。', 1, 88, 35, '2022-11-21 00:00:00');
INSERT INTO `nonstarhotelreviews` VALUES (82, 21, '入住体验相当不错。酒店位置便利,靠近地铁站,出行方便。前台服务态度友好,办理入住手续迅速。房间干净整洁,面积适中,家具配置齐全。床垫和枕头舒适度高,保证了良好的睡眠质量。浴室虽然不大但功能齐全,热水供应充足。早餐种类丰富,品质上乘,尤其喜欢他们的新鲜水果和现煮咖啡。酒店的公共区域环境优雅,适合商务会面。唯一的小缺点是房间的空调声音稍大,对睡眠质量有轻微影响。总体而言,这是一家性价比很高的商务酒店,值得再次光顾。', 2, 90, 36, '2022-11-22 00:00:00');
INSERT INTO `nonstarhotelreviews` VALUES (83, 21, '这家酒店给我留下了深刻印象。地理位置优越,紧邻商业区和多个景点。房间宽敞舒适,采光充足,视野开阔。床品质量上乘,睡眠体验极佳。浴室干净整洁,提供高品质洗浴用品。早餐种类繁多,品质高,特别是当地特色美食令人印象深刻。健身中心设备先进,泳池清洁卫生。员工服务热情周到,能迅速响应客人需求。酒店还提供免费的欢迎果盘和矿泉水,体现了对客人的重视。唯一的小缺点是房间隔音效果一般,但不影响整体体验。强烈推荐给商务和休闲旅客。', 2, 92, 37, '2022-11-23 00:00:00');
INSERT INTO `nonstarhotelreviews` VALUES (84, 21, '对这家酒店的印象非常好。位置优越,交通便利,周边设施齐全。前台服务效率高,态度友好。房间干净整洁,面积适中,设施齐全且保养良好。床铺舒适,睡眠质量高。浴室虽小但功能齐全,热水充足。早餐品种丰富,口味不错,尤其喜欢他们的新鲜果汁。酒店公共区域环境优雅,适合放松和社交。健身房虽小但设备齐全。唯一的小问题是Wi-Fi信号在房间角落有时不太稳定。总的来说,这是一家性价比很高的酒店,非常适合商务和休闲旅客。', 1, 89, 38, '2022-11-24 00:00:00');
INSERT INTO `nonstarhotelreviews` VALUES (85, 21, '这家酒店给我留下了很好的印象。地理位置极佳,位于市中心,出行购物都很方便。房间宽敞明亮,装修风格现代简约,很有品味。床铺舒适度高,睡眠质量很好。浴室干净整洁,淋浴水压充足。早餐种类丰富,质量上乘,特别是他们的现煮咖啡,味道一流。健身房设备齐全,适合日常锻炼。员工服务态度友好专业,能快速解决客人的问题。酒店还提供了很多贴心的小细节,如免费矿泉水和欢迎水果。唯一的小缺点是房间的空调稍有噪音,但不影响整体体验。强烈推荐这家酒店。', 1, 91, 39, '2022-11-25 00:00:00');
INSERT INTO `nonstarhotelreviews` VALUES (86, 21, '这家酒店的住宿体验非常棒。首先,地理位置优越,紧邻地铁站和多个景点,出行非常方便。房间干净整洁,空间宽敞,采光很好。床垫和枕头质量上乘,保证了高质量的睡眠。浴室虽然不大,但设计合理,功能齐全。早餐种类多样,有多国料理,口味authentic。健身房设备新颖,泳池干净卫生。最让人印象深刻的是员工的服务,热情周到又不失专业。酒店的公共区域环境优雅,很适合放松和社交。唯一的小缺点是房间隔音效果一般,但考虑到酒店的整体表现,这完全可以接受。强烈推荐这家酒店。', 2, 93, 38, '2022-11-26 00:00:00');
INSERT INTO `nonstarhotelreviews` VALUES (87, 21, '这家酒店给我的整体印象相当不错。地理位置优越,位于市中心,周边商业设施齐全,交通便利。房间布置温馨舒适,虽然面积不是特别大,但设计巧妙,空间利用率高。床铺舒适度很好,睡眠质量有保证。浴室干净整洁,提供优质的洗浴用品。早餐种类丰富,品质上乘,尤其喜欢他们的新鲜水果和各式面包。健身房设备齐全,泳池环境优美。前台服务态度友好,效率高。唯一的小缺点是房间的空调声音稍大,但不影响总体体验。综合考虑,这是一家性价比很高的酒店,值得推荐。', 2, 88, 37, '2022-11-27 00:00:00');
INSERT INTO `nonstarhotelreviews` VALUES (88, 21, '我对这家酒店的印象非常好。首先,位置极佳,位于市中心,出行购物都很便利。房间宽敞明亮,装修风格现代简约,很有品味。床铺舒适度高,保证了良好的睡眠质量。浴室虽小但功能齐全,热水供应充足。早餐种类丰富,质量上乘,特别是他们的现煮咖啡,味道一流。健身房设备先进,适合各种锻炼需求。员工服务态度热情专业,能快速响应客人需求。酒店还提供了很多贴心的小细节,如免费高速Wi-Fi和欢迎饮品。唯一的小缺点是房间隔音效果一般,但不影响整体的优质体验。强烈推荐这家酒店。', 1, 92, 36, '2022-11-28 00:00:00');
INSERT INTO `nonstarhotelreviews` VALUES (89, 21, '这家酒店给我留下了深刻的印象。地理位置优越,紧邻商业区和多个著名景点。房间宽敞舒适,采光充足,视野开阔。床品质量上乘,睡眠体验极佳。浴室干净整洁,提供高品质洗浴用品。早餐种类繁多,品质高,特别是当地特色美食令人印象深刻。健身中心设备先进,泳池清洁卫生。员工服务热情周到,能迅速响应客人需求。酒店还提供免费的欢迎果盘和矿泉水,体现了对客人的重视。唯一的小缺点是房间的空调噪音稍大,但考虑到酒店的整体表现,这是可以接受的。总的来说,这是一次近乎完美的住宿体验,强烈推荐。', 1, 94, 35, '2022-11-29 00:00:00');
INSERT INTO `nonstarhotelreviews` VALUES (90, 21, '对这家酒店的整体印象非常好。位置优越,交通便利,周边设施齐全。前台服务效率高,态度友好。房间干净整洁,面积适中,设施齐全且保养良好。床铺舒适,睡眠质量高。浴室虽小但功能齐全,热水充足。早餐品种丰富,口味不错,尤其喜欢他们的新鲜果汁。酒店公共区域环境优雅,适合放松和社交。健身房设备齐全,泳池干净卫生。唯一的小问题是房间隔音效果一般,能听到一些走廊的声音。但考虑到酒店的整体表现和价格,这是完全可以接受的。总的来说,这是一家性价比很高的酒店,非常适合商务和休闲旅客。', 2, 90, 36, '2022-11-30 00:00:00');
INSERT INTO `nonstarhotelreviews` VALUES (91, 22, '这家酒店给我留下了深刻的印象。地理位置优越,位于市中心,交通便利,周边设施齐全。房间宽敞明亮,装修风格现代简约,很有品味。床铺舒适度高,保证了优质的睡眠体验。浴室干净整洁,提供高品质的洗浴用品。早餐种类丰富,品质上乘,尤其喜欢他们的本地特色菜品。健身房设备先进,泳池干净卫生。员工服务热情周到,能迅速响应客人需求。唯一的小缺点是房间隔音效果一般,但不影响整体的优质体验。强烈推荐这家酒店。', 1, 92, 40, '2022-12-01 00:00:00');
INSERT INTO `nonstarhotelreviews` VALUES (92, 22, '对这家酒店的印象相当不错。位置便利,靠近地铁站和多个景点。前台服务效率高,态度友好。房间整洁舒适,虽然面积不是特别大,但设计合理,空间利用率高。床铺质量很好,睡眠无忧。浴室虽小但功能齐全,热水充足。早餐品种多样,口味不错,尤其推荐他们的新鲜水果和咖啡。健身房设备齐全,适合日常锻炼。公共区域环境优雅,很适合放松和社交。唯一美中不足的是房间的空调声音稍大,但考虑到整体表现,这是可以接受的。总的来说,这是一家性价比很高的酒店。', 2, 88, 40, '2022-12-02 00:00:00');
INSERT INTO `nonstarhotelreviews` VALUES (93, 22, '这家酒店给我留下了很好的印象。地理位置极佳,位于商业中心,出行购物都很方便。房间宽敞明亮,采光很好,视野开阔。床品质量上乘,睡眠体验极佳。浴室干净整洁,提供优质洗浴用品。早餐种类繁多,品质高,特别是他们的现煮咖啡,味道一流。健身中心设备新颖,泳池环境优美。最让人印象深刻的是员工的服务,专业细致又不失亲和力。酒店还提供了很多贴心的小细节,如免费迎宾饮料和水果。唯一的小缺点是房间Wi-Fi信号有时不太稳定,但整体而言,这是一次近乎完美的住宿体验。', 1, 94, 40, '2022-12-03 00:00:00');
INSERT INTO `nonstarhotelreviews` VALUES (94, 22, '我对这家酒店的评价总体是积极的。地理位置优越,交通便利,周边商业设施齐全。房间干净整洁,面积适中,家具配置齐全。床垫和枕头舒适度高,保证了良好的睡眠质量。浴室虽然不大但功能齐全,热水供应充足。早餐种类丰富,品质上乘,尤其喜欢他们的新鲜果汁。健身房虽小但设备齐全,适合日常锻炼。前台服务态度友好,效率高。唯一的小问题是房间隔音效果一般,能听到一些走廊的声音。但考虑到酒店的整体表现和价格,这是完全可以接受的。推荐给商务和休闲旅客。', 2, 87, 41, '2022-12-04 00:00:00');
INSERT INTO `nonstarhotelreviews` VALUES (95, 22, '这家酒店的住宿体验相当愉快。首先,地理位置优越,紧邻地铁站和多个著名景点,出行非常方便。房间宽敞舒适,装修风格现代简约,很有格调。床铺舒适度高,睡眠质量有保证。浴室干净整洁,淋浴水压充足。早餐种类多样,有多国料理,口味authentic。健身中心设备先进,泳池清洁卫生。员工服务热情周到,能迅速解决客人的问题。酒店的公共区域环境优雅,很适合放松和社交。唯一的小缺点是房间的空调稍有噪音,但不影响整体的优质体验。强烈推荐这家酒店。', 1, 91, 41, '2022-12-05 00:00:00');
INSERT INTO `nonstarhotelreviews` VALUES (96, 22, '对这家酒店的印象非常好。位置极佳,位于市中心,周边购物中心和餐厅林立,交通也十分便利。房间干净整洁,面积适中,设施齐全且保养良好。床铺舒适,睡眠质量高。浴室虽小但功能齐全,热水充足。早餐品种丰富,口味不错,尤其喜欢他们的新鲜水果和各式面包。健身房设备齐全,泳池环境优美。前台服务态度友好,效率高。酒店还提供了很多贴心的小细节,如免费高速Wi-Fi和欢迎饮品。唯一的小缺点是房间隔音效果一般,但不影响整体的优质体验。总的来说,这是一家值得推荐的酒店。', 2, 90, 41, '2022-12-06 00:00:00');
INSERT INTO `nonstarhotelreviews` VALUES (97, 22, '这家酒店给我留下了深刻的印象。地理位置优越,紧邻商业区和多个景点。房间宽敞舒适,采光充足,视野开阔。床品质量上乘,睡眠体验极佳。浴室干净整洁,提供高品质洗浴用品。早餐种类繁多,品质高,特别是当地特色美食令人印象深刻。健身中心设备先进,泳池清洁卫生。员工服务热情周到,能迅速响应客人需求。酒店还提供免费的欢迎果盘和矿泉水,体现了对客人的重视。唯一的小缺点是房间的空调噪音稍大,但考虑到酒店的整体表现,这是可以接受的。总的来说,这是一次近乎完美的住宿体验。', 1, 93, 42, '2022-12-07 00:00:00');
INSERT INTO `nonstarhotelreviews` VALUES (98, 22, '我对这家酒店的评价是相当积极的。位置优越,交通便利,周边设施齐全。前台服务效率高,态度友好。房间整洁舒适,面积适中,家具配置齐全。床铺质量很好,保证了高质量的睡眠。浴室虽然不大但功能齐全,热水供应充足。早餐种类丰富,品质上乘,尤其喜欢他们的新鲜果汁和咖啡。健身房设备齐全,适合日常锻炼。公共区域环境优雅,很适合放松和社交。唯一的小问题是房间Wi-Fi信号在某些角落不太稳定。但总的来说,这是一家性价比很高的酒店,非常适合商务和休闲旅客。', 2, 89, 42, '2022-12-08 00:00:00');
INSERT INTO `nonstarhotelreviews` VALUES (99, 22, '这家酒店的住宿体验非常棒。首先,地理位置优越,位于市中心,出行购物都很便利。房间宽敞明亮,装修风格现代简约,很有品味。床铺舒适度高,保证了优质的睡眠体验。浴室干净整洁,提供高品质的洗浴用品。早餐种类丰富,品质上乘,尤其喜欢他们的本地特色菜品。健身房设备先进,泳池干净卫生。员工服务热情周到,能迅速响应客人需求。酒店还提供了很多贴心的小细节,如免费迎宾饮料和水果。唯一的小缺点是房间隔音效果一般,但不影响整体的优质体验。强烈推荐这家酒店。', 1, 95, 42, '2022-12-09 00:00:00');
INSERT INTO `nonstarhotelreviews` VALUES (100, 22, '对这家酒店的整体印象相当不错。位置便利,靠近地铁站和多个景点。前台服务效率高,态度友好。房间干净整洁,虽然面积不是特别大,但设计合理,空间利用率高。床铺舒适,睡眠质量有保证。浴室虽小但功能齐全,热水充足。早餐品种多样,口味不错,尤其推荐他们的新鲜水果和各式面包。健身房设备齐全,泳池环境优美。公共区域环境优雅,很适合放松和社交。唯一美中不足的是房间的空调声音稍大,但考虑到整体表现,这是可以接受的。总的来说,这是一家性价比很高的酒店,值得推荐。', 2, 88, 40, '2022-12-10 00:00:00');
INSERT INTO `nonstarhotelreviews` VALUES (101, 23, '这家酒店让我非常失望。虽然地理位置还可以,但其他方面都令人不满。房间又小又脏,墙纸剥落,家具陈旧。床垫硬得像石头,整晚睡不好。浴室设施老化,水压时大时小,热水供应不稳定。空调噪音大得惊人,像有台推土机在房间里。早餐种类少得可怜,质量低劣。最让人生气的是员工态度恶劣,对客人的投诉置之不理。Wi-Fi信号微弱,几乎无法使用。价格却不便宜,绝对是我住过的最差酒店之一。强烈不推荐。', 1, 20, 43, '2022-12-11 00:00:00');
INSERT INTO `nonstarhotelreviews` VALUES (102, 23, '酒店位置还不错,靠近地铁站,但这可能是唯一的优点了。房间状况令人沮丧,又小又闷,还有一股霉味。床单看起来不太干净,枕头又硬又uncomfortable。浴室设施老旧,淋浴水温忽冷忽热。隔音效果极差,整晚都能听到邻居和走廊的噪音。早餐可选择少之又少,品质也很一般。前台服务态度冷漠,对客人的问题爱答不理。考虑到这个价格,性价比实在太低。除非没有其他选择,否则不会再来。总体来说,这是一次令人失望的住宿体验。', 2, 30, 44, '2022-12-12 00:00:00');
INSERT INTO `nonstarhotelreviews` VALUES (103, 23, '这家酒店给我的印象还不错。地理位置很好,靠近商业区和几个著名景点。房间虽然不大,但整洁舒适,床铺质量不错,保证了良好的睡眠。浴室干净,热水充足。早餐种类适中,味道还可以。前台服务态度友好,办理入住和退房都很顺利。酒店提供免费Wi-Fi,信号稳定。唯一的缺点是房间隔音效果一般,晚上可能会听到一些走廊的声音。总的来说,考虑到价格,这家酒店的性价比还是不错的,适合商务和短期休闲旅客。', 1, 75, 44, '2022-12-13 00:00:00');
INSERT INTO `nonstarhotelreviews` VALUES (104, 23, '这家酒店的体验相当糟糕。虽然位置还行,但房间条件差得令人难以置信。房间狭小,勉强能放下一张床。卫生状况堪忧,到处都是灰尘,甚至发现了蟑螂。床单有污渍,明显没有及时更换。浴室又小又破,水龙头还在滴水。空调制冷效果差,噪音却很大。隔音几乎为零,整夜都被外面的声音吵醒。早餐简直就是灾难,既难吃又不新鲜。员工服务态度恶劣,对投诉置之不理。绝对是我住过的最差酒店,价格还那么贵,完全是在浪费钱。强烈建议避开这家酒店。', 2, 15, 43, '2022-12-14 00:00:00');
INSERT INTO `nonstarhotelreviews` VALUES (105, 23, '对这家酒店的印象还算积极。位置便利,靠近地铁和几个购物中心。房间干净整洁,虽然不是特别大,但设计合理,空间利用率高。床铺舒适,睡眠质量不错。浴室设施齐全,热水供应稳定。早餐种类适中,质量尚可。前台服务态度友好,效率也还不错。健身房虽小但设备基本齐全。唯一的小问题是房间的空调声音稍大,但不影响整体体验。考虑到价格,这家酒店的性价比还是不错的,适合商务和观光的旅客短期入住。', 1, 78, 45, '2022-12-15 00:00:00');
INSERT INTO `nonstarhotelreviews` VALUES (106, 23, '这家酒店给我的感觉很一般。地理位置还可以,但其他方面都中规中矩。房间面积偏小,家具看起来有些陈旧。床还算舒服,但枕头太软,睡得不是很舒服。浴室比较简陋,水压不太稳定。隔音效果一般,晚上能听到走廊的声音。早餐种类不多,品质一般。前台服务态度还行,但效率不高。Wi-Fi信号时好时坏。总的来说,这家酒店不算差,但也没有特别出彩的地方。考虑到价格,性价比一般。如果有其他选择,可能会考虑其他酒店。', 2, 60, 46, '2022-12-16 00:00:00');
INSERT INTO `nonstarhotelreviews` VALUES (107, 23, '这家酒店的住宿体验相当不错。首先,地理位置很好,靠近地铁站和几个主要景点。房间干净整洁,虽然不是特别大,但布置合理,感觉舒适。床铺质量很好,保证了良好的睡眠。浴室虽小但功能齐全,热水充足。早餐种类丰富,品质不错,尤其喜欢他们的新鲜水果。健身房设备齐全,适合日常锻炼。员工服务态度友好,能够及时解决问题。唯一的小缺点是房间隔音效果一般,但考虑到价格,这是可以接受的。总的来说,这是一家性价比很高的酒店,推荐给商务和休闲旅客。', 1, 85, 46, '2022-12-17 00:00:00');
INSERT INTO `nonstarhotelreviews` VALUES (108, 23, '对这家酒店的印象很差。虽然位置还不错,但其他方面都令人失望。房间又小又闷,家具陈旧,到处都是划痕。床垫硬得像石头,整晚都睡不好。浴室设施老化,水温忽冷忽热。空调噪音大,而且制冷效果差。隔音几乎为零,邻居打呼噜的声音都能听得一清二楚。早餐种类少,质量低劣,难以下咽。最让人生气的是员工态度恶劣,对客人的投诉爱理不理。Wi-Fi信号微弱,几乎无法使用。考虑到这个价格,绝对是在浪费钱。强烈建议避开这家酒店,真的是糟糕的体验。', 2, 25, 47, '2022-12-18 00:00:00');
INSERT INTO `nonstarhotelreviews` VALUES (109, 24, '这家酒店的体验令人愉悦。地理位置优越,靠近多个景点和购物中心。房间宽敞明亮,装修现代简约。床铺舒适度高,睡眠质量极佳。浴室干净整洁,提供高质量洗浴用品。早餐种类丰富,口味出众。健身中心设备先进,泳池环境优美。员工服务热情专业,能迅速解决问题。酒店还提供免费迎宾饮料和水果,体现了对客人的重视。唯一小缺点是房间Wi-Fi信号偶尔不稳定,但不影响整体体验。强烈推荐这家酒店,无论是商务还是休闲旅行都很适合。', 1, 92, 48, '2022-12-19 00:00:00');
INSERT INTO `nonstarhotelreviews` VALUES (110, 24, '这家酒店简直是噩梦。位置偏僻,交通极不便利。房间又小又脏,墙纸剥落,地毯满是污渍。床垫硬得像石头,整晚难以入眠。浴室设施老化,水压小得可怜,热水供应不稳定。空调噪音大得惊人,却无法有效制冷。隔音效果糟糕,邻居的谈话声清晰可闻。早餐种类少得可怜,质量低劣。最让人生气的是员工态度恶劣,对客人的投诉置之不理。Wi-Fi几乎无法连接。价格却高得离谱,绝对是我住过的最差酒店。强烈建议所有人避开这家酒店。', 2, 15, 48, '2022-12-20 00:00:00');
INSERT INTO `nonstarhotelreviews` VALUES (111, 24, '这家酒店给我留下了深刻印象。地理位置优越,紧邻商业区和多个景点。房间宽敞舒适,采光充足,视野开阔。床品质量上乘,睡眠体验极佳。浴室干净整洁,提供高品质洗浴用品。早餐种类繁多,品质高,特别是当地特色美食令人印象深刻。健身中心设备先进,泳池清洁卫生。员工服务热情周到,能迅速响应客人需求。酒店还提供免费的欢迎果盘和矿泉水,体现了对客人的重视。唯一的小缺点是房间隔音效果一般,但不影响整体体验。强烈推荐这家酒店。', 1, 95, 52, '2022-12-21 00:00:00');
INSERT INTO `nonstarhotelreviews` VALUES (112, 24, '对这家酒店的印象还不错。位置便利,靠近地铁站和几个主要景点。房间干净整洁,虽然不是特别大,但设计合理,空间利用率高。床铺舒适,睡眠质量良好。浴室设施齐全,热水充足。早餐种类适中,口味还可以。前台服务态度友好,办理入住和退房都很顺利。健身房虽小但设备基本齐全。唯一的小问题是房间的空调声音稍大,但不影响整体体验。考虑到价格,这家酒店的性价比还是不错的,适合商务和短期休闲旅客。', 2, 80, 52, '2022-12-22 00:00:00');
INSERT INTO `nonstarhotelreviews` VALUES (113, 24, '这家酒店的住宿体验非常棒。首先,地理位置优越,紧邻地铁站和多个著名景点,出行非常方便。房间宽敞舒适,装修风格现代简约,很有格调。床铺舒适度高,睡眠质量有保证。浴室干净整洁,淋浴水压充足。早餐种类多样,有多国料理,口味authentic。健身中心设备先进,泳池清洁卫生。员工服务热情周到,能迅速解决客人的问题。酒店的公共区域环境优雅,很适合放松和社交。总体而言,这是一次近乎完美的住宿体验,强烈推荐这家酒店。', 1, 93, 51, '2022-12-23 00:00:00');
INSERT INTO `nonstarhotelreviews` VALUES (114, 24, '这家酒店给我的感觉很差劲。虽然位置还行,但其他方面都令人失望。房间小得可怜,勉强能放下一张床。卫生状况堪忧,到处都是灰尘,甚至发现了蟑螂。床单有可疑的污渍,明显没有及时更换。浴室又小又破,水龙头还在漏水。空调制冷效果差,噪音却很大。隔音几乎为零,整夜都被外面的声音吵醒。早餐简直就是灾难,既难吃又不新鲜。员工服务态度恶劣,对投诉置之不理。价格却不便宜,完全是在浪费钱。强烈建议避开这家酒店。', 2, 20, 51, '2022-12-24 00:00:00');
INSERT INTO `nonstarhotelreviews` VALUES (115, 24, '对这家酒店的印象非常好。位置极佳,位于市中心,周边购物中心和餐厅林立,交通也十分便利。房间干净整洁,面积适中,设施齐全且保养良好。床铺舒适,睡眠质量高。浴室虽小但功能齐全,热水充足。早餐品种丰富,口味不错,尤其喜欢他们的新鲜水果和各式面包。健身房设备齐全,泳池环境优美。前台服务态度友好,效率高。酒店还提供了很多贴心的小细节,如免费高速Wi-Fi和欢迎饮品。总的来说,这是一家值得推荐的酒店。', 1, 90, 50, '2022-12-25 00:00:00');
INSERT INTO `nonstarhotelreviews` VALUES (116, 24, '这家酒店给我留下了深刻的印象。地理位置优越,紧邻商业区和多个景点。房间宽敞舒适,采光充足,视野开阔。床品质量上乘,睡眠体验极佳。浴室干净整洁,提供高品质洗浴用品。早餐种类繁多,品质高,特别是当地特色美食令人印象深刻。健身中心设备先进,泳池清洁卫生。员工服务热情周到,能迅速响应客人需求。酒店还提供免费的欢迎果盘和矿泉水,体现了对客人的重视。唯一的小缺点是房间的空调噪音稍大,但考虑到酒店的整体表现,这是可以接受的。', 2, 88, 49, '2022-12-26 00:00:00');
INSERT INTO `nonstarhotelreviews` VALUES (117, 25, '这家酒店的体验非常糟糕。虽然位置还行,但房间条件差得令人难以置信。房间狭小,勉强能放下一张床。卫生状况堪忧,到处都是灰尘,甚至发现了蟑螂。床单有污渍,明显没有及时更换。浴室又小又破,水龙头还在滴水。空调制冷效果差,噪音却很大。隔音几乎为零,整夜都被外面的声音吵醒。早餐简直就是灾难,既难吃又不新鲜。员工服务态度恶劣,对投诉置之不理。绝对是我住过的最差酒店,价格还那么贵,完全是在浪费钱。强烈建议避开这家酒店。', 1, 18, 53, '2022-12-27 00:00:00');
INSERT INTO `nonstarhotelreviews` VALUES (118, 25, '对这家酒店的印象还算积极。位置便利,靠近地铁和几个购物中心。房间干净整洁,虽然不是特别大,但设计合理,空间利用率高。床铺舒适,睡眠质量不错。浴室设施齐全,热水供应稳定。早餐种类适中,质量尚可。前台服务态度友好,效率也还不错。健身房虽小但设备基本齐全。唯一的小问题是房间的空调声音稍大,但不影响整体体验。考虑到价格,这家酒店的性价比还是不错的,适合商务和观光的旅客短期入住。', 2, 78, 53, '2022-12-28 00:00:00');
INSERT INTO `nonstarhotelreviews` VALUES (119, 25, '这家酒店让我非常失望。虽然地理位置还可以,但其他方面都令人不满。房间又小又脏,墙纸剥落,家具陈旧。床垫硬得像石头,整晚睡不好。浴室设施老化,水压时大时小,热水供应不稳定。空调噪音大得惊人,像有台推土机在房间里。早餐种类少得可怜,质量低劣。最让人生气的是员工态度恶劣,对客人的投诉置之不理。Wi-Fi信号微弱,几乎无法使用。价格却不便宜,绝对是我住过的最差酒店之一。强烈不推荐。', 1, 22, 54, '2022-12-29 00:00:00');
INSERT INTO `nonstarhotelreviews` VALUES (120, 25, '这家酒店的住宿体验相当不错。首先,地理位置很好,靠近地铁站和几个主要景点。房间干净整洁,虽然不是特别大,但布置合理,感觉舒适。床铺质量很好,保证了良好的睡眠。浴室虽小但功能齐全,热水充足。早餐种类丰富,品质不错,尤其喜欢他们的新鲜水果。健身房设备齐全,适合日常锻炼。员工服务态度友好,能够及时解决问题。唯一的小缺点是房间隔音效果一般,但考虑到价格,这是可以接受的。总的来说,这是一家性价比很高的酒店,推荐给商务和休闲旅客。', 2, 85, 54, '2022-12-30 00:00:00');
INSERT INTO `nonstarhotelreviews` VALUES (121, 25, '这家酒店给我的印象还不错。地理位置很好,靠近商业区和几个著名景点。房间虽然不大,但整洁舒适,床铺质量不错,保证了良好的睡眠。浴室干净,热水充足。早餐种类适中,味道还可以。前台服务态度友好,办理入住和退房都很顺利。酒店提供免费Wi-Fi,信号稳定。唯一的缺点是房间隔音效果一般,晚上可能会听到一些走廊的声音。总的来说,考虑到价格,这家酒店的性价比还是不错的,适合商务和短期休闲旅客。', 1, 75, 55, '2022-12-31 00:00:00');
INSERT INTO `nonstarhotelreviews` VALUES (122, 25, '对这家酒店的印象非常好。位置极佳,位于市中心,周边购物中心和餐厅林立,交通也十分便利。房间干净整洁,面积适中,设施齐全且保养良好。床铺舒适,睡眠质量高。浴室虽小但功能齐全,热水充足。早餐品种丰富,口味不错,尤其喜欢他们的新鲜水果和各式面包。健身房设备齐全,泳池环境优美。前台服务态度友好,效率高。酒店还提供了很多贴心的小细节,如免费高速Wi-Fi和欢迎饮品。总的来说,这是一家值得推荐的酒店。', 2, 90, 55, '2023-01-01 00:00:00');
INSERT INTO `nonstarhotelreviews` VALUES (123, 25, '这家酒店给我留下了深刻的印象。地理位置优越,紧邻商业区和多个景点。房间宽敞舒适,采光充足,视野开阔。床品质量上乘,睡眠体验极佳。浴室干净整洁,提供高品质洗浴用品。早餐种类繁多,品质高,特别是当地特色美食令人印象深刻。健身中心设备先进,泳池清洁卫生。员工服务热情周到,能迅速响应客人需求。酒店还提供免费的欢迎果盘和矿泉水,体现了对客人的重视。唯一的小缺点是房间的空调噪音稍大,但考虑到酒店的整体表现,这是可以接受的。', 1, 88, 56, '2023-01-02 00:00:00');
INSERT INTO `nonstarhotelreviews` VALUES (124, 26, '这家酒店的位置非常好,靠近市中心和主要景点。房间宽敞明亮,装修现代化。床铺舒适,睡眠质量很高。浴室干净整洁,提供优质洗浴用品。早餐种类丰富,口味出众。健身中心设备先进,泳池环境优美。员工服务热情专业,能迅速解决问题。酒店还提供免费迎宾饮料和水果,体现了对客人的重视。Wi-Fi信号强劲。总体来说,这是一次非常愉快的住宿体验,强烈推荐给商务和休闲旅客。', 1, 92, 57, '2023-01-03 00:00:00');
INSERT INTO `nonstarhotelreviews` VALUES (125, 26, '这家酒店简直是噩梦。虽然位置还行,但其他方面都糟糕透顶。房间又小又脏,墙纸剥落,地毯满是污渍。床垫硬得像石头,整晚难以入眠。浴室设施老化,水压小得可怜,热水供应不稳定。空调噪音大得惊人,却无法有效制冷。隔音效果差,邻居的谈话声清晰可闻。早餐种类少得可怜,质量低劣。最让人生气的是员工态度恶劣,对客人的投诉置之不理。Wi-Fi几乎无法连接。价格却高得离谱,绝对不值得。', 2, 18, 57, '2023-01-04 00:00:00');
INSERT INTO `nonstarhotelreviews` VALUES (126, 26, '这家酒店给我留下了深刻印象。地理位置优越,紧邻商业区和多个景点。房间宽敞舒适,采光充足,视野开阔。床品质量上乘,睡眠体验极佳。浴室干净整洁,提供高品质洗浴用品。早餐种类繁多,品质高,特别是当地特色美食令人印象深刻。健身中心设备先进,泳池清洁卫生。员工服务热情周到,能迅速响应客人需求。酒店还提供免费的欢迎果盘和矿泉水,体现了对客人的重视。总体而言,这是一次近乎完美的住宿体验。', 1, 95, 57, '2023-01-05 00:00:00');
INSERT INTO `nonstarhotelreviews` VALUES (127, 26, '对这家酒店的印象还不错。位置便利,靠近地铁站和几个主要景点。房间干净整洁,虽然不是特别大,但设计合理,空间利用率高。床铺舒适,睡眠质量良好。浴室设施齐全,热水充足。早餐种类适中,口味还可以。前台服务态度友好,办理入住和退房都很顺利。健身房虽小但设备基本齐全。唯一的小问题是房间的空调声音稍大,但不影响整体体验。考虑到价格,这家酒店的性价比还是不错的。', 2, 80, 58, '2023-01-06 00:00:00');
INSERT INTO `nonstarhotelreviews` VALUES (128, 26, '这家酒店的住宿体验非常棒。首先,地理位置优越,紧邻地铁站和多个著名景点,出行非常方便。房间宽敞舒适,装修风格现代简约,很有格调。床铺舒适度高,睡眠质量有保证。浴室干净整洁,淋浴水压充足。早餐种类多样,有多国料理,口味正宗。健身中心设备先进,泳池清洁卫生。员工服务热情周到,能迅速解决客人的问题。酒店的公共区域环境优雅,很适合放松和社交。强烈推荐这家酒店。', 1, 93, 59, '2023-01-07 00:00:00');
INSERT INTO `nonstarhotelreviews` VALUES (129, 26, '这家酒店给我的感觉很差劲。虽然位置还行,但其他方面都令人失望。房间小得可怜,勉强能放下一张床。卫生状况堪忧,到处都是灰尘,甚至发现了蟑螂。床单有可疑的污渍,明显没有及时更换。浴室又小又破,水龙头还在漏水。空调制冷效果差,噪音却很大。隔音几乎为零,整夜都被外面的声音吵醒。早餐简直就是灾难,既难吃又不新鲜。员工服务态度恶劣,对投诉置之不理。价格却不便宜,完全是在浪费钱。', 2, 20, 60, '2023-01-08 00:00:00');
INSERT INTO `nonstarhotelreviews` VALUES (130, 26, '对这家酒店的印象非常好。位置极佳,位于市中心,周边购物中心和餐厅林立,交通也十分便利。房间干净整洁,面积适中,设施齐全且保养良好。床铺舒适,睡眠质量高。浴室虽小但功能齐全,热水充足。早餐品种丰富,口味不错,尤其喜欢他们的新鲜水果和各式面包。健身房设备齐全,泳池环境优美。前台服务态度友好,效率高。酒店还提供了很多贴心的小细节,如免费高速Wi-Fi和欢迎饮品。总的来说,这是一家值得推荐的酒店。', 1, 90, 60, '2023-01-09 00:00:00');
INSERT INTO `nonstarhotelreviews` VALUES (131, 26, '这家酒店给我留下了深刻的印象。地理位置优越,紧邻商业区和多个景点。房间宽敞舒适,采光充足,视野开阔。床品质量上乘,睡眠体验极佳。浴室干净整洁,提供高品质洗浴用品。早餐种类繁多,品质高,特别是当地特色美食令人印象深刻。健身中心设备先进,泳池清洁卫生。员工服务热情周到,能迅速响应客人需求。酒店还提供免费的欢迎果盘和矿泉水,体现了对客人的重视。唯一的小缺点是房间的空调噪音稍大,但这是可以接受的。', 2, 88, 58, '2023-01-10 00:00:00');
INSERT INTO `nonstarhotelreviews` VALUES (132, 27, '这家酒店的体验非常糟糕。虽然位置还行,但房间条件差得令人难以置信。房间狭小,勉强能放下一张床。卫生状况堪忧,到处都是灰尘,甚至发现了蟑螂。床单有污渍,明显没有及时更换。浴室又小又破,水龙头还在滴水。空调制冷效果差,噪音却很大。隔音几乎为零,整夜都被外面的声音吵醒。早餐简直就是灾难,既难吃又不新鲜。员工服务态度恶劣,对投诉置之不理。绝对是我住过的最差酒店,价格还那么贵,完全是在浪费钱。', 1, 15, 61, '2023-01-11 00:00:00');
INSERT INTO `nonstarhotelreviews` VALUES (133, 27, '对这家酒店的印象还算积极。位置便利,靠近地铁和几个购物中心。房间干净整洁,虽然不是特别大,但设计合理,空间利用率高。床铺舒适,睡眠质量不错。浴室设施齐全,热水供应稳定。早餐种类适中,质量尚可。前台服务态度友好,效率也还不错。健身房虽小但设备基本齐全。唯一的小问题是房间的空调声音稍大,但不影响整体体验。考虑到价格,这家酒店的性价比还是不错的,适合商务和观光的旅客短期入住。', 2, 78, 61, '2023-01-12 00:00:00');
INSERT INTO `nonstarhotelreviews` VALUES (134, 27, '这家酒店让我非常失望。虽然地理位置还可以,但其他方面都令人不满。房间又小又脏,墙纸剥落,家具陈旧。床垫硬得像石头,整晚睡不好。浴室设施老化,水压时大时小,热水供应不稳定。空调噪音大得惊人,像有台推土机在房间里。早餐种类少得可怜,质量低劣。最让人生气的是员工态度恶劣,对客人的投诉置之不理。Wi-Fi信号微弱,几乎无法使用。价格却不便宜,绝对是我住过的最差酒店之一。强烈不推荐。', 1, 22, 62, '2023-01-13 00:00:00');
INSERT INTO `nonstarhotelreviews` VALUES (135, 27, '这家酒店的住宿体验相当不错。首先,地理位置很好,靠近地铁站和几个主要景点。房间干净整洁,虽然不是特别大,但布置合理,感觉舒适。床铺质量很好,保证了良好的睡眠。浴室虽小但功能齐全,热水充足。早餐种类丰富,品质不错,尤其喜欢他们的新鲜水果。健身房设备齐全,适合日常锻炼。员工服务态度友好,能够及时解决问题。唯一的小缺点是房间隔音效果一般,但考虑到价格,这是可以接受的。总的来说,这是一家性价比很高的酒店。', 2, 85, 62, '2023-01-14 00:00:00');
INSERT INTO `nonstarhotelreviews` VALUES (136, 27, '这家酒店给我的印象还不错。地理位置很好,靠近商业区和几个著名景点。房间虽然不大,但整洁舒适,床铺质量不错,保证了良好的睡眠。浴室干净,热水充足。早餐种类适中,味道还可以。前台服务态度友好,办理入住和退房都很顺利。酒店提供免费Wi-Fi,信号稳定。唯一的缺点是房间隔音效果一般,晚上可能会听到一些走廊的声音。总的来说,考虑到价格,这家酒店的性价比还是不错的,适合商务和短期休闲旅客。', 1, 75, 63, '2023-01-15 00:00:00');
INSERT INTO `nonstarhotelreviews` VALUES (137, 27, '对这家酒店的印象非常好。位置极佳,位于市中心,周边购物中心和餐厅林立,交通也十分便利。房间干净整洁,面积适中,设施齐全且保养良好。床铺舒适,睡眠质量高。浴室虽小但功能齐全,热水充足。早餐品种丰富,口味不错,尤其喜欢他们的新鲜水果和各式面包。健身房设备齐全,泳池环境优美。前台服务态度友好,效率高。酒店还提供了很多贴心的小细节,如免费高速Wi-Fi和欢迎饮品。总的来说,这是一家值得推荐的酒店。', 2, 90, 63, '2023-01-16 00:00:00');
INSERT INTO `nonstarhotelreviews` VALUES (138, 27, '这家酒店给我留下了深刻的印象。地理位置优越,紧邻商业区和多个景点。房间宽敞舒适,采光充足,视野开阔。床品质量上乘,睡眠体验极佳。浴室干净整洁,提供高品质洗浴用品。早餐种类繁多,品质高,特别是当地特色美食令人印象深刻。健身中心设备先进,泳池清洁卫生。员工服务热情周到,能迅速响应客人需求。酒店还提供免费的欢迎果盘和矿泉水,体现了对客人的重视。唯一的小缺点是房间的空调噪音稍大,但考虑到酒店的整体表现,这是可以接受的。', 1, 88, 64, '2023-01-17 00:00:00');

-- ----------------------------
-- Table structure for nonstarhotels
-- ----------------------------
DROP TABLE IF EXISTS `nonstarhotels`;
CREATE TABLE `nonstarhotels`  (
  `id` int NOT NULL AUTO_INCREMENT,
  `name` varchar(255) CHARACTER SET utf8mb4 COLLATE utf8mb4_0900_ai_ci NOT NULL,
  `min_price` int NOT NULL,
  `total_quantity` int NOT NULL DEFAULT 100,
  `address` varchar(255) CHARACTER SET utf8mb4 COLLATE utf8mb4_0900_ai_ci NOT NULL,
  `image_url` varchar(255) CHARACTER SET utf8mb4 COLLATE utf8mb4_0900_ai_ci NULL DEFAULT NULL,
  `owner_id` bigint NULL DEFAULT NULL,
  PRIMARY KEY (`id`) USING BTREE,
  INDEX `nsh_owner_id`(`owner_id` ASC) USING BTREE,
  CONSTRAINT `nsh_owner_id` FOREIGN KEY (`owner_id`) REFERENCES `sys_user` (`user_id`) ON DELETE RESTRICT ON UPDATE RESTRICT
) ENGINE = InnoDB AUTO_INCREMENT = 28 CHARACTER SET = utf8mb4 COLLATE = utf8mb4_0900_ai_ci ROW_FORMAT = Dynamic;

-- ----------------------------
-- Records of nonstarhotels
-- ----------------------------
INSERT INTO `nonstarhotels` VALUES (16, '成都新津蓝城沐春风度假村', 1944, 99, '成都新津区兴义镇波尔村5组', 'https://dimg04.c-ctrip.com/images/1mc4x12000bbuyxh78EDC_W_1080_808_R5_D.jpg', NULL);
INSERT INTO `nonstarhotels` VALUES (17, '大邑溪地阿兰若度假村落', 1280, 255, '大邑安仁镇清源村', 'https://dimg04.c-ctrip.com/images/02052120009gbsxdv74AB_W_1080_808_R5_D.jpg', NULL);
INSERT INTO `nonstarhotels` VALUES (18, '大邑千里走单骑·大地之眼民宿', 797, 250, '大邑沙渠街道祥和社区稻乡渔歌美好村路口向西100米', 'https://dimg04.c-ctrip.com/images/0202j120008juwmjb4102_W_1080_808_R5_D.jpg', NULL);
INSERT INTO `nonstarhotels` VALUES (19, '大邑稻乡渔歌艺术中心', 1009, 150, '大邑董场镇祥和村17组', 'https://dimg04.c-ctrip.com/images/1mc5212000awiqd114B48_W_1080_808_R5_D.jpg', NULL);
INSERT INTO `nonstarhotels` VALUES (20, '达令公馆·darling四合院酒店', 742, 200, '成都青羊区白云寺街19号', 'https://dimg04.c-ctrip.com/images/1mc4612000ebfpwugB5C2_W_1080_808_R5_D.jpg', NULL);
INSERT INTO `nonstarhotels` VALUES (21, '成都锦投·古迹酒店(春熙路太古里店)', 1058, 250, '成都锦江区暑袜北一街145、157号', 'https://dimg04.c-ctrip.com/images/1mc0c12000cqn4gveB3A9_W_1080_808_R5_D.jpg', NULL);
INSERT INTO `nonstarhotels` VALUES (22, '成都上喜龙园四合院酒店', 3285, 150, '成都青羊区头福街23号', 'https://dimg04.c-ctrip.com/images/200t0q000000gko6k1FA5_W_1080_808_R5_D.jpg', NULL);
INSERT INTO `nonstarhotels` VALUES (23, '青城山六善酒店', 3288, 250, '都江堰青城山镇东软大道2号, 611844', 'https://dimg04.c-ctrip.com/images/1mc3m12000dd8kxm9C90F_W_1080_808_R5_D.jpg', NULL);
INSERT INTO `nonstarhotels` VALUES (24, '青城见素山居民宿', 357, 250, '都江堰大观镇艳景社区一组9号', 'https://dimg04.c-ctrip.com/images/02030120008ei923v46DE_W_1080_808_R5_D.jpg', NULL);
INSERT INTO `nonstarhotels` VALUES (25, '都江堰江南忆庄园', 880, 200, '都江堰虹口白八路庙坝, 611830', 'https://dimg04.c-ctrip.com/images/1mc7012000ckr69g0F7A4_W_1080_808_R5_D.jpg', NULL);
INSERT INTO `nonstarhotels` VALUES (26, '成都院子酒店', 1332, 200, '成都青羊区五岳宫街28号, 610017', 'https://dimg04.c-ctrip.com/images/200m170000011bmlaD68F_W_1080_808_R5_D.jpg', NULL);
INSERT INTO `nonstarhotels` VALUES (27, '成都青城宋品酒店', 2599, 200, '都江堰至臻路6号', 'https://dimg04.c-ctrip.com/images/1mc6y12000c7ayytz4F6A_W_1080_808_R5_D.jpg', NULL);

-- ----------------------------
-- Table structure for nonstarmarketingrecords
-- ----------------------------
DROP TABLE IF EXISTS `nonstarmarketingrecords`;
CREATE TABLE `nonstarmarketingrecords`  (
  `id` int NOT NULL AUTO_INCREMENT,
  `hotel_id` int NOT NULL,
  `room_type_id` int NOT NULL,
  `total_sales` int NULL DEFAULT NULL,
  PRIMARY KEY (`id`) USING BTREE,
  INDEX `hotel_id`(`hotel_id` ASC) USING BTREE,
  INDEX `room_type_id`(`room_type_id` ASC) USING BTREE,
  CONSTRAINT `nonstarmarketingrecords_ibfk_1` FOREIGN KEY (`hotel_id`) REFERENCES `nonstarhotels` (`id`) ON DELETE CASCADE ON UPDATE RESTRICT,
  CONSTRAINT `nonstarmarketingrecords_ibfk_2` FOREIGN KEY (`room_type_id`) REFERENCES `nonstarroomtypes` (`id`) ON DELETE CASCADE ON UPDATE RESTRICT
) ENGINE = InnoDB AUTO_INCREMENT = 49 CHARACTER SET = utf8mb4 COLLATE = utf8mb4_0900_ai_ci ROW_FORMAT = Dynamic;

-- ----------------------------
-- Records of nonstarmarketingrecords
-- ----------------------------
INSERT INTO `nonstarmarketingrecords` VALUES (1, 16, 99, 104);
INSERT INTO `nonstarmarketingrecords` VALUES (2, 16, 100, 101);
INSERT INTO `nonstarmarketingrecords` VALUES (3, 17, 101, 104);
INSERT INTO `nonstarmarketingrecords` VALUES (4, 17, 102, 170);
INSERT INTO `nonstarmarketingrecords` VALUES (5, 17, 103, 151);
INSERT INTO `nonstarmarketingrecords` VALUES (6, 17, 104, 18);
INSERT INTO `nonstarmarketingrecords` VALUES (7, 17, 105, 101);
INSERT INTO `nonstarmarketingrecords` VALUES (8, 18, 106, 91);
INSERT INTO `nonstarmarketingrecords` VALUES (9, 18, 107, 95);
INSERT INTO `nonstarmarketingrecords` VALUES (10, 18, 108, 97);
INSERT INTO `nonstarmarketingrecords` VALUES (11, 18, 109, 92);
INSERT INTO `nonstarmarketingrecords` VALUES (12, 18, 110, 88);
INSERT INTO `nonstarmarketingrecords` VALUES (13, 19, 111, 35);
INSERT INTO `nonstarmarketingrecords` VALUES (14, 19, 112, 16);
INSERT INTO `nonstarmarketingrecords` VALUES (15, 19, 113, 51);
INSERT INTO `nonstarmarketingrecords` VALUES (16, 20, 114, 18);
INSERT INTO `nonstarmarketingrecords` VALUES (17, 20, 115, 46);
INSERT INTO `nonstarmarketingrecords` VALUES (18, 20, 116, 27);
INSERT INTO `nonstarmarketingrecords` VALUES (19, 20, 117, 21);
INSERT INTO `nonstarmarketingrecords` VALUES (20, 21, 118, 35);
INSERT INTO `nonstarmarketingrecords` VALUES (21, 21, 119, 27);
INSERT INTO `nonstarmarketingrecords` VALUES (22, 21, 120, 18);
INSERT INTO `nonstarmarketingrecords` VALUES (23, 21, 121, 12);
INSERT INTO `nonstarmarketingrecords` VALUES (24, 21, 122, 40);
INSERT INTO `nonstarmarketingrecords` VALUES (25, 22, 123, 40);
INSERT INTO `nonstarmarketingrecords` VALUES (26, 22, 124, 20);
INSERT INTO `nonstarmarketingrecords` VALUES (27, 22, 125, 50);
INSERT INTO `nonstarmarketingrecords` VALUES (28, 23, 126, 210);
INSERT INTO `nonstarmarketingrecords` VALUES (29, 23, 127, 40);
INSERT INTO `nonstarmarketingrecords` VALUES (30, 23, 128, 40);
INSERT INTO `nonstarmarketingrecords` VALUES (31, 23, 129, 10);
INSERT INTO `nonstarmarketingrecords` VALUES (32, 23, 130, 20);
INSERT INTO `nonstarmarketingrecords` VALUES (33, 24, 131, 30);
INSERT INTO `nonstarmarketingrecords` VALUES (34, 24, 132, 10);
INSERT INTO `nonstarmarketingrecords` VALUES (35, 24, 133, 50);
INSERT INTO `nonstarmarketingrecords` VALUES (36, 24, 134, 40);
INSERT INTO `nonstarmarketingrecords` VALUES (37, 24, 135, 50);
INSERT INTO `nonstarmarketingrecords` VALUES (38, 25, 136, 40);
INSERT INTO `nonstarmarketingrecords` VALUES (39, 25, 137, 10);
INSERT INTO `nonstarmarketingrecords` VALUES (40, 25, 138, 60);
INSERT INTO `nonstarmarketingrecords` VALUES (41, 25, 139, 40);
INSERT INTO `nonstarmarketingrecords` VALUES (42, 26, 140, 50);
INSERT INTO `nonstarmarketingrecords` VALUES (43, 26, 141, 10);
INSERT INTO `nonstarmarketingrecords` VALUES (44, 26, 142, 50);
INSERT INTO `nonstarmarketingrecords` VALUES (45, 26, 143, 50);
INSERT INTO `nonstarmarketingrecords` VALUES (46, 27, 144, 60);
INSERT INTO `nonstarmarketingrecords` VALUES (47, 27, 145, 40);
INSERT INTO `nonstarmarketingrecords` VALUES (48, 27, 146, 50);
INSERT INTO `nonstarmarketingrecords` VALUES (49, 27, 147, 60);

-- ----------------------------
-- Table structure for nonstarroomtypes
-- ----------------------------
DROP TABLE IF EXISTS `nonstarroomtypes`;
CREATE TABLE `nonstarroomtypes`  (
  `id` int NOT NULL AUTO_INCREMENT,
  `hotel_id` int NULL DEFAULT NULL,
  `name` varchar(255) CHARACTER SET utf8mb4 COLLATE utf8mb4_0900_ai_ci NOT NULL,
  `price` int NOT NULL,
  `quantity` int NOT NULL,
  `sales` int NULL DEFAULT NULL,
  `imageUrl` varchar(255) CHARACTER SET utf8mb4 COLLATE utf8mb4_0900_ai_ci NULL DEFAULT NULL,
  `owner_id` bigint NULL DEFAULT NULL,
  PRIMARY KEY (`id`) USING BTREE,
  INDEX `hotel_id`(`hotel_id` ASC) USING BTREE,
  INDEX `nsrt_owner_id`(`owner_id` ASC) USING BTREE,
  CONSTRAINT `nonstarroomtypes_ibfk_1` FOREIGN KEY (`hotel_id`) REFERENCES `nonstarhotels` (`id`) ON DELETE CASCADE ON UPDATE RESTRICT,
  CONSTRAINT `nsrt_owner_id` FOREIGN KEY (`owner_id`) REFERENCES `sys_user` (`user_id`) ON DELETE RESTRICT ON UPDATE RESTRICT
) ENGINE = InnoDB AUTO_INCREMENT = 65 CHARACTER SET = utf8mb4 COLLATE = utf8mb4_0900_ai_ci ROW_FORMAT = DYNAMIC;

-- ----------------------------
-- Records of nonstarroomtypes
-- ----------------------------
INSERT INTO `nonstarroomtypes` VALUES (16, 16, '标准大床房', 1944, 49, 105, 'https://dimg04.c-ctrip.com/images/0200t12000979a8om9E0A_W_1080_808_R5_D.jpg_.webp', NULL);
INSERT INTO `nonstarroomtypes` VALUES (17, 16, '特色房', 2288, 50, 101, 'https://dimg04.c-ctrip.com/images/0200s12000979g1pr91D6_W_1080_808_R5_D.jpg_.webp', NULL);
INSERT INTO `nonstarroomtypes` VALUES (18, 17, '标准大床房', 1280, 50, 104, 'https://dimg04.c-ctrip.com/images/0202z12000a6nmav302BE_W_1080_808_R5_D.jpg_.webp', NULL);
INSERT INTO `nonstarroomtypes` VALUES (19, 17, '高级大床房', 1480, 55, 170, 'https://dimg04.c-ctrip.com/images/0202n120008sx1fl5F986_W_1080_808_R5_D.jpg_.webp', NULL);
INSERT INTO `nonstarroomtypes` VALUES (20, 17, '商务大床房', 2180, 50, 151, 'https://dimg04.c-ctrip.com/images/0204c120008tm40yp2C33_W_1080_808_R5_D.jpg_.webp', NULL);
INSERT INTO `nonstarroomtypes` VALUES (21, 17, '标准双床房', 1380, 50, 18, 'https://dimg04.c-ctrip.com/images/0206b12000a6nmxab8BB9_W_1080_808_R5_D.jpg_.webp', NULL);
INSERT INTO `nonstarroomtypes` VALUES (22, 17, '特色房', 2580, 50, 101, 'https://dimg04.c-ctrip.com/images/1mc3512000eg4cgyx1806_W_1080_808_R5_D.jpg_.webp', NULL);
INSERT INTO `nonstarroomtypes` VALUES (23, 18, '高级大床房', 797, 49, 92, 'https://dimg04.c-ctrip.com/images/0205b120008jkglynA2F7_W_1080_808_R5_D.jpg_.webp', NULL);
INSERT INTO `nonstarroomtypes` VALUES (24, 18, '商务大床房', 1478, 50, 95, 'https://dimg04.c-ctrip.com/images/0206e120008juz8v2A556_W_1080_808_R5_D.jpg_.webp', NULL);
INSERT INTO `nonstarroomtypes` VALUES (25, 18, '高级双床房', 797, 50, 97, 'https://dimg04.c-ctrip.com/images/02052120009mvyocg0528_W_1080_808_R5_D.jpg_.webp', NULL);
INSERT INTO `nonstarroomtypes` VALUES (26, 18, '商务双床房', 1278, 50, 92, 'https://dimg04.c-ctrip.com/images/0202d120008jkgdf7996C_W_1080_808_R5_D.jpg_.webp', NULL);
INSERT INTO `nonstarroomtypes` VALUES (27, 18, '特色房', 1378, 50, 88, 'https://dimg04.c-ctrip.com/images/0201n120008juz5ko11A7_W_1080_808_R5_D.jpg_.webp', NULL);
INSERT INTO `nonstarroomtypes` VALUES (28, 19, '高级大床房', 1009, 50, 35, 'https://dimg04.c-ctrip.com/images/1mc2812000embyo22E027_W_1080_808_R5_D.jpg_.webp', NULL);
INSERT INTO `nonstarroomtypes` VALUES (29, 19, '商务大床房', 1202, 50, 16, 'https://dimg04.c-ctrip.com/images/1mc0j12000elth5qm639F_W_1080_808_R5_D.jpg_.webp', NULL);
INSERT INTO `nonstarroomtypes` VALUES (30, 19, '特色房', 1999, 50, 51, 'https://dimg04.c-ctrip.com/images/1mc0g12000em70dubB697_W_1080_808_R5_D.jpg_.webp', NULL);
INSERT INTO `nonstarroomtypes` VALUES (31, 20, '标准大床房', 742, 50, 18, 'https://dimg04.c-ctrip.com/images/1mc5g12000eb9zm3xEB8A_W_1080_808_R5_D.jpg_.webp', NULL);
INSERT INTO `nonstarroomtypes` VALUES (32, 20, '高级大床房', 831, 50, 46, 'https://dimg04.c-ctrip.com/images/1mc1i12000ehhgevb6D8C_W_1080_808_R5_D.jpg_.webp', NULL);
INSERT INTO `nonstarroomtypes` VALUES (33, 20, '商务大床房', 1075, 50, 27, 'https://dimg04.c-ctrip.com/images/1mc2112000ebahpqnA754_W_1080_808_R5_D.jpg_.webp', NULL);
INSERT INTO `nonstarroomtypes` VALUES (34, 20, '特色房', 1666, 50, 21, 'https://dimg04.c-ctrip.com/images/1mc2212000eba6s4e4635_W_1080_808_R5_D.jpg_.webp', NULL);
INSERT INTO `nonstarroomtypes` VALUES (35, 21, '标准大床房', 1178, 50, 35, 'https://dimg04.c-ctrip.com/images/1mc4312000atilpeyFF34_W_1080_808_R5_D.jpg_.webp', NULL);
INSERT INTO `nonstarroomtypes` VALUES (36, 21, '高级大床房', 1376, 50, 27, 'https://dimg04.c-ctrip.com/images/02068120000ey6t8w86D9_W_1080_808_R5_D.jpg_.webp', NULL);
INSERT INTO `nonstarroomtypes` VALUES (37, 21, '商务大床房', 1474, 50, 18, 'https://dimg04.c-ctrip.com/images/0204o120000evi4eo4511_W_1080_808_R5_D.jpg_.webp', NULL);
INSERT INTO `nonstarroomtypes` VALUES (38, 21, '高级双床房', 1158, 50, 12, 'https://dimg04.c-ctrip.com/images/1mc2f12000dikjb0oE0C8_W_1080_808_R5_D.jpg_.webp', NULL);
INSERT INTO `nonstarroomtypes` VALUES (39, 21, '特色房', 1894, 50, 40, 'https://dimg04.c-ctrip.com/images/020741200001x4qjw5F5B_W_1080_808_R5_D.jpg_.webp', NULL);
INSERT INTO `nonstarroomtypes` VALUES (40, 22, '高级大床房', 3285, 50, 40, 'https://dimg04.c-ctrip.com/images/200v0o000000fk5ctC294_W_1080_808_R5_D.jpg_.webp', NULL);
INSERT INTO `nonstarroomtypes` VALUES (41, 22, '商务大床房', 3528, 50, 20, 'https://dimg04.c-ctrip.com/images/200k0q000000golo8EC45_W_1080_808_R5_D.jpg_.webp', NULL);
INSERT INTO `nonstarroomtypes` VALUES (42, 22, '特色房', 3899, 50, 50, 'https://dimg04.c-ctrip.com/images/20030o000000fbljhDACD_W_1080_808_R5_D.jpg_.webp', NULL);
INSERT INTO `nonstarroomtypes` VALUES (43, 23, '标准大床房', 3288, 50, 210, 'https://dimg04.c-ctrip.com/images/20030v000000k4n22A010_W_1080_808_R5_D.jpg_.webp', NULL);
INSERT INTO `nonstarroomtypes` VALUES (44, 23, '高级大床房', 3588, 50, 40, 'https://dimg04.c-ctrip.com/images/1mc3e12000cnjccwx6C26_W_1080_808_R5_D.jpg_.webp', NULL);
INSERT INTO `nonstarroomtypes` VALUES (45, 23, '标准双床房', 3288, 50, 40, 'https://dimg04.c-ctrip.com/images/1mc4z12000clre2t74EF4_W_1080_808_R5_D.jpg_.webp', NULL);
INSERT INTO `nonstarroomtypes` VALUES (46, 23, '高级双床房', 3588, 50, 10, 'https://dimg04.c-ctrip.com/images/200g0j000000aoe4n15DD_W_1080_808_R5_D.jpg_.webp', NULL);
INSERT INTO `nonstarroomtypes` VALUES (47, 23, '特色房', 4488, 50, 20, 'https://dimg04.c-ctrip.com/images/02059120009a2lwarC2B0_W_1080_808_R5_D.jpg_.webp', NULL);
INSERT INTO `nonstarroomtypes` VALUES (48, 24, '标准大床房', 357, 50, 30, 'https://dimg04.c-ctrip.com/images/0204q120008bpt37nB112_W_1080_808_R5_D.jpg_.webp', NULL);
INSERT INTO `nonstarroomtypes` VALUES (49, 24, '高级大床房', 504, 50, 10, 'https://dimg04.c-ctrip.com/images/02050120008emrw8hE2BA_W_1080_808_R5_D.jpg_.webp', NULL);
INSERT INTO `nonstarroomtypes` VALUES (50, 24, '商务大床房', 593, 50, 50, 'https://dimg04.c-ctrip.com/images/0201j120008g68oyy3FCF_W_1080_808_R5_D.jpg_.webp', NULL);
INSERT INTO `nonstarroomtypes` VALUES (51, 24, '标准双床房', 513, 50, 40, 'https://dimg04.c-ctrip.com/images/0201s120008emlzp0E183_W_1080_808_R5_D.jpg_.webp', NULL);
INSERT INTO `nonstarroomtypes` VALUES (52, 24, '高级双床房', 578, 50, 50, 'https://dimg04.c-ctrip.com/images/0201y120008embi2rDA41_W_1080_808_R5_D.jpg_.webp', NULL);
INSERT INTO `nonstarroomtypes` VALUES (53, 25, '高级大床房', 880, 50, 40, 'https://dimg04.c-ctrip.com/images/1mc2x12000ckjmekrCF9F_W_1080_808_R5_D.jpg_.webp', NULL);
INSERT INTO `nonstarroomtypes` VALUES (54, 25, '商务大床房', 1880, 50, 10, 'https://dimg04.c-ctrip.com/images/1mc1x12000efkeozo694D_W_1080_808_R5_D.jpg_.webp', NULL);
INSERT INTO `nonstarroomtypes` VALUES (55, 25, '高级双床房', 880, 50, 60, 'https://dimg04.c-ctrip.com/images/0203l1200090eqpxkF71D_W_1080_808_R5_D.jpg_.webp', NULL);
INSERT INTO `nonstarroomtypes` VALUES (56, 25, '特色房', 4780, 50, 40, 'https://dimg04.c-ctrip.com/images/1mc6l12000efkf4znB6CF_W_1080_808_R5_D.jpg_.webp', NULL);
INSERT INTO `nonstarroomtypes` VALUES (57, 26, '标准大床房', 680, 50, 50, 'https://dimg04.c-ctrip.com/images/200f10000000odsleB875_W_1080_808_R5_D.jpg_.webp', NULL);
INSERT INTO `nonstarroomtypes` VALUES (58, 26, '高级大床房', 797, 50, 10, 'https://dimg04.c-ctrip.com/images/1mc5t12000doytd23B0D5_W_1080_808_R5_D.jpg_.webp', NULL);
INSERT INTO `nonstarroomtypes` VALUES (59, 26, '商务大床房', 949, 50, 50, 'https://dimg04.c-ctrip.com/images/1mc3612000dozayj623D9_W_1080_808_R5_D.jpg_.webp', NULL);
INSERT INTO `nonstarroomtypes` VALUES (60, 26, '特色房', 1489, 50, 50, 'https://dimg04.c-ctrip.com/images/1mc6q12000dozov2q4789_W_1080_808_R5_D.jpg_.webp', NULL);
INSERT INTO `nonstarroomtypes` VALUES (61, 27, '高级大床房', 2599, 50, 60, 'https://dimg04.c-ctrip.com/images/0201112000a04nkxj3DAF_W_1080_808_R5_D.jpg_.webp', NULL);
INSERT INTO `nonstarroomtypes` VALUES (62, 27, '商务大床房', 2999, 50, 40, 'https://dimg04.c-ctrip.com/images/0224y12000btmwmmmC0A4_W_1080_808_R5_D.jpg_.webp', NULL);
INSERT INTO `nonstarroomtypes` VALUES (63, 27, '高级双床房', 4899, 50, 50, 'https://dimg04.c-ctrip.com/images/1mc3x12000eragccf44BA_W_1080_808_R5_D.jpg_.webp', NULL);
INSERT INTO `nonstarroomtypes` VALUES (64, 27, '特色房', 3199, 50, 60, 'https://dimg04.c-ctrip.com/images/0200712000a03u3vbB58E_W_1080_808_R5_D.jpg_.webp', NULL);

-- ----------------------------
-- Table structure for performancegroups
-- ----------------------------
DROP TABLE IF EXISTS `performancegroups`;
CREATE TABLE `performancegroups`  (
  `id` int NOT NULL AUTO_INCREMENT,
  `name` varchar(255) CHARACTER SET utf8mb4 COLLATE utf8mb4_0900_ai_ci NOT NULL,
  `start_time` datetime NOT NULL,
  `duration` int NOT NULL,
  `venue` varchar(255) CHARACTER SET utf8mb4 COLLATE utf8mb4_0900_ai_ci NOT NULL,
  `capacity` int NOT NULL,
  `price` decimal(10, 2) NOT NULL,
  `pic_url` varchar(255) CHARACTER SET utf8mb4 COLLATE utf8mb4_0900_ai_ci NULL DEFAULT NULL,
  PRIMARY KEY (`id`) USING BTREE
) ENGINE = InnoDB AUTO_INCREMENT = 4 CHARACTER SET = utf8mb4 COLLATE = utf8mb4_0900_ai_ci ROW_FORMAT = Dynamic;

-- ----------------------------
-- Records of performancegroups
-- ----------------------------
INSERT INTO `performancegroups` VALUES (1, 'VCTcn', '2024-07-20 19:00:25', 180, '长沙', 1300, 300.00, 'https://tourism-oss.oss-cn-beijing.aliyuncs.com/2024/07/08/20240708213118R_Shi.png.png');
INSERT INTO `performancegroups` VALUES (2, '大鸟转转转', '2024-07-12 00:00:00', 120, '成都', 500, 200.00, 'https://tourism-oss.oss-cn-beijing.aliyuncs.com/2024/07/08/20240708213134B_Ju.png.png');
INSERT INTO `performancegroups` VALUES (3, '南通', '2024-07-24 00:00:00', 120, '成都', 500, 200.00, 'https://tourism-oss.oss-cn-beijing.aliyuncs.com/2024/07/08/20240708213142R_Bing.png.png');

-- ----------------------------
-- Table structure for reviews
-- ----------------------------
DROP TABLE IF EXISTS `reviews`;
CREATE TABLE `reviews`  (
  `id` int NOT NULL AUTO_INCREMENT,
  `dining_entertainment_id` int NULL DEFAULT NULL,
  `content` varchar(255) CHARACTER SET utf8mb4 COLLATE utf8mb4_0900_ai_ci NOT NULL,
  `guest_name` bigint NOT NULL,
  `rating` int NOT NULL,
  PRIMARY KEY (`id`) USING BTREE,
  INDEX `guest_id`(`guest_name` ASC) USING BTREE,
  INDEX `reviews_ibfk_1`(`dining_entertainment_id` ASC) USING BTREE,
  CONSTRAINT `guest_id` FOREIGN KEY (`guest_name`) REFERENCES `sys_user` (`user_id`) ON DELETE RESTRICT ON UPDATE RESTRICT
) ENGINE = InnoDB AUTO_INCREMENT = 1 CHARACTER SET = utf8mb4 COLLATE = utf8mb4_0900_ai_ci ROW_FORMAT = Dynamic;

-- ----------------------------
-- Records of reviews
-- ----------------------------

-- ----------------------------
-- Table structure for scenicareas
-- ----------------------------
DROP TABLE IF EXISTS `scenicareas`;
CREATE TABLE `scenicareas`  (
  `id` int NOT NULL AUTO_INCREMENT,
  `city` varchar(255) CHARACTER SET utf8mb4 COLLATE utf8mb4_0900_ai_ci NOT NULL,
  `name` varchar(255) CHARACTER SET utf8mb4 COLLATE utf8mb4_0900_ai_ci NOT NULL,
  `address` varchar(255) CHARACTER SET utf8mb4 COLLATE utf8mb4_0900_ai_ci NOT NULL,
  `pic_url` varchar(255) CHARACTER SET utf8mb4 COLLATE utf8mb4_0900_ai_ci NULL DEFAULT NULL,
  `score` int NULL DEFAULT NULL,
  PRIMARY KEY (`id`) USING BTREE
) ENGINE = InnoDB AUTO_INCREMENT = 16 CHARACTER SET = utf8mb4 COLLATE = utf8mb4_0900_ai_ci ROW_FORMAT = Dynamic;

-- ----------------------------
-- Records of scenicareas
-- ----------------------------
INSERT INTO `scenicareas` VALUES (1, '北京', '长城', '怀柔区', 'https://tourism-oss.oss-cn-beijing.aliyuncs.com/2024/07/10/20240710111918mdl.png.png', 95);
INSERT INTO `scenicareas` VALUES (2, '北京', '故宫', '东城区', NULL, 90);
INSERT INTO `scenicareas` VALUES (3, '上海', '外滩', '黄浦区', NULL, 88);
INSERT INTO `scenicareas` VALUES (4, '上海', '豫园', '黄浦区', NULL, 85);
INSERT INTO `scenicareas` VALUES (5, '西安', '兵马俑', '临潼区', NULL, 92);
INSERT INTO `scenicareas` VALUES (6, '西安', '城墙', '碑林区', NULL, 87);
INSERT INTO `scenicareas` VALUES (7, '成都', '大熊猫基地', '成华区', NULL, 93);
INSERT INTO `scenicareas` VALUES (8, '成都', '锦里古街', '武侯区', NULL, 86);
INSERT INTO `scenicareas` VALUES (9, '桂林', '漓江', '阳朔县', NULL, 91);
INSERT INTO `scenicareas` VALUES (10, '桂林', '芦笛岩', '象山区', NULL, 84);
INSERT INTO `scenicareas` VALUES (11, '杭州', '西湖', '西湖区', NULL, 94);
INSERT INTO `scenicareas` VALUES (12, '杭州', '灵隐寺', '西湖区', NULL, 89);
INSERT INTO `scenicareas` VALUES (13, '拉萨', '布达拉宫', '城关区', NULL, 96);
INSERT INTO `scenicareas` VALUES (14, '拉萨', '大昭寺', '城关区', NULL, 85);
INSERT INTO `scenicareas` VALUES (15, '张家界', '武陵源风景区', '武陵源区', NULL, 92);

-- ----------------------------
-- Table structure for scenicspots
-- ----------------------------
DROP TABLE IF EXISTS `scenicspots`;
CREATE TABLE `scenicspots`  (
  `id` bigint NOT NULL AUTO_INCREMENT,
  `scenic_area_id` int NULL DEFAULT NULL,
  `address` varchar(255) CHARACTER SET utf8mb4 COLLATE utf8mb4_0900_ai_ci NOT NULL,
  `name` varchar(50) CHARACTER SET utf8mb4 COLLATE utf8mb4_0900_ai_ci NULL DEFAULT NULL COMMENT '景点名称',
  `pic_url` varchar(255) CHARACTER SET utf8mb4 COLLATE utf8mb4_0900_ai_ci NULL DEFAULT NULL,
  PRIMARY KEY (`id`) USING BTREE,
  INDEX `area_id`(`scenic_area_id` ASC) USING BTREE,
  CONSTRAINT `area_id` FOREIGN KEY (`scenic_area_id`) REFERENCES `scenicareas` (`id`) ON DELETE RESTRICT ON UPDATE RESTRICT
) ENGINE = InnoDB AUTO_INCREMENT = 1 CHARACTER SET = utf8mb4 COLLATE = utf8mb4_0900_ai_ci ROW_FORMAT = Dynamic;

-- ----------------------------
-- Records of scenicspots
-- ----------------------------

-- ----------------------------
-- Table structure for starbookings
-- ----------------------------
DROP TABLE IF EXISTS `starbookings`;
CREATE TABLE `starbookings`  (
  `id` int NOT NULL AUTO_INCREMENT,
  `hotel_id` int NOT NULL,
  `room_type_id` int NOT NULL,
  `guest_id` bigint NOT NULL,
  `contact_number` varchar(20) CHARACTER SET utf8mb4 COLLATE utf8mb4_0900_ai_ci NULL DEFAULT NULL,
  `recorded` tinyint(1) NULL DEFAULT NULL,
  `check_in_time` datetime NULL DEFAULT NULL,
  `check_out_time` datetime NULL DEFAULT NULL,
  `guest_name` varchar(255) CHARACTER SET utf8mb4 COLLATE utf8mb4_0900_ai_ci NULL DEFAULT NULL,
  `owner_id` bigint NULL DEFAULT NULL,
  PRIMARY KEY (`id`) USING BTREE,
  INDEX `hotel_id`(`hotel_id` ASC) USING BTREE,
  INDEX `room_type_id`(`room_type_id` ASC) USING BTREE,
  INDEX `guest_id`(`guest_id` ASC) USING BTREE,
  INDEX `sb_owner_id`(`owner_id` ASC) USING BTREE,
  CONSTRAINT `sb_owner_id` FOREIGN KEY (`owner_id`) REFERENCES `sys_user` (`user_id`) ON DELETE RESTRICT ON UPDATE RESTRICT,
  CONSTRAINT `starbookings_ibfk_1` FOREIGN KEY (`hotel_id`) REFERENCES `starhotels` (`id`) ON DELETE CASCADE ON UPDATE RESTRICT,
  CONSTRAINT `starbookings_ibfk_2` FOREIGN KEY (`room_type_id`) REFERENCES `starroomtypes` (`id`) ON DELETE CASCADE ON UPDATE RESTRICT,
  CONSTRAINT `starbookings_ibfk_3` FOREIGN KEY (`guest_id`) REFERENCES `sys_user` (`user_id`) ON DELETE CASCADE ON UPDATE RESTRICT
) ENGINE = InnoDB AUTO_INCREMENT = 5 CHARACTER SET = utf8mb4 COLLATE = utf8mb4_0900_ai_ci ROW_FORMAT = DYNAMIC;

-- ----------------------------
-- Records of starbookings
-- ----------------------------
INSERT INTO `starbookings` VALUES (2, 1, 1, 1, '123', 1, '2024-07-10 00:00:00', '2024-07-12 00:00:00', '12', 100);
INSERT INTO `starbookings` VALUES (3, 1, 2, 1, '18888888888', 1, '2024-07-10 16:00:00', '2024-07-30 16:00:00', '张三', NULL);
INSERT INTO `starbookings` VALUES (4, 1, 79, 1, '18888888889', NULL, '2024-07-10 16:00:00', '2024-07-30 16:00:00', '张三', NULL);

-- ----------------------------
-- Table structure for starhotelreviews
-- ----------------------------
DROP TABLE IF EXISTS `starhotelreviews`;
CREATE TABLE `starhotelreviews`  (
  `id` int NOT NULL AUTO_INCREMENT,
  `hotel_id` int NOT NULL,
  `content` varchar(255) CHARACTER SET utf8mb4 COLLATE utf8mb4_0900_ai_ci NOT NULL,
  `guest_id` bigint NOT NULL,
  `rating` int NOT NULL,
  `room_type_id` int NULL DEFAULT NULL,
  `review_date` datetime NULL DEFAULT NULL,
  PRIMARY KEY (`id`) USING BTREE,
  INDEX `hotel_id`(`hotel_id` ASC) USING BTREE,
  INDEX `guest_id`(`guest_id` ASC) USING BTREE,
  CONSTRAINT `starhotelreviews_ibfk_1` FOREIGN KEY (`hotel_id`) REFERENCES `starhotels` (`id`) ON DELETE CASCADE ON UPDATE RESTRICT,
  CONSTRAINT `starhotelreviews_ibfk_2` FOREIGN KEY (`guest_id`) REFERENCES `sys_user` (`user_id`) ON DELETE RESTRICT ON UPDATE RESTRICT
) ENGINE = InnoDB AUTO_INCREMENT = 200 CHARACTER SET = utf8mb4 COLLATE = utf8mb4_0900_ai_ci ROW_FORMAT = DYNAMIC;

-- ----------------------------
-- Records of starhotelreviews
-- ----------------------------
INSERT INTO `starhotelreviews` VALUES (2, 7, '房间很舒适，服务也很周到', 1, 88, 115, '2023-07-01 00:00:00');
INSERT INTO `starhotelreviews` VALUES (3, 7, '位置很好，交通便利', 2, 90, 116, '2023-07-02 00:00:00');
INSERT INTO `starhotelreviews` VALUES (4, 7, '早餐种类丰富，味道不错', 1, 88, 117, '2023-07-03 00:00:00');
INSERT INTO `starhotelreviews` VALUES (5, 7, '房间干净整洁，住得很舒服', 2, 92, 118, '2023-07-04 00:00:00');
INSERT INTO `starhotelreviews` VALUES (6, 7, '前台服务热情，效率高', 1, 87, 115, '2023-07-05 00:00:00');
INSERT INTO `starhotelreviews` VALUES (7, 7, '酒店环境优雅，很适合度假', 2, 93, 116, '2023-07-06 00:00:00');
INSERT INTO `starhotelreviews` VALUES (8, 7, '床很舒服，睡眠质量高', 1, 89, 117, '2023-07-07 00:00:00');
INSERT INTO `starhotelreviews` VALUES (9, 7, '性价比不错，值得推荐', 2, 86, 118, '2023-07-08 00:00:00');
INSERT INTO `starhotelreviews` VALUES (10, 7, '设施齐全，健身房很棒', 1, 91, 115, '2023-07-09 00:00:00');
INSERT INTO `starhotelreviews` VALUES (11, 7, '员工服务态度很好', 2, 88, 116, '2023-07-10 00:00:00');
INSERT INTO `starhotelreviews` VALUES (12, 8, '地理位置优越，出行方便', 1, 89, 119, '2023-07-11 00:00:00');
INSERT INTO `starhotelreviews` VALUES (13, 8, '房间宽敞明亮，很舒适', 2, 92, 120, '2023-07-12 00:00:00');
INSERT INTO `starhotelreviews` VALUES (14, 8, '服务周到，解决问题及时', 1, 87, 121, '2023-07-13 00:00:00');
INSERT INTO `starhotelreviews` VALUES (15, 8, '早餐品种多，很美味', 2, 90, 122, '2023-07-14 00:00:00');
INSERT INTO `starhotelreviews` VALUES (16, 8, '酒店环境安静，适合休息', 1, 88, 123, '2023-07-15 00:00:00');
INSERT INTO `starhotelreviews` VALUES (17, 8, '性价比高，下次还会选择', 2, 91, 119, '2023-07-16 00:00:00');
INSERT INTO `starhotelreviews` VALUES (18, 8, '床品舒适，睡眠质量好', 1, 93, 120, '2023-07-17 00:00:00');
INSERT INTO `starhotelreviews` VALUES (19, 8, '前台服务效率高，态度好', 2, 86, 121, '2023-07-18 00:00:00');
INSERT INTO `starhotelreviews` VALUES (20, 8, '房间干净整洁，无异味', 1, 89, 122, '2023-07-19 00:00:00');
INSERT INTO `starhotelreviews` VALUES (21, 8, '整体体验不错，推荐入住', 2, 90, 123, '2023-07-20 00:00:00');
INSERT INTO `starhotelreviews` VALUES (22, 9, '环境优美，服务一流', 1, 95, 124, '2023-07-21 00:00:00');
INSERT INTO `starhotelreviews` VALUES (23, 9, '餐厅的食物非常美味', 2, 92, 125, '2023-07-22 00:00:00');
INSERT INTO `starhotelreviews` VALUES (24, 9, '房间设计很有特色', 1, 88, 126, '2023-07-23 00:00:00');
INSERT INTO `starhotelreviews` VALUES (25, 9, '服务人员专业且友好', 2, 93, 127, '2023-07-24 00:00:00');
INSERT INTO `starhotelreviews` VALUES (26, 9, '位置便利，周边设施齐全', 1, 91, 128, '2023-07-25 00:00:00');
INSERT INTO `starhotelreviews` VALUES (27, 9, '游泳池很棒，很享受', 2, 94, 124, '2023-07-26 00:00:00');
INSERT INTO `starhotelreviews` VALUES (28, 9, '商务中心设施完善', 1, 89, 125, '2023-07-27 00:00:00');
INSERT INTO `starhotelreviews` VALUES (29, 9, '房间隔音效果好，很安静', 2, 90, 126, '2023-07-28 00:00:00');
INSERT INTO `starhotelreviews` VALUES (30, 9, '酒店整体氛围很好', 1, 92, 127, '2023-07-29 00:00:00');
INSERT INTO `starhotelreviews` VALUES (31, 9, '前台check-in很快捷', 2, 87, 128, '2023-07-30 00:00:00');
INSERT INTO `starhotelreviews` VALUES (32, 10, '房间宽敞明亮，视野很好', 1, 87, 129, '2022-08-01 00:00:00');
INSERT INTO `starhotelreviews` VALUES (33, 10, '床很舒服，睡眠质量高', 2, 89, 130, '2022-08-02 00:00:00');
INSERT INTO `starhotelreviews` VALUES (34, 10, '服务细致入微，很贴心', 1, 92, 131, '2022-08-03 00:00:00');
INSERT INTO `starhotelreviews` VALUES (35, 10, '早餐品种丰富，很满意', 2, 90, 132, '2022-08-04 00:00:00');
INSERT INTO `starhotelreviews` VALUES (36, 10, '酒店装修很有格调', 1, 88, 133, '2022-08-05 00:00:00');
INSERT INTO `starhotelreviews` VALUES (37, 10, '地理位置优越，很方便', 2, 91, 134, '2022-08-06 00:00:00');
INSERT INTO `starhotelreviews` VALUES (38, 10, '房间干净整洁，无可挑剔', 1, 93, 129, '2022-08-07 00:00:00');
INSERT INTO `starhotelreviews` VALUES (39, 10, '健身设施很齐全', 2, 86, 130, '2022-08-08 00:00:00');
INSERT INTO `starhotelreviews` VALUES (40, 10, '服务人员训练有素', 1, 89, 131, '2022-08-09 00:00:00');
INSERT INTO `starhotelreviews` VALUES (41, 10, '整体体验很好，值得推荐', 2, 90, 132, '2022-08-10 00:00:00');
INSERT INTO `starhotelreviews` VALUES (42, 11, '前台服务热情周到', 1, 83, 135, '2022-08-11 00:00:00');
INSERT INTO `starhotelreviews` VALUES (43, 11, '酒店设施齐全，很方便', 2, 86, 136, '2022-08-12 00:00:00');
INSERT INTO `starhotelreviews` VALUES (44, 11, '房间干净舒适，很满意', 1, 89, 137, '2022-08-13 00:00:00');
INSERT INTO `starhotelreviews` VALUES (45, 11, '地理位置好，交通便利', 2, 91, 138, '2022-08-14 00:00:00');
INSERT INTO `starhotelreviews` VALUES (46, 11, '服务态度很好，解决问题及时', 1, 87, 139, '2022-08-15 00:00:00');
INSERT INTO `starhotelreviews` VALUES (47, 11, '早餐种类多，味道不错', 2, 88, 135, '2022-08-16 00:00:00');
INSERT INTO `starhotelreviews` VALUES (48, 11, '房间隔音效果好，睡眠质量高', 1, 90, 136, '2022-08-17 00:00:00');
INSERT INTO `starhotelreviews` VALUES (49, 11, '性价比高，值得再次入住', 2, 85, 137, '2022-08-18 00:00:00');
INSERT INTO `starhotelreviews` VALUES (50, 11, '酒店环境优雅，很舒服', 1, 92, 138, '2022-08-19 00:00:00');
INSERT INTO `starhotelreviews` VALUES (51, 11, '员工服务专业，印象深刻', 2, 84, 139, '2022-08-20 00:00:00');
INSERT INTO `starhotelreviews` VALUES (52, 12, '性价比很高，推荐入住', 1, 80, 140, '2022-08-21 00:00:00');
INSERT INTO `starhotelreviews` VALUES (53, 12, '房间隔音效果好，很安静', 2, 85, 141, '2022-08-22 00:00:00');
INSERT INTO `starhotelreviews` VALUES (54, 12, '位置便利，周边配套齐全', 1, 88, 142, '2022-08-23 00:00:00');
INSERT INTO `starhotelreviews` VALUES (55, 12, '服务态度友好，体验不错', 2, 82, 143, '2022-08-24 00:00:00');
INSERT INTO `starhotelreviews` VALUES (56, 12, '房间干净整洁，无异味', 1, 86, 140, '2022-08-25 00:00:00');
INSERT INTO `starhotelreviews` VALUES (57, 12, '早餐种类还可以，味道还行', 2, 79, 141, '2022-08-26 00:00:00');
INSERT INTO `starhotelreviews` VALUES (58, 12, '前台服务效率高，态度好', 1, 83, 142, '2022-08-27 00:00:00');
INSERT INTO `starhotelreviews` VALUES (59, 12, '性价比不错，适合短期住宿', 2, 81, 143, '2022-08-28 00:00:00');
INSERT INTO `starhotelreviews` VALUES (60, 12, '整体体验还行，符合预期', 1, 84, 140, '2022-08-29 00:00:00');
INSERT INTO `starhotelreviews` VALUES (61, 12, '设施基本齐全，满足日常需求', 2, 78, 141, '2022-08-30 00:00:00');
INSERT INTO `starhotelreviews` VALUES (62, 13, '地理位置优越，交通便利', 1, 92, 144, '2023-09-01 00:00:00');
INSERT INTO `starhotelreviews` VALUES (63, 13, '服务态度很好，体验愉快', 2, 89, 145, '2023-09-02 00:00:00');
INSERT INTO `starhotelreviews` VALUES (64, 13, '房间干净舒适，设施齐全', 1, 90, 146, '2023-09-03 00:00:00');
INSERT INTO `starhotelreviews` VALUES (65, 13, '早餐种类丰富，味道不错', 2, 88, 147, '2023-09-04 00:00:00');
INSERT INTO `starhotelreviews` VALUES (66, 13, '前台服务效率高，很专业', 1, 91, 148, '2023-09-05 00:00:00');
INSERT INTO `starhotelreviews` VALUES (67, 13, '酒店环境优雅，很适合度假', 2, 93, 149, '2023-09-06 00:00:00');
INSERT INTO `starhotelreviews` VALUES (68, 13, '性价比高，值得再次入住', 1, 87, 150, '2023-09-07 00:00:00');
INSERT INTO `starhotelreviews` VALUES (69, 13, '房间隔音效果好，睡眠质量高', 2, 86, 144, '2023-09-08 00:00:00');
INSERT INTO `starhotelreviews` VALUES (70, 13, '员工服务周到，解决问题及时', 1, 90, 145, '2023-09-09 00:00:00');
INSERT INTO `starhotelreviews` VALUES (71, 13, '整体体验很棒，强烈推荐', 2, 94, 146, '2023-09-10 00:00:00');
INSERT INTO `starhotelreviews` VALUES (72, 14, '性价比高，住宿体验好', 1, 85, 151, '2023-09-11 00:00:00');
INSERT INTO `starhotelreviews` VALUES (73, 14, '地理位置方便，出行便利', 2, 88, 152, '2023-09-12 00:00:00');
INSERT INTO `starhotelreviews` VALUES (74, 14, '房间整洁，基本设施齐全', 1, 82, 153, '2023-09-13 00:00:00');
INSERT INTO `starhotelreviews` VALUES (75, 14, '服务态度友好，效率还可以', 2, 80, 154, '2023-09-14 00:00:00');
INSERT INTO `starhotelreviews` VALUES (76, 14, '早餐种类一般，但干净卫生', 1, 79, 155, '2023-09-15 00:00:00');
INSERT INTO `starhotelreviews` VALUES (77, 14, '酒店环境还不错，比较安静', 2, 83, 156, '2023-09-16 00:00:00');
INSERT INTO `starhotelreviews` VALUES (78, 14, '前台服务态度好，办理入住快捷', 1, 86, 157, '2023-09-17 00:00:00');
INSERT INTO `starhotelreviews` VALUES (79, 14, '房间隔音一般，但可以接受', 2, 81, 151, '2023-09-18 00:00:00');
INSERT INTO `starhotelreviews` VALUES (80, 14, '整体来说还不错，适合商务出行', 1, 84, 152, '2023-09-19 00:00:00');
INSERT INTO `starhotelreviews` VALUES (81, 14, '性价比不错，符合预期', 2, 87, 153, '2023-09-20 00:00:00');
INSERT INTO `starhotelreviews` VALUES (82, 15, '酒店位置很好，交通便利', 1, 89, 158, '2023-09-21 00:00:00');
INSERT INTO `starhotelreviews` VALUES (83, 15, '服务态度友好，体验愉快', 2, 91, 159, '2023-09-22 00:00:00');
INSERT INTO `starhotelreviews` VALUES (84, 15, '房间干净整洁，设施完善', 1, 88, 160, '2023-09-23 00:00:00');
INSERT INTO `starhotelreviews` VALUES (85, 15, '早餐种类丰富，口味不错', 2, 90, 161, '2023-09-24 00:00:00');
INSERT INTO `starhotelreviews` VALUES (86, 15, '前台服务效率高，很专业', 1, 87, 162, '2023-09-25 00:00:00');
INSERT INTO `starhotelreviews` VALUES (87, 15, '酒店环境优雅，适合休闲', 2, 92, 163, '2023-09-26 00:00:00');
INSERT INTO `starhotelreviews` VALUES (88, 15, '性价比高，值得推荐', 1, 86, 158, '2023-09-27 00:00:00');
INSERT INTO `starhotelreviews` VALUES (89, 15, '房间隔音效果好，睡眠质量高', 2, 89, 159, '2023-09-28 00:00:00');
INSERT INTO `starhotelreviews` VALUES (90, 15, '员工服务周到，解决问题及时', 1, 90, 160, '2023-09-29 00:00:00');
INSERT INTO `starhotelreviews` VALUES (91, 15, '整体体验很棒，会再次入住', 2, 93, 161, '2023-09-30 00:00:00');
INSERT INTO `starhotelreviews` VALUES (92, 16, '性价比高，住宿体验不错', 1, 82, 164, '2022-10-01 00:00:00');
INSERT INTO `starhotelreviews` VALUES (93, 16, '地理位置方便，周边设施齐全', 2, 85, 165, '2022-10-02 00:00:00');
INSERT INTO `starhotelreviews` VALUES (94, 16, '房间整洁，基本设施齐全', 1, 80, 166, '2022-10-03 00:00:00');
INSERT INTO `starhotelreviews` VALUES (95, 16, '服务态度还可以，效率一般', 2, 78, 167, '2022-10-04 00:00:00');
INSERT INTO `starhotelreviews` VALUES (96, 16, '早餐种类不多，但干净卫生', 1, 77, 168, '2022-10-05 00:00:00');
INSERT INTO `starhotelreviews` VALUES (97, 16, '酒店环境一般，但比较安静', 2, 81, 169, '2022-10-06 00:00:00');
INSERT INTO `starhotelreviews` VALUES (98, 16, '前台服务态度好，入住顺利', 1, 83, 164, '2022-10-07 00:00:00');
INSERT INTO `starhotelreviews` VALUES (99, 16, '房间隔音一般，但可以接受', 2, 79, 165, '2022-10-08 00:00:00');
INSERT INTO `starhotelreviews` VALUES (100, 16, '整体来说还行，适合短期住宿', 1, 82, 166, '2022-10-09 00:00:00');
INSERT INTO `starhotelreviews` VALUES (101, 16, '性价比不错，符合预期', 2, 84, 167, '2022-10-10 00:00:00');
INSERT INTO `starhotelreviews` VALUES (102, 17, '酒店地理位置优越，出行非常方便', 1, 88, 170, '2022-10-11 00:00:00');
INSERT INTO `starhotelreviews` VALUES (103, 17, '服务态度很好，员工很热情', 2, 90, 171, '2022-10-12 00:00:00');
INSERT INTO `starhotelreviews` VALUES (104, 17, '房间干净整洁，设施齐全', 1, 87, 172, '2022-10-13 00:00:00');
INSERT INTO `starhotelreviews` VALUES (105, 17, '早餐种类丰富，味道不错', 2, 89, 173, '2022-10-14 00:00:00');
INSERT INTO `starhotelreviews` VALUES (106, 17, '前台服务效率高，入住体验好', 1, 86, 174, '2022-10-15 00:00:00');
INSERT INTO `starhotelreviews` VALUES (107, 17, '酒店环境优美，很适合度假', 2, 91, 170, '2022-10-16 00:00:00');
INSERT INTO `starhotelreviews` VALUES (108, 17, '性价比高，值得再次入住', 1, 85, 171, '2022-10-17 00:00:00');
INSERT INTO `starhotelreviews` VALUES (109, 17, '房间隔音效果好，睡眠质量高', 2, 88, 172, '2022-10-18 00:00:00');
INSERT INTO `starhotelreviews` VALUES (110, 17, '员工服务周到，解决问题及时', 1, 89, 173, '2022-10-19 00:00:00');
INSERT INTO `starhotelreviews` VALUES (111, 17, '整体体验很棒，推荐入住', 2, 92, 174, '2022-10-20 00:00:00');
INSERT INTO `starhotelreviews` VALUES (112, 18, '位置便利，周边设施齐全', 1, 84, 175, '2022-10-21 00:00:00');
INSERT INTO `starhotelreviews` VALUES (113, 18, '房间舒适，但略显陈旧', 2, 82, 176, '2022-10-22 00:00:00');
INSERT INTO `starhotelreviews` VALUES (114, 18, '服务态度友好，效率一般', 1, 83, 177, '2022-10-23 00:00:00');
INSERT INTO `starhotelreviews` VALUES (115, 18, '早餐种类还可以，味道一般', 2, 81, 178, '2022-10-24 00:00:00');
INSERT INTO `starhotelreviews` VALUES (116, 18, '性价比不错，适合商务出行', 1, 85, 179, '2022-10-25 00:00:00');
INSERT INTO `starhotelreviews` VALUES (117, 18, '酒店环境安静，适合休息', 2, 86, 175, '2022-10-26 00:00:00');
INSERT INTO `starhotelreviews` VALUES (118, 18, '前台服务态度好，入住顺利', 1, 84, 176, '2022-10-27 00:00:00');
INSERT INTO `starhotelreviews` VALUES (119, 18, '房间隔音一般，但可以接受', 2, 82, 177, '2022-10-28 00:00:00');
INSERT INTO `starhotelreviews` VALUES (120, 18, '整体体验还行，符合预期', 1, 83, 178, '2022-10-29 00:00:00');
INSERT INTO `starhotelreviews` VALUES (121, 18, '设施基本齐全，满足日常需求', 2, 85, 179, '2022-10-30 00:00:00');
INSERT INTO `starhotelreviews` VALUES (122, 19, '酒店位置很好，交通便利', 1, 91, 180, '2022-11-01 00:00:00');
INSERT INTO `starhotelreviews` VALUES (123, 19, '服务态度优秀，体验愉快', 2, 93, 181, '2022-11-02 00:00:00');
INSERT INTO `starhotelreviews` VALUES (124, 19, '房间宽敞明亮，设施现代化', 1, 90, 182, '2022-11-03 00:00:00');
INSERT INTO `starhotelreviews` VALUES (125, 19, '早餐种类丰富，品质高', 2, 92, 183, '2022-11-04 00:00:00');
INSERT INTO `starhotelreviews` VALUES (126, 19, '前台服务专业，效率很高', 1, 89, 184, '2022-11-05 00:00:00');
INSERT INTO `starhotelreviews` VALUES (127, 19, '酒店环境优雅，很有格调', 2, 94, 180, '2022-11-06 00:00:00');
INSERT INTO `starhotelreviews` VALUES (128, 19, '性价比高，绝对值得入住', 1, 88, 181, '2022-11-07 00:00:00');
INSERT INTO `starhotelreviews` VALUES (129, 19, '房间隔音效果极佳', 2, 91, 182, '2022-11-08 00:00:00');
INSERT INTO `starhotelreviews` VALUES (130, 19, '员工服务周到，问题解决迅速', 1, 92, 183, '2022-11-09 00:00:00');
INSERT INTO `starhotelreviews` VALUES (131, 19, '整体体验卓越，强烈推荐', 2, 95, 185, '2022-11-10 00:00:00');
INSERT INTO `starhotelreviews` VALUES (132, 20, '地理位置便利，但略显嘈杂', 1, 79, 186, '2022-11-11 00:00:00');
INSERT INTO `starhotelreviews` VALUES (133, 20, '房间基本整洁，设施一般', 2, 81, 187, '2022-11-12 00:00:00');
INSERT INTO `starhotelreviews` VALUES (134, 20, '服务态度还可以，但不够专业', 1, 78, 188, '2022-11-13 00:00:00');
INSERT INTO `starhotelreviews` VALUES (135, 20, '早餐种类有限，味道一般', 2, 80, 189, '2022-11-14 00:00:00');
INSERT INTO `starhotelreviews` VALUES (136, 20, '性价比一般，略显昂贵', 1, 77, 190, '2022-11-15 00:00:00');
INSERT INTO `starhotelreviews` VALUES (137, 20, '酒店环境普通，没有特色', 2, 82, 191, '2022-11-16 00:00:00');
INSERT INTO `starhotelreviews` VALUES (138, 20, '前台服务效率一般', 1, 79, 192, '2022-11-17 00:00:00');
INSERT INTO `starhotelreviews` VALUES (139, 20, '房间隔音效果较差', 2, 78, 191, '2022-11-18 00:00:00');
INSERT INTO `starhotelreviews` VALUES (140, 20, '整体体验一般，有待改进', 1, 80, 189, '2022-11-19 00:00:00');
INSERT INTO `starhotelreviews` VALUES (141, 20, '设施略显陈旧，需要更新', 2, 81, 190, '2022-11-20 00:00:00');
INSERT INTO `starhotelreviews` VALUES (142, 21, '这家酒店的地理位置非常优越,位于市中心,周边购物中心和餐厅林立,交通也十分便利。房间宽敞明亮,装修风格现代简约,床铺舒适度很高,睡眠质量不错。浴室干净整洁,提供优质的洗浴用品。早餐种类丰富,有中西式搭配,口味也不错。健身房设备齐全,泳池干净卫生。唯一美中不足的是房间隔音效果稍差,能听到走廊的声音。总的来说,这是一次愉快的住宿体验,性价比很高,值得推荐。', 1, 88, 193, '2022-11-21 00:00:00');
INSERT INTO `starhotelreviews` VALUES (143, 21, '入住体验相当不错。酒店位置便利,靠近地铁站,出行方便。前台服务态度友好,办理入住手续迅速。房间干净整洁,面积适中,家具配置齐全。床垫和枕头舒适度高,保证了良好的睡眠质量。浴室虽然不大但功能齐全,热水供应充足。早餐种类丰富,品质上乘,尤其喜欢他们的新鲜水果和现煮咖啡。酒店的公共区域环境优雅,适合商务会面。唯一的小缺点是房间的空调声音稍大,对睡眠质量有轻微影响。总体而言,这是一家性价比很高的商务酒店,值得再次光顾。', 2, 90, 194, '2022-11-22 00:00:00');
INSERT INTO `starhotelreviews` VALUES (144, 21, '这家酒店给我留下了深刻印象。地理位置优越,紧邻商业区和多个景点。房间宽敞舒适,采光充足,视野开阔。床品质量上乘,睡眠体验极佳。浴室干净整洁,提供高品质洗浴用品。早餐种类繁多,品质高,特别是当地特色美食令人印象深刻。健身中心设备先进,泳池清洁卫生。员工服务热情周到,能迅速响应客人需求。酒店还提供免费的欢迎果盘和矿泉水,体现了对客人的重视。唯一的小缺点是房间隔音效果一般,但不影响整体体验。强烈推荐给商务和休闲旅客。', 2, 92, 195, '2022-11-23 00:00:00');
INSERT INTO `starhotelreviews` VALUES (145, 21, '对这家酒店的印象非常好。位置优越,交通便利,周边设施齐全。前台服务效率高,态度友好。房间干净整洁,面积适中,设施齐全且保养良好。床铺舒适,睡眠质量高。浴室虽小但功能齐全,热水充足。早餐品种丰富,口味不错,尤其喜欢他们的新鲜果汁。酒店公共区域环境优雅,适合放松和社交。健身房虽小但设备齐全。唯一的小问题是Wi-Fi信号在房间角落有时不太稳定。总的来说,这是一家性价比很高的酒店,非常适合商务和休闲旅客。', 1, 89, 196, '2022-11-24 00:00:00');
INSERT INTO `starhotelreviews` VALUES (146, 21, '这家酒店给我留下了很好的印象。地理位置极佳,位于市中心,出行购物都很方便。房间宽敞明亮,装修风格现代简约,很有品味。床铺舒适度高,睡眠质量很好。浴室干净整洁,淋浴水压充足。早餐种类丰富,质量上乘,特别是他们的现煮咖啡,味道一流。健身房设备齐全,适合日常锻炼。员工服务态度友好专业,能快速解决客人的问题。酒店还提供了很多贴心的小细节,如免费矿泉水和欢迎水果。唯一的小缺点是房间的空调稍有噪音,但不影响整体体验。强烈推荐这家酒店。', 1, 91, 197, '2022-11-25 00:00:00');
INSERT INTO `starhotelreviews` VALUES (147, 21, '这家酒店的住宿体验非常棒。首先,地理位置优越,紧邻地铁站和多个景点,出行非常方便。房间干净整洁,空间宽敞,采光很好。床垫和枕头质量上乘,保证了高质量的睡眠。浴室虽然不大,但设计合理,功能齐全。早餐种类多样,有多国料理,口味authentic。健身房设备新颖,泳池干净卫生。最让人印象深刻的是员工的服务,热情周到又不失专业。酒店的公共区域环境优雅,很适合放松和社交。唯一的小缺点是房间隔音效果一般,但考虑到酒店的整体表现,这完全可以接受。强烈推荐这家酒店。', 2, 93, 198, '2022-11-26 00:00:00');
INSERT INTO `starhotelreviews` VALUES (148, 21, '这家酒店给我的整体印象相当不错。地理位置优越,位于市中心,周边商业设施齐全,交通便利。房间布置温馨舒适,虽然面积不是特别大,但设计巧妙,空间利用率高。床铺舒适度很好,睡眠质量有保证。浴室干净整洁,提供优质的洗浴用品。早餐种类丰富,品质上乘,尤其喜欢他们的新鲜水果和各式面包。健身房设备齐全,泳池环境优美。前台服务态度友好,效率高。唯一的小缺点是房间的空调声音稍大,但不影响总体体验。综合考虑,这是一家性价比很高的酒店,值得推荐。', 2, 88, 193, '2022-11-27 00:00:00');
INSERT INTO `starhotelreviews` VALUES (149, 21, '我对这家酒店的印象非常好。首先,位置极佳,位于市中心,出行购物都很便利。房间宽敞明亮,装修风格现代简约,很有品味。床铺舒适度高,保证了良好的睡眠质量。浴室虽小但功能齐全,热水供应充足。早餐种类丰富,质量上乘,特别是他们的现煮咖啡,味道一流。健身房设备先进,适合各种锻炼需求。员工服务态度热情专业,能快速响应客人需求。酒店还提供了很多贴心的小细节,如免费高速Wi-Fi和欢迎饮品。唯一的小缺点是房间隔音效果一般,但不影响整体的优质体验。强烈推荐这家酒店。', 1, 92, 194, '2022-11-28 00:00:00');
INSERT INTO `starhotelreviews` VALUES (150, 21, '这家酒店给我留下了深刻的印象。地理位置优越,紧邻商业区和多个著名景点。房间宽敞舒适,采光充足,视野开阔。床品质量上乘,睡眠体验极佳。浴室干净整洁,提供高品质洗浴用品。早餐种类繁多,品质高,特别是当地特色美食令人印象深刻。健身中心设备先进,泳池清洁卫生。员工服务热情周到,能迅速响应客人需求。酒店还提供免费的欢迎果盘和矿泉水,体现了对客人的重视。唯一的小缺点是房间的空调噪音稍大,但考虑到酒店的整体表现,这是可以接受的。总的来说,这是一次近乎完美的住宿体验,强烈推荐。', 1, 94, 195, '2022-11-29 00:00:00');
INSERT INTO `starhotelreviews` VALUES (151, 21, '对这家酒店的整体印象非常好。位置优越,交通便利,周边设施齐全。前台服务效率高,态度友好。房间干净整洁,面积适中,设施齐全且保养良好。床铺舒适,睡眠质量高。浴室虽小但功能齐全,热水充足。早餐品种丰富,口味不错,尤其喜欢他们的新鲜果汁。酒店公共区域环境优雅,适合放松和社交。健身房设备齐全,泳池干净卫生。唯一的小问题是房间隔音效果一般,能听到一些走廊的声音。但考虑到酒店的整体表现和价格,这是完全可以接受的。总的来说,这是一家性价比很高的酒店,非常适合商务和休闲旅客。', 2, 90, 196, '2022-11-30 00:00:00');
INSERT INTO `starhotelreviews` VALUES (152, 22, '这家酒店给我留下了深刻的印象。地理位置优越,位于市中心,交通便利,周边设施齐全。房间宽敞明亮,装修风格现代简约,很有品味。床铺舒适度高,保证了优质的睡眠体验。浴室干净整洁,提供高品质的洗浴用品。早餐种类丰富,品质上乘,尤其喜欢他们的本地特色菜品。健身房设备先进,泳池干净卫生。员工服务热情周到,能迅速响应客人需求。唯一的小缺点是房间隔音效果一般,但不影响整体的优质体验。强烈推荐这家酒店。', 1, 92, 199, '2022-12-01 00:00:00');
INSERT INTO `starhotelreviews` VALUES (153, 22, '对这家酒店的印象相当不错。位置便利,靠近地铁站和多个景点。前台服务效率高,态度友好。房间整洁舒适,虽然面积不是特别大,但设计合理,空间利用率高。床铺质量很好,睡眠无忧。浴室虽小但功能齐全,热水充足。早餐品种多样,口味不错,尤其推荐他们的新鲜水果和咖啡。健身房设备齐全,适合日常锻炼。公共区域环境优雅,很适合放松和社交。唯一美中不足的是房间的空调声音稍大,但考虑到整体表现,这是可以接受的。总的来说,这是一家性价比很高的酒店。', 2, 88, 200, '2022-12-02 00:00:00');
INSERT INTO `starhotelreviews` VALUES (154, 22, '这家酒店给我留下了很好的印象。地理位置极佳,位于商业中心,出行购物都很方便。房间宽敞明亮,采光很好,视野开阔。床品质量上乘,睡眠体验极佳。浴室干净整洁,提供优质洗浴用品。早餐种类繁多,品质高,特别是他们的现煮咖啡,味道一流。健身中心设备新颖,泳池环境优美。最让人印象深刻的是员工的服务,专业细致又不失亲和力。酒店还提供了很多贴心的小细节,如免费迎宾饮料和水果。唯一的小缺点是房间Wi-Fi信号有时不太稳定,但整体而言,这是一次近乎完美的住宿体验。', 1, 94, 201, '2022-12-03 00:00:00');
INSERT INTO `starhotelreviews` VALUES (155, 22, '我对这家酒店的评价总体是积极的。地理位置优越,交通便利,周边商业设施齐全。房间干净整洁,面积适中,家具配置齐全。床垫和枕头舒适度高,保证了良好的睡眠质量。浴室虽然不大但功能齐全,热水供应充足。早餐种类丰富,品质上乘,尤其喜欢他们的新鲜果汁。健身房虽小但设备齐全,适合日常锻炼。前台服务态度友好,效率高。唯一的小问题是房间隔音效果一般,能听到一些走廊的声音。但考虑到酒店的整体表现和价格,这是完全可以接受的。推荐给商务和休闲旅客。', 2, 87, 202, '2022-12-04 00:00:00');
INSERT INTO `starhotelreviews` VALUES (156, 22, '这家酒店的住宿体验相当愉快。首先,地理位置优越,紧邻地铁站和多个著名景点,出行非常方便。房间宽敞舒适,装修风格现代简约,很有格调。床铺舒适度高,睡眠质量有保证。浴室干净整洁,淋浴水压充足。早餐种类多样,有多国料理,口味authentic。健身中心设备先进,泳池清洁卫生。员工服务热情周到,能迅速解决客人的问题。酒店的公共区域环境优雅,很适合放松和社交。唯一的小缺点是房间的空调稍有噪音,但不影响整体的优质体验。强烈推荐这家酒店。', 1, 91, 199, '2022-12-05 00:00:00');
INSERT INTO `starhotelreviews` VALUES (157, 22, '对这家酒店的印象非常好。位置极佳,位于市中心,周边购物中心和餐厅林立,交通也十分便利。房间干净整洁,面积适中,设施齐全且保养良好。床铺舒适,睡眠质量高。浴室虽小但功能齐全,热水充足。早餐品种丰富,口味不错,尤其喜欢他们的新鲜水果和各式面包。健身房设备齐全,泳池环境优美。前台服务态度友好,效率高。酒店还提供了很多贴心的小细节,如免费高速Wi-Fi和欢迎饮品。唯一的小缺点是房间隔音效果一般,但不影响整体的优质体验。总的来说,这是一家值得推荐的酒店。', 2, 90, 200, '2022-12-06 00:00:00');
INSERT INTO `starhotelreviews` VALUES (158, 22, '这家酒店给我留下了深刻的印象。地理位置优越,紧邻商业区和多个景点。房间宽敞舒适,采光充足,视野开阔。床品质量上乘,睡眠体验极佳。浴室干净整洁,提供高品质洗浴用品。早餐种类繁多,品质高,特别是当地特色美食令人印象深刻。健身中心设备先进,泳池清洁卫生。员工服务热情周到,能迅速响应客人需求。酒店还提供免费的欢迎果盘和矿泉水,体现了对客人的重视。唯一的小缺点是房间的空调噪音稍大,但考虑到酒店的整体表现,这是可以接受的。总的来说,这是一次近乎完美的住宿体验。', 1, 93, 201, '2022-12-07 00:00:00');
INSERT INTO `starhotelreviews` VALUES (159, 22, '我对这家酒店的评价是相当积极的。位置优越,交通便利,周边设施齐全。前台服务效率高,态度友好。房间整洁舒适,面积适中,家具配置齐全。床铺质量很好,保证了高质量的睡眠。浴室虽然不大但功能齐全,热水供应充足。早餐种类丰富,品质上乘,尤其喜欢他们的新鲜果汁和咖啡。健身房设备齐全,适合日常锻炼。公共区域环境优雅,很适合放松和社交。唯一的小问题是房间Wi-Fi信号在某些角落不太稳定。但总的来说,这是一家性价比很高的酒店,非常适合商务和休闲旅客。', 2, 89, 202, '2022-12-08 00:00:00');
INSERT INTO `starhotelreviews` VALUES (160, 22, '这家酒店的住宿体验非常棒。首先,地理位置优越,位于市中心,出行购物都很便利。房间宽敞明亮,装修风格现代简约,很有品味。床铺舒适度高,保证了优质的睡眠体验。浴室干净整洁,提供高品质的洗浴用品。早餐种类丰富,品质上乘,尤其喜欢他们的本地特色菜品。健身房设备先进,泳池干净卫生。员工服务热情周到,能迅速响应客人需求。酒店还提供了很多贴心的小细节,如免费迎宾饮料和水果。唯一的小缺点是房间隔音效果一般,但不影响整体的优质体验。强烈推荐这家酒店。', 1, 95, 199, '2022-12-09 00:00:00');
INSERT INTO `starhotelreviews` VALUES (161, 22, '对这家酒店的整体印象相当不错。位置便利,靠近地铁站和多个景点。前台服务效率高,态度友好。房间干净整洁,虽然面积不是特别大,但设计合理,空间利用率高。床铺舒适,睡眠质量有保证。浴室虽小但功能齐全,热水充足。早餐品种多样,口味不错,尤其推荐他们的新鲜水果和各式面包。健身房设备齐全,泳池环境优美。公共区域环境优雅,很适合放松和社交。唯一美中不足的是房间的空调声音稍大,但考虑到整体表现,这是可以接受的。总的来说,这是一家性价比很高的酒店,值得推荐。', 2, 88, 200, '2022-12-10 00:00:00');
INSERT INTO `starhotelreviews` VALUES (162, 23, '这家酒店让我非常失望。虽然地理位置还可以,但其他方面都令人不满。房间又小又脏,墙纸剥落,家具陈旧。床垫硬得像石头,整晚睡不好。浴室设施老化,水压时大时小,热水供应不稳定。空调噪音大得惊人,像有台推土机在房间里。早餐种类少得可怜,质量低劣。最让人生气的是员工态度恶劣,对客人的投诉置之不理。Wi-Fi信号微弱,几乎无法使用。价格却不便宜,绝对是我住过的最差酒店之一。强烈不推荐。', 1, 20, 203, '2022-12-11 00:00:00');
INSERT INTO `starhotelreviews` VALUES (163, 23, '酒店位置还不错,靠近地铁站,但这可能是唯一的优点了。房间状况令人沮丧,又小又闷,还有一股霉味。床单看起来不太干净,枕头又硬又uncomfortable。浴室设施老旧,淋浴水温忽冷忽热。隔音效果极差,整晚都能听到邻居和走廊的噪音。早餐可选择少之又少,品质也很一般。前台服务态度冷漠,对客人的问题爱答不理。考虑到这个价格,性价比实在太低。除非没有其他选择,否则不会再来。总体来说,这是一次令人失望的住宿体验。', 2, 30, 204, '2022-12-12 00:00:00');
INSERT INTO `starhotelreviews` VALUES (164, 23, '这家酒店给我的印象还不错。地理位置很好,靠近商业区和几个著名景点。房间虽然不大,但整洁舒适,床铺质量不错,保证了良好的睡眠。浴室干净,热水充足。早餐种类适中,味道还可以。前台服务态度友好,办理入住和退房都很顺利。酒店提供免费Wi-Fi,信号稳定。唯一的缺点是房间隔音效果一般,晚上可能会听到一些走廊的声音。总的来说,考虑到价格,这家酒店的性价比还是不错的,适合商务和短期休闲旅客。', 1, 75, 205, '2022-12-13 00:00:00');
INSERT INTO `starhotelreviews` VALUES (165, 23, '这家酒店的体验相当糟糕。虽然位置还行,但房间条件差得令人难以置信。房间狭小,勉强能放下一张床。卫生状况堪忧,到处都是灰尘,甚至发现了蟑螂。床单有污渍,明显没有及时更换。浴室又小又破,水龙头还在滴水。空调制冷效果差,噪音却很大。隔音几乎为零,整夜都被外面的声音吵醒。早餐简直就是灾难,既难吃又不新鲜。员工服务态度恶劣,对投诉置之不理。绝对是我住过的最差酒店,价格还那么贵,完全是在浪费钱。强烈建议避开这家酒店。', 2, 15, 206, '2022-12-14 00:00:00');
INSERT INTO `starhotelreviews` VALUES (166, 23, '对这家酒店的印象还算积极。位置便利,靠近地铁和几个购物中心。房间干净整洁,虽然不是特别大,但设计合理,空间利用率高。床铺舒适,睡眠质量不错。浴室设施齐全,热水供应稳定。早餐种类适中,质量尚可。前台服务态度友好,效率也还不错。健身房虽小但设备基本齐全。唯一的小问题是房间的空调声音稍大,但不影响整体体验。考虑到价格,这家酒店的性价比还是不错的,适合商务和观光的旅客短期入住。', 1, 78, 207, '2022-12-15 00:00:00');
INSERT INTO `starhotelreviews` VALUES (167, 23, '这家酒店给我的感觉很一般。地理位置还可以,但其他方面都中规中矩。房间面积偏小,家具看起来有些陈旧。床还算舒服,但枕头太软,睡得不是很舒服。浴室比较简陋,水压不太稳定。隔音效果一般,晚上能听到走廊的声音。早餐种类不多,品质一般。前台服务态度还行,但效率不高。Wi-Fi信号时好时坏。总的来说,这家酒店不算差,但也没有特别出彩的地方。考虑到价格,性价比一般。如果有其他选择,可能会考虑其他酒店。', 2, 60, 208, '2022-12-16 00:00:00');
INSERT INTO `starhotelreviews` VALUES (168, 23, '这家酒店的住宿体验相当不错。首先,地理位置很好,靠近地铁站和几个主要景点。房间干净整洁,虽然不是特别大,但布置合理,感觉舒适。床铺质量很好,保证了良好的睡眠。浴室虽小但功能齐全,热水充足。早餐种类丰富,品质不错,尤其喜欢他们的新鲜水果。健身房设备齐全,适合日常锻炼。员工服务态度友好,能够及时解决问题。唯一的小缺点是房间隔音效果一般,但考虑到价格,这是可以接受的。总的来说,这是一家性价比很高的酒店,推荐给商务和休闲旅客。', 1, 85, 209, '2022-12-17 00:00:00');
INSERT INTO `starhotelreviews` VALUES (169, 23, '对这家酒店的印象很差。虽然位置还不错,但其他方面都令人失望。房间又小又闷,家具陈旧,到处都是划痕。床垫硬得像石头,整晚都睡不好。浴室设施老化,水温忽冷忽热。空调噪音大,而且制冷效果差。隔音几乎为零,邻居打呼噜的声音都能听得一清二楚。早餐种类少,质量低劣,难以下咽。最让人生气的是员工态度恶劣,对客人的投诉爱理不理。Wi-Fi信号微弱,几乎无法使用。考虑到这个价格,绝对是在浪费钱。强烈建议避开这家酒店,真的是糟糕的体验。', 2, 25, 203, '2022-12-18 00:00:00');
INSERT INTO `starhotelreviews` VALUES (170, 24, '这家酒店的体验令人愉悦。地理位置优越,靠近多个景点和购物中心。房间宽敞明亮,装修现代简约。床铺舒适度高,睡眠质量极佳。浴室干净整洁,提供高质量洗浴用品。早餐种类丰富,口味出众。健身中心设备先进,泳池环境优美。员工服务热情专业,能迅速解决问题。酒店还提供免费迎宾饮料和水果,体现了对客人的重视。唯一小缺点是房间Wi-Fi信号偶尔不稳定,但不影响整体体验。强烈推荐这家酒店,无论是商务还是休闲旅行都很适合。', 1, 92, 210, '2022-12-19 00:00:00');
INSERT INTO `starhotelreviews` VALUES (171, 24, '这家酒店简直是噩梦。位置偏僻,交通极不便利。房间又小又脏,墙纸剥落,地毯满是污渍。床垫硬得像石头,整晚难以入眠。浴室设施老化,水压小得可怜,热水供应不稳定。空调噪音大得惊人,却无法有效制冷。隔音效果糟糕,邻居的谈话声清晰可闻。早餐种类少得可怜,质量低劣。最让人生气的是员工态度恶劣,对客人的投诉置之不理。Wi-Fi几乎无法连接。价格却高得离谱,绝对是我住过的最差酒店。强烈建议所有人避开这家酒店。', 2, 15, 211, '2022-12-20 00:00:00');
INSERT INTO `starhotelreviews` VALUES (172, 24, '这家酒店给我留下了深刻印象。地理位置优越,紧邻商业区和多个景点。房间宽敞舒适,采光充足,视野开阔。床品质量上乘,睡眠体验极佳。浴室干净整洁,提供高品质洗浴用品。早餐种类繁多,品质高,特别是当地特色美食令人印象深刻。健身中心设备先进,泳池清洁卫生。员工服务热情周到,能迅速响应客人需求。酒店还提供免费的欢迎果盘和矿泉水,体现了对客人的重视。唯一的小缺点是房间隔音效果一般,但不影响整体体验。强烈推荐这家酒店。', 1, 95, 212, '2022-12-21 00:00:00');
INSERT INTO `starhotelreviews` VALUES (173, 24, '对这家酒店的印象还不错。位置便利,靠近地铁站和几个主要景点。房间干净整洁,虽然不是特别大,但设计合理,空间利用率高。床铺舒适,睡眠质量良好。浴室设施齐全,热水充足。早餐种类适中,口味还可以。前台服务态度友好,办理入住和退房都很顺利。健身房虽小但设备基本齐全。唯一的小问题是房间的空调声音稍大,但不影响整体体验。考虑到价格,这家酒店的性价比还是不错的,适合商务和短期休闲旅客。', 2, 80, 213, '2022-12-22 00:00:00');
INSERT INTO `starhotelreviews` VALUES (174, 24, '这家酒店的住宿体验非常棒。首先,地理位置优越,紧邻地铁站和多个著名景点,出行非常方便。房间宽敞舒适,装修风格现代简约,很有格调。床铺舒适度高,睡眠质量有保证。浴室干净整洁,淋浴水压充足。早餐种类多样,有多国料理,口味authentic。健身中心设备先进,泳池清洁卫生。员工服务热情周到,能迅速解决客人的问题。酒店的公共区域环境优雅,很适合放松和社交。总体而言,这是一次近乎完美的住宿体验,强烈推荐这家酒店。', 1, 93, 214, '2022-12-23 00:00:00');
INSERT INTO `starhotelreviews` VALUES (175, 24, '这家酒店给我的感觉很差劲。虽然位置还行,但其他方面都令人失望。房间小得可怜,勉强能放下一张床。卫生状况堪忧,到处都是灰尘,甚至发现了蟑螂。床单有可疑的污渍,明显没有及时更换。浴室又小又破,水龙头还在漏水。空调制冷效果差,噪音却很大。隔音几乎为零,整夜都被外面的声音吵醒。早餐简直就是灾难,既难吃又不新鲜。员工服务态度恶劣,对投诉置之不理。价格却不便宜,完全是在浪费钱。强烈建议避开这家酒店。', 2, 20, 215, '2022-12-24 00:00:00');
INSERT INTO `starhotelreviews` VALUES (176, 24, '对这家酒店的印象非常好。位置极佳,位于市中心,周边购物中心和餐厅林立,交通也十分便利。房间干净整洁,面积适中,设施齐全且保养良好。床铺舒适,睡眠质量高。浴室虽小但功能齐全,热水充足。早餐品种丰富,口味不错,尤其喜欢他们的新鲜水果和各式面包。健身房设备齐全,泳池环境优美。前台服务态度友好,效率高。酒店还提供了很多贴心的小细节,如免费高速Wi-Fi和欢迎饮品。总的来说,这是一家值得推荐的酒店。', 1, 90, 210, '2022-12-25 00:00:00');
INSERT INTO `starhotelreviews` VALUES (177, 24, '这家酒店给我留下了深刻的印象。地理位置优越,紧邻商业区和多个景点。房间宽敞舒适,采光充足,视野开阔。床品质量上乘,睡眠体验极佳。浴室干净整洁,提供高品质洗浴用品。早餐种类繁多,品质高,特别是当地特色美食令人印象深刻。健身中心设备先进,泳池清洁卫生。员工服务热情周到,能迅速响应客人需求。酒店还提供免费的欢迎果盘和矿泉水,体现了对客人的重视。唯一的小缺点是房间的空调噪音稍大,但考虑到酒店的整体表现,这是可以接受的。', 2, 88, 211, '2022-12-26 00:00:00');
INSERT INTO `starhotelreviews` VALUES (178, 25, '这家酒店的体验非常糟糕。虽然位置还行,但房间条件差得令人难以置信。房间狭小,勉强能放下一张床。卫生状况堪忧,到处都是灰尘,甚至发现了蟑螂。床单有污渍,明显没有及时更换。浴室又小又破,水龙头还在滴水。空调制冷效果差,噪音却很大。隔音几乎为零,整夜都被外面的声音吵醒。早餐简直就是灾难,既难吃又不新鲜。员工服务态度恶劣,对投诉置之不理。绝对是我住过的最差酒店,价格还那么贵,完全是在浪费钱。强烈建议避开这家酒店。', 1, 18, 216, '2022-12-27 00:00:00');
INSERT INTO `starhotelreviews` VALUES (179, 25, '对这家酒店的印象还算积极。位置便利,靠近地铁和几个购物中心。房间干净整洁,虽然不是特别大,但设计合理,空间利用率高。床铺舒适,睡眠质量不错。浴室设施齐全,热水供应稳定。早餐种类适中,质量尚可。前台服务态度友好,效率也还不错。健身房虽小但设备基本齐全。唯一的小问题是房间的空调声音稍大,但不影响整体体验。考虑到价格,这家酒店的性价比还是不错的,适合商务和观光的旅客短期入住。', 2, 78, 217, '2022-12-28 00:00:00');
INSERT INTO `starhotelreviews` VALUES (180, 25, '这家酒店让我非常失望。虽然地理位置还可以,但其他方面都令人不满。房间又小又脏,墙纸剥落,家具陈旧。床垫硬得像石头,整晚睡不好。浴室设施老化,水压时大时小,热水供应不稳定。空调噪音大得惊人,像有台推土机在房间里。早餐种类少得可怜,质量低劣。最让人生气的是员工态度恶劣,对客人的投诉置之不理。Wi-Fi信号微弱,几乎无法使用。价格却不便宜,绝对是我住过的最差酒店之一。强烈不推荐。', 1, 22, 218, '2022-12-29 00:00:00');
INSERT INTO `starhotelreviews` VALUES (181, 25, '这家酒店的住宿体验相当不错。首先,地理位置很好,靠近地铁站和几个主要景点。房间干净整洁,虽然不是特别大,但布置合理,感觉舒适。床铺质量很好,保证了良好的睡眠。浴室虽小但功能齐全,热水充足。早餐种类丰富,品质不错,尤其喜欢他们的新鲜水果。健身房设备齐全,适合日常锻炼。员工服务态度友好,能够及时解决问题。唯一的小缺点是房间隔音效果一般,但考虑到价格,这是可以接受的。总的来说,这是一家性价比很高的酒店,推荐给商务和休闲旅客。', 2, 85, 219, '2022-12-30 00:00:00');
INSERT INTO `starhotelreviews` VALUES (182, 25, '这家酒店给我的印象还不错。地理位置很好,靠近商业区和几个著名景点。房间虽然不大,但整洁舒适,床铺质量不错,保证了良好的睡眠。浴室干净,热水充足。早餐种类适中,味道还可以。前台服务态度友好,办理入住和退房都很顺利。酒店提供免费Wi-Fi,信号稳定。唯一的缺点是房间隔音效果一般,晚上可能会听到一些走廊的声音。总的来说,考虑到价格,这家酒店的性价比还是不错的,适合商务和短期休闲旅客。', 1, 75, 216, '2022-12-31 00:00:00');
INSERT INTO `starhotelreviews` VALUES (183, 25, '对这家酒店的印象非常好。位置极佳,位于市中心,周边购物中心和餐厅林立,交通也十分便利。房间干净整洁,面积适中,设施齐全且保养良好。床铺舒适,睡眠质量高。浴室虽小但功能齐全,热水充足。早餐品种丰富,口味不错,尤其喜欢他们的新鲜水果和各式面包。健身房设备齐全,泳池环境优美。前台服务态度友好,效率高。酒店还提供了很多贴心的小细节,如免费高速Wi-Fi和欢迎饮品。总的来说,这是一家值得推荐的酒店。', 2, 90, 217, '2023-01-01 00:00:00');
INSERT INTO `starhotelreviews` VALUES (184, 25, '这家酒店给我留下了深刻的印象。地理位置优越,紧邻商业区和多个景点。房间宽敞舒适,采光充足,视野开阔。床品质量上乘,睡眠体验极佳。浴室干净整洁,提供高品质洗浴用品。早餐种类繁多,品质高,特别是当地特色美食令人印象深刻。健身中心设备先进,泳池清洁卫生。员工服务热情周到,能迅速响应客人需求。酒店还提供免费的欢迎果盘和矿泉水,体现了对客人的重视。唯一的小缺点是房间的空调噪音稍大,但考虑到酒店的整体表现,这是可以接受的。', 1, 88, 218, '2023-01-02 00:00:00');
INSERT INTO `starhotelreviews` VALUES (185, 26, '这家酒店的位置非常好,靠近市中心和主要景点。房间宽敞明亮,装修现代化。床铺舒适,睡眠质量很高。浴室干净整洁,提供优质洗浴用品。早餐种类丰富,口味出众。健身中心设备先进,泳池环境优美。员工服务热情专业,能迅速解决问题。酒店还提供免费迎宾饮料和水果,体现了对客人的重视。Wi-Fi信号强劲。总体来说,这是一次非常愉快的住宿体验,强烈推荐给商务和休闲旅客。', 1, 92, 220, '2023-01-03 00:00:00');
INSERT INTO `starhotelreviews` VALUES (186, 26, '这家酒店简直是噩梦。虽然位置还行,但其他方面都糟糕透顶。房间又小又脏,墙纸剥落,地毯满是污渍。床垫硬得像石头,整晚难以入眠。浴室设施老化,水压小得可怜,热水供应不稳定。空调噪音大得惊人,却无法有效制冷。隔音效果差,邻居的谈话声清晰可闻。早餐种类少得可怜,质量低劣。最让人生气的是员工态度恶劣,对客人的投诉置之不理。Wi-Fi几乎无法连接。价格却高得离谱,绝对不值得。', 2, 18, 221, '2023-01-04 00:00:00');
INSERT INTO `starhotelreviews` VALUES (187, 26, '这家酒店给我留下了深刻印象。地理位置优越,紧邻商业区和多个景点。房间宽敞舒适,采光充足,视野开阔。床品质量上乘,睡眠体验极佳。浴室干净整洁,提供高品质洗浴用品。早餐种类繁多,品质高,特别是当地特色美食令人印象深刻。健身中心设备先进,泳池清洁卫生。员工服务热情周到,能迅速响应客人需求。酒店还提供免费的欢迎果盘和矿泉水,体现了对客人的重视。总体而言,这是一次近乎完美的住宿体验。', 1, 95, 222, '2023-01-05 00:00:00');
INSERT INTO `starhotelreviews` VALUES (188, 26, '对这家酒店的印象还不错。位置便利,靠近地铁站和几个主要景点。房间干净整洁,虽然不是特别大,但设计合理,空间利用率高。床铺舒适,睡眠质量良好。浴室设施齐全,热水充足。早餐种类适中,口味还可以。前台服务态度友好,办理入住和退房都很顺利。健身房虽小但设备基本齐全。唯一的小问题是房间的空调声音稍大,但不影响整体体验。考虑到价格,这家酒店的性价比还是不错的。', 2, 80, 223, '2023-01-06 00:00:00');
INSERT INTO `starhotelreviews` VALUES (189, 26, '这家酒店的住宿体验非常棒。首先,地理位置优越,紧邻地铁站和多个著名景点,出行非常方便。房间宽敞舒适,装修风格现代简约,很有格调。床铺舒适度高,睡眠质量有保证。浴室干净整洁,淋浴水压充足。早餐种类多样,有多国料理,口味正宗。健身中心设备先进,泳池清洁卫生。员工服务热情周到,能迅速解决客人的问题。酒店的公共区域环境优雅,很适合放松和社交。强烈推荐这家酒店。', 1, 93, 224, '2023-01-07 00:00:00');
INSERT INTO `starhotelreviews` VALUES (190, 26, '这家酒店给我的感觉很差劲。虽然位置还行,但其他方面都令人失望。房间小得可怜,勉强能放下一张床。卫生状况堪忧,到处都是灰尘,甚至发现了蟑螂。床单有可疑的污渍,明显没有及时更换。浴室又小又破,水龙头还在漏水。空调制冷效果差,噪音却很大。隔音几乎为零,整夜都被外面的声音吵醒。早餐简直就是灾难,既难吃又不新鲜。员工服务态度恶劣,对投诉置之不理。价格却不便宜,完全是在浪费钱。', 2, 20, 220, '2023-01-08 00:00:00');
INSERT INTO `starhotelreviews` VALUES (191, 26, '对这家酒店的印象非常好。位置极佳,位于市中心,周边购物中心和餐厅林立,交通也十分便利。房间干净整洁,面积适中,设施齐全且保养良好。床铺舒适,睡眠质量高。浴室虽小但功能齐全,热水充足。早餐品种丰富,口味不错,尤其喜欢他们的新鲜水果和各式面包。健身房设备齐全,泳池环境优美。前台服务态度友好,效率高。酒店还提供了很多贴心的小细节,如免费高速Wi-Fi和欢迎饮品。总的来说,这是一家值得推荐的酒店。', 1, 90, 221, '2023-01-09 00:00:00');
INSERT INTO `starhotelreviews` VALUES (192, 26, '这家酒店给我留下了深刻的印象。地理位置优越,紧邻商业区和多个景点。房间宽敞舒适,采光充足,视野开阔。床品质量上乘,睡眠体验极佳。浴室干净整洁,提供高品质洗浴用品。早餐种类繁多,品质高,特别是当地特色美食令人印象深刻。健身中心设备先进,泳池清洁卫生。员工服务热情周到,能迅速响应客人需求。酒店还提供免费的欢迎果盘和矿泉水,体现了对客人的重视。唯一的小缺点是房间的空调噪音稍大,但这是可以接受的。', 2, 88, 222, '2023-01-10 00:00:00');
INSERT INTO `starhotelreviews` VALUES (193, 27, '这家酒店的体验非常糟糕。虽然位置还行,但房间条件差得令人难以置信。房间狭小,勉强能放下一张床。卫生状况堪忧,到处都是灰尘,甚至发现了蟑螂。床单有污渍,明显没有及时更换。浴室又小又破,水龙头还在滴水。空调制冷效果差,噪音却很大。隔音几乎为零,整夜都被外面的声音吵醒。早餐简直就是灾难,既难吃又不新鲜。员工服务态度恶劣,对投诉置之不理。绝对是我住过的最差酒店,价格还那么贵,完全是在浪费钱。', 1, 15, 225, '2023-01-11 00:00:00');
INSERT INTO `starhotelreviews` VALUES (194, 27, '对这家酒店的印象还算积极。位置便利,靠近地铁和几个购物中心。房间干净整洁,虽然不是特别大,但设计合理,空间利用率高。床铺舒适,睡眠质量不错。浴室设施齐全,热水供应稳定。早餐种类适中,质量尚可。前台服务态度友好,效率也还不错。健身房虽小但设备基本齐全。唯一的小问题是房间的空调声音稍大,但不影响整体体验。考虑到价格,这家酒店的性价比还是不错的,适合商务和观光的旅客短期入住。', 2, 78, 226, '2023-01-12 00:00:00');
INSERT INTO `starhotelreviews` VALUES (195, 27, '这家酒店让我非常失望。虽然地理位置还可以,但其他方面都令人不满。房间又小又脏,墙纸剥落,家具陈旧。床垫硬得像石头,整晚睡不好。浴室设施老化,水压时大时小,热水供应不稳定。空调噪音大得惊人,像有台推土机在房间里。早餐种类少得可怜,质量低劣。最让人生气的是员工态度恶劣,对客人的投诉置之不理。Wi-Fi信号微弱,几乎无法使用。价格却不便宜,绝对是我住过的最差酒店之一。强烈不推荐。', 1, 22, 227, '2023-01-13 00:00:00');
INSERT INTO `starhotelreviews` VALUES (196, 27, '这家酒店的住宿体验相当不错。首先,地理位置很好,靠近地铁站和几个主要景点。房间干净整洁,虽然不是特别大,但布置合理,感觉舒适。床铺质量很好,保证了良好的睡眠。浴室虽小但功能齐全,热水充足。早餐种类丰富,品质不错,尤其喜欢他们的新鲜水果。健身房设备齐全,适合日常锻炼。员工服务态度友好,能够及时解决问题。唯一的小缺点是房间隔音效果一般,但考虑到价格,这是可以接受的。总的来说,这是一家性价比很高的酒店。', 2, 85, 228, '2023-01-14 00:00:00');
INSERT INTO `starhotelreviews` VALUES (197, 27, '这家酒店给我的印象还不错。地理位置很好,靠近商业区和几个著名景点。房间虽然不大,但整洁舒适,床铺质量不错,保证了良好的睡眠。浴室干净,热水充足。早餐种类适中,味道还可以。前台服务态度友好,办理入住和退房都很顺利。酒店提供免费Wi-Fi,信号稳定。唯一的缺点是房间隔音效果一般,晚上可能会听到一些走廊的声音。总的来说,考虑到价格,这家酒店的性价比还是不错的,适合商务和短期休闲旅客。', 1, 75, 229, '2023-01-15 00:00:00');
INSERT INTO `starhotelreviews` VALUES (198, 27, '对这家酒店的印象非常好。位置极佳,位于市中心,周边购物中心和餐厅林立,交通也十分便利。房间干净整洁,面积适中,设施齐全且保养良好。床铺舒适,睡眠质量高。浴室虽小但功能齐全,热水充足。早餐品种丰富,口味不错,尤其喜欢他们的新鲜水果和各式面包。健身房设备齐全,泳池环境优美。前台服务态度友好,效率高。酒店还提供了很多贴心的小细节,如免费高速Wi-Fi和欢迎饮品。总的来说,这是一家值得推荐的酒店。', 2, 90, 225, '2023-01-16 00:00:00');
INSERT INTO `starhotelreviews` VALUES (199, 27, '这家酒店给我留下了深刻的印象。地理位置优越,紧邻商业区和多个景点。房间宽敞舒适,采光充足,视野开阔。床品质量上乘,睡眠体验极佳。浴室干净整洁,提供高品质洗浴用品。早餐种类繁多,品质高,特别是当地特色美食令人印象深刻。健身中心设备先进,泳池清洁卫生。员工服务热情周到,能迅速响应客人需求。酒店还提供免费的欢迎果盘和矿泉水,体现了对客人的重视。唯一的小缺点是房间的空调噪音稍大,但考虑到酒店的整体表现,这是可以接受的。', 1, 88, 226, '2023-01-17 00:00:00');

-- ----------------------------
-- Table structure for starhotels
-- ----------------------------
DROP TABLE IF EXISTS `starhotels`;
CREATE TABLE `starhotels`  (
  `id` int NOT NULL AUTO_INCREMENT,
  `name` varchar(255) CHARACTER SET utf8mb4 COLLATE utf8mb4_0900_ai_ci NOT NULL,
  `star_level` int NOT NULL,
  `min_price` int NOT NULL,
  `total_quantity` int NOT NULL DEFAULT 100,
  `address` varchar(255) CHARACTER SET utf8mb4 COLLATE utf8mb4_0900_ai_ci NOT NULL,
  `image_url` varchar(255) CHARACTER SET utf8mb4 COLLATE utf8mb4_0900_ai_ci NOT NULL,
  `owner_id` bigint NULL DEFAULT NULL,
  PRIMARY KEY (`id`) USING BTREE,
  INDEX `sh_owner_id`(`owner_id` ASC) USING BTREE,
  CONSTRAINT `sh_owner_id` FOREIGN KEY (`owner_id`) REFERENCES `sys_user` (`user_id`) ON DELETE RESTRICT ON UPDATE RESTRICT
) ENGINE = InnoDB AUTO_INCREMENT = 28 CHARACTER SET = utf8mb4 COLLATE = utf8mb4_0900_ai_ci ROW_FORMAT = DYNAMIC;

-- ----------------------------
-- Records of starhotels
-- ----------------------------
INSERT INTO `starhotels` VALUES (1, '示例酒店A', 5, 200, 36, '示例地址A', 'https://th.bing.com/th/id/OIP.YFx70Pi14BnNhhxwAgzKGAHaE7?rs=1&pid=ImgDetMain', 100);
INSERT INTO `starhotels` VALUES (2, '示例酒店B', 4, 180, 43, '示例地址B', 'https://tourism-oss.oss-cn-beijing.aliyuncs.com/2024/07/12/20240712083742mdl.png.png', 100);
INSERT INTO `starhotels` VALUES (3, '示例酒店C', 3, 220, 31, '示例地址C', 'https://tourism-oss.oss-cn-beijing.aliyuncs.com/2024/07/12/20240712084359mdl.png.png', 100);
INSERT INTO `starhotels` VALUES (4, '示例酒店D', 5, 190, 35, '示例地址D', 'https://example.com/imageD.jpg', 100);
INSERT INTO `starhotels` VALUES (5, '示例酒店E', 4, 150, 51, '示例地址E', 'https://example.com/imageE.jpg', NULL);
INSERT INTO `starhotels` VALUES (6, '示例酒店F', 3, 200, 34, '示例地址F', 'https://example.com/imageF.jpg', NULL);
INSERT INTO `starhotels` VALUES (7, '云顶牧场笙美度假村', 5, 2688, 200, '金堂龚家山赵家镇天星洞村19组1号', 'https://dimg04.c-ctrip.com/images/02014120009o0arjsE76C_W_1080_808_R5_D.jpg', NULL);
INSERT INTO `starhotels` VALUES (8, '成都瑞吉酒店', 5, 1299, 250, '成都青羊区太升南路88号, 610016', 'https://dimg04.c-ctrip.com/images/1mc5b12000bpb27e7F6F3_W_1080_808_R5_D.jpg', NULL);
INSERT INTO `starhotels` VALUES (9, '成都博舍', 5, 100, 250, '成都锦江区笔帖式街81号(位于太古里内), 610021', 'https://dimg04.c-ctrip.com/images/0220v120009rck2knF90B_W_1080_808_R5_D.jpg', NULL);
INSERT INTO `starhotels` VALUES (10, '成都钓鱼台精品酒店', 5, 100, 300, '成都青羊区宽巷子38-39号, 610015', 'https://dimg04.c-ctrip.com/images/fd/hotel/g1/M0A/6B/AA/CghzflViwNqAIHWzAAbl8S7rW_Q629_W_1080_808_R5_D.jpg', NULL);
INSERT INTO `starhotels` VALUES (11, '成都官塘安麓酒店', 5, 2439, 250, '成都双流区正兴街道官塘村4组668号', 'https://dimg04.c-ctrip.com/images/0202m1200090anh1h7149_W_1080_808_R5_D.jpg', NULL);
INSERT INTO `starhotels` VALUES (12, '成都尼依格罗酒店', 5, 1960, 200, '成都锦江区红星路三段1号国际金融中心3号楼, 610021', 'https://dimg04.c-ctrip.com/images/220j180000014yc7p0D7F_W_1080_808_R5_D.jpg', NULL);
INSERT INTO `starhotels` VALUES (13, '成都华尔道夫酒店', 5, 1458, 350, '成都武侯区天府大道北段1199号50楼', 'https://dimg04.c-ctrip.com/images/1mc6w12000e3bufisE528_W_1080_808_R5_D.jpg', NULL);
INSERT INTO `starhotels` VALUES (14, '成都富力丽思卡尔顿酒店', 5, 1166, 350, '成都青羊区顺城大街269号, 610017', 'https://dimg04.c-ctrip.com/images/0204t120008suo8zvDB23_W_1080_808_R5_D.jpg', NULL);
INSERT INTO `starhotels` VALUES (15, '成都W酒店', 5, 1288, 300, '成都高新区交子大道300号1栋', 'https://dimg04.c-ctrip.com/images/0200i120008df8hpm310B_W_1080_808_R5_D.jpg', NULL);
INSERT INTO `starhotels` VALUES (16, '阿凯缇娅·花水湾星野温泉庄园', 5, 879, 300, '大邑花水湾镇源口路28号', 'https://dimg04.c-ctrip.com/images/1mc0j12000e3iv05qA50C_W_1080_808_R5_D.jpg', NULL);
INSERT INTO `starhotels` VALUES (17, '简阳城市名人酒店', 5, 332, 250, '简阳东城新区中心广场金融街158号, 641400', 'https://dimg04.c-ctrip.com/images/02015120009d9wl66F53C_W_1080_808_R5_D.jpg', NULL);
INSERT INTO `starhotels` VALUES (18, '安亦悦舍温泉别墅', 4, 358, 250, '彭州通济镇花溪村黄花路88号', 'https://dimg04.c-ctrip.com/images/020531200099mwp1r60FB_W_1080_808_R5_D.jpg', NULL);
INSERT INTO `starhotels` VALUES (19, '暮山映雪·私汤度假别院(成都天府国际机场店)', 4, 487, 300, '简阳福田街道龙游村4组118号', 'https://dimg04.c-ctrip.com/images/0202z12000dq3bcgb33E4_W_1080_808_R5_D.jpg', NULL);
INSERT INTO `starhotels` VALUES (20, '都江堰中心国际酒店', 4, 481, 350, '都江堰都江堰大道2号, 611830', 'https://dimg04.c-ctrip.com/images/1mc5e12000bbtcczcA2C8_W_1080_808_R5_D.jpg', NULL);
INSERT INTO `starhotels` VALUES (21, '成都新良大酒店(春熙路太古里店)', 4, 399, 300, '成都锦江区东大街上东大街段246号, 610016', 'https://dimg04.c-ctrip.com/images/200a0e00000075xdyEAB2_W_1080_808_R5_D.jpg', NULL);
INSERT INTO `starhotels` VALUES (22, '成都太古里未来中心亚朵酒店', 4, 649, 200, '成都成华区东风路26号', 'https://dimg04.c-ctrip.com/images/1mc4912000bwp67lu7D2D_W_1080_808_R5_D.jpg', NULL);
INSERT INTO `starhotels` VALUES (23, '成都瑞城名人酒店', 4, 368, 350, '成都青羊区人民中路二段68号, 610061', 'https://dimg04.c-ctrip.com/images/200t15000000xdh2l1ECD_W_1080_808_R5_D.jpg', NULL);
INSERT INTO `starhotels` VALUES (24, '慕菲别院酒店(成都天府国际机场店)', 4, 148, 300, '简阳草池街道三渔村2组27号', 'https://dimg04.c-ctrip.com/images/1mc3g12000cnitkl172D6_W_1080_808_R5_D.jpg', NULL);
INSERT INTO `starhotels` VALUES (25, '云上花开酒店(成都天府国际机场店) ', 3, 225, 200, '简阳东部新区草池街道盘山村6组62号', 'https://dimg04.c-ctrip.com/images/0200f12000ca5n8zsE194_W_1080_808_R5_D.jpg', NULL);
INSERT INTO `starhotels` VALUES (26, '崇州上元来德酒店', 3, 444, 250, '崇州街子镇三郎和熙街660号', 'https://dimg04.c-ctrip.com/images/1mc3h12000bzb9tyy64BF_W_1080_808_R5_D.jpg', NULL);
INSERT INTO `starhotels` VALUES (27, '喜来乐酒店(天府国际机场店)', 3, 170, 250, '简阳草池镇安顺街602-610号', 'https://dimg04.c-ctrip.com/images/1mc2312000ecyh6hq904E_W_1080_808_R5_D.jpg', NULL);

-- ----------------------------
-- Table structure for starmarketingrecords
-- ----------------------------
DROP TABLE IF EXISTS `starmarketingrecords`;
CREATE TABLE `starmarketingrecords`  (
  `id` int NOT NULL AUTO_INCREMENT,
  `hotel_id` int NOT NULL,
  `room_type_id` int NOT NULL,
  `total_sales` int NULL DEFAULT NULL,
  PRIMARY KEY (`id`) USING BTREE,
  INDEX `hotel_id`(`hotel_id` ASC) USING BTREE,
  INDEX `room_type_id`(`room_type_id` ASC) USING BTREE,
  CONSTRAINT `starmarketingrecords_ibfk_1` FOREIGN KEY (`hotel_id`) REFERENCES `starhotels` (`id`) ON DELETE CASCADE ON UPDATE RESTRICT,
  CONSTRAINT `starmarketingrecords_ibfk_2` FOREIGN KEY (`room_type_id`) REFERENCES `starroomtypes` (`id`) ON DELETE CASCADE ON UPDATE RESTRICT
) ENGINE = InnoDB AUTO_INCREMENT = 154 CHARACTER SET = utf8mb4 COLLATE = utf8mb4_0900_ai_ci ROW_FORMAT = DYNAMIC;

-- ----------------------------
-- Records of starmarketingrecords
-- ----------------------------
INSERT INTO `starmarketingrecords` VALUES (1, 1, 1, 52);
INSERT INTO `starmarketingrecords` VALUES (2, 1, 2, 41);
INSERT INTO `starmarketingrecords` VALUES (3, 1, 79, 31);
INSERT INTO `starmarketingrecords` VALUES (4, 1, 80, 20);
INSERT INTO `starmarketingrecords` VALUES (5, 1, 81, 10);
INSERT INTO `starmarketingrecords` VALUES (6, 2, 82, 55);
INSERT INTO `starmarketingrecords` VALUES (7, 2, 83, 42);
INSERT INTO `starmarketingrecords` VALUES (8, 2, 84, 35);
INSERT INTO `starmarketingrecords` VALUES (9, 2, 85, 25);
INSERT INTO `starmarketingrecords` VALUES (10, 2, 86, 15);
INSERT INTO `starmarketingrecords` VALUES (11, 3, 87, 60);
INSERT INTO `starmarketingrecords` VALUES (12, 3, 88, 45);
INSERT INTO `starmarketingrecords` VALUES (13, 3, 89, 32);
INSERT INTO `starmarketingrecords` VALUES (14, 3, 90, 28);
INSERT INTO `starmarketingrecords` VALUES (15, 3, 91, 12);
INSERT INTO `starmarketingrecords` VALUES (16, 4, 92, 52);
INSERT INTO `starmarketingrecords` VALUES (17, 4, 93, 38);
INSERT INTO `starmarketingrecords` VALUES (18, 4, 94, 33);
INSERT INTO `starmarketingrecords` VALUES (19, 4, 95, 23);
INSERT INTO `starmarketingrecords` VALUES (20, 4, 96, 17);
INSERT INTO `starmarketingrecords` VALUES (21, 5, 97, 58);
INSERT INTO `starmarketingrecords` VALUES (22, 5, 98, 47);
INSERT INTO `starmarketingrecords` VALUES (23, 5, 99, 31);
INSERT INTO `starmarketingrecords` VALUES (24, 5, 100, 26);
INSERT INTO `starmarketingrecords` VALUES (25, 5, 101, 14);
INSERT INTO `starmarketingrecords` VALUES (26, 6, 102, 50);
INSERT INTO `starmarketingrecords` VALUES (27, 6, 103, 40);
INSERT INTO `starmarketingrecords` VALUES (28, 6, 104, 30);
INSERT INTO `starmarketingrecords` VALUES (29, 6, 105, 20);
INSERT INTO `starmarketingrecords` VALUES (30, 6, 106, 10);
INSERT INTO `starmarketingrecords` VALUES (31, 6, 107, 5);
INSERT INTO `starmarketingrecords` VALUES (32, 6, 108, 1);
INSERT INTO `starmarketingrecords` VALUES (33, 1, 109, 8);
INSERT INTO `starmarketingrecords` VALUES (34, 2, 110, 6);
INSERT INTO `starmarketingrecords` VALUES (35, 3, 111, 3);
INSERT INTO `starmarketingrecords` VALUES (36, 4, 112, 4);
INSERT INTO `starmarketingrecords` VALUES (37, 5, 113, 20);
INSERT INTO `starmarketingrecords` VALUES (38, 5, 114, 25);
INSERT INTO `starmarketingrecords` VALUES (39, 7, 115, 100);
INSERT INTO `starmarketingrecords` VALUES (40, 7, 116, 100);
INSERT INTO `starmarketingrecords` VALUES (41, 7, 117, 100);
INSERT INTO `starmarketingrecords` VALUES (42, 7, 118, 100);
INSERT INTO `starmarketingrecords` VALUES (43, 8, 119, 99);
INSERT INTO `starmarketingrecords` VALUES (44, 8, 120, 99);
INSERT INTO `starmarketingrecords` VALUES (45, 8, 121, 99);
INSERT INTO `starmarketingrecords` VALUES (46, 8, 122, 99);
INSERT INTO `starmarketingrecords` VALUES (47, 8, 123, 88);
INSERT INTO `starmarketingrecords` VALUES (48, 9, 124, 20);
INSERT INTO `starmarketingrecords` VALUES (49, 9, 125, 40);
INSERT INTO `starmarketingrecords` VALUES (50, 9, 126, 10);
INSERT INTO `starmarketingrecords` VALUES (51, 9, 127, 30);
INSERT INTO `starmarketingrecords` VALUES (52, 9, 128, 50);
INSERT INTO `starmarketingrecords` VALUES (53, 10, 129, 120);
INSERT INTO `starmarketingrecords` VALUES (54, 10, 130, 40);
INSERT INTO `starmarketingrecords` VALUES (55, 10, 131, 20);
INSERT INTO `starmarketingrecords` VALUES (56, 10, 132, 10);
INSERT INTO `starmarketingrecords` VALUES (57, 10, 133, 40);
INSERT INTO `starmarketingrecords` VALUES (58, 10, 134, 20);
INSERT INTO `starmarketingrecords` VALUES (59, 11, 135, 30);
INSERT INTO `starmarketingrecords` VALUES (60, 11, 136, 20);
INSERT INTO `starmarketingrecords` VALUES (61, 11, 137, 10);
INSERT INTO `starmarketingrecords` VALUES (62, 11, 138, 10);
INSERT INTO `starmarketingrecords` VALUES (63, 11, 139, 40);
INSERT INTO `starmarketingrecords` VALUES (64, 12, 140, 10);
INSERT INTO `starmarketingrecords` VALUES (65, 12, 141, 40);
INSERT INTO `starmarketingrecords` VALUES (66, 12, 142, 20);
INSERT INTO `starmarketingrecords` VALUES (67, 12, 143, 50);
INSERT INTO `starmarketingrecords` VALUES (68, 13, 144, 210);
INSERT INTO `starmarketingrecords` VALUES (69, 13, 145, 40);
INSERT INTO `starmarketingrecords` VALUES (70, 13, 146, 150);
INSERT INTO `starmarketingrecords` VALUES (71, 13, 147, 40);
INSERT INTO `starmarketingrecords` VALUES (72, 13, 148, 10);
INSERT INTO `starmarketingrecords` VALUES (73, 13, 149, 10);
INSERT INTO `starmarketingrecords` VALUES (74, 13, 150, 20);
INSERT INTO `starmarketingrecords` VALUES (75, 14, 151, 30);
INSERT INTO `starmarketingrecords` VALUES (76, 14, 152, 10);
INSERT INTO `starmarketingrecords` VALUES (77, 14, 153, 50);
INSERT INTO `starmarketingrecords` VALUES (78, 14, 154, 40);
INSERT INTO `starmarketingrecords` VALUES (79, 14, 155, 50);
INSERT INTO `starmarketingrecords` VALUES (80, 14, 156, 10);
INSERT INTO `starmarketingrecords` VALUES (81, 14, 157, 150);
INSERT INTO `starmarketingrecords` VALUES (82, 15, 158, 20);
INSERT INTO `starmarketingrecords` VALUES (83, 15, 159, 40);
INSERT INTO `starmarketingrecords` VALUES (84, 15, 160, 10);
INSERT INTO `starmarketingrecords` VALUES (85, 15, 161, 50);
INSERT INTO `starmarketingrecords` VALUES (86, 15, 162, 60);
INSERT INTO `starmarketingrecords` VALUES (87, 15, 163, 40);
INSERT INTO `starmarketingrecords` VALUES (88, 16, 164, 50);
INSERT INTO `starmarketingrecords` VALUES (89, 16, 165, 10);
INSERT INTO `starmarketingrecords` VALUES (90, 16, 166, 50);
INSERT INTO `starmarketingrecords` VALUES (91, 16, 167, 60);
INSERT INTO `starmarketingrecords` VALUES (92, 16, 168, 70);
INSERT INTO `starmarketingrecords` VALUES (93, 16, 169, 50);
INSERT INTO `starmarketingrecords` VALUES (94, 17, 170, 50);
INSERT INTO `starmarketingrecords` VALUES (95, 17, 171, 60);
INSERT INTO `starmarketingrecords` VALUES (96, 17, 172, 40);
INSERT INTO `starmarketingrecords` VALUES (97, 17, 173, 50);
INSERT INTO `starmarketingrecords` VALUES (98, 17, 174, 60);
INSERT INTO `starmarketingrecords` VALUES (99, 18, 175, 40);
INSERT INTO `starmarketingrecords` VALUES (100, 18, 176, 50);
INSERT INTO `starmarketingrecords` VALUES (101, 18, 177, 40);
INSERT INTO `starmarketingrecords` VALUES (102, 18, 178, 20);
INSERT INTO `starmarketingrecords` VALUES (103, 18, 179, 10);
INSERT INTO `starmarketingrecords` VALUES (104, 19, 180, 50);
INSERT INTO `starmarketingrecords` VALUES (105, 19, 181, 20);
INSERT INTO `starmarketingrecords` VALUES (106, 19, 182, 60);
INSERT INTO `starmarketingrecords` VALUES (107, 19, 183, 40);
INSERT INTO `starmarketingrecords` VALUES (108, 19, 184, 50);
INSERT INTO `starmarketingrecords` VALUES (109, 19, 185, 10);
INSERT INTO `starmarketingrecords` VALUES (110, 20, 186, 50);
INSERT INTO `starmarketingrecords` VALUES (111, 20, 187, 20);
INSERT INTO `starmarketingrecords` VALUES (112, 20, 188, 60);
INSERT INTO `starmarketingrecords` VALUES (113, 20, 189, 40);
INSERT INTO `starmarketingrecords` VALUES (114, 20, 190, 50);
INSERT INTO `starmarketingrecords` VALUES (115, 20, 191, 20);
INSERT INTO `starmarketingrecords` VALUES (116, 20, 192, 10);
INSERT INTO `starmarketingrecords` VALUES (117, 21, 193, 50);
INSERT INTO `starmarketingrecords` VALUES (118, 21, 194, 20);
INSERT INTO `starmarketingrecords` VALUES (119, 21, 195, 60);
INSERT INTO `starmarketingrecords` VALUES (120, 21, 196, 40);
INSERT INTO `starmarketingrecords` VALUES (121, 21, 197, 50);
INSERT INTO `starmarketingrecords` VALUES (122, 21, 198, 10);
INSERT INTO `starmarketingrecords` VALUES (123, 22, 199, 50);
INSERT INTO `starmarketingrecords` VALUES (124, 22, 200, 20);
INSERT INTO `starmarketingrecords` VALUES (125, 22, 201, 40);
INSERT INTO `starmarketingrecords` VALUES (126, 22, 202, 50);
INSERT INTO `starmarketingrecords` VALUES (127, 23, 203, 50);
INSERT INTO `starmarketingrecords` VALUES (128, 23, 204, 20);
INSERT INTO `starmarketingrecords` VALUES (129, 23, 205, 60);
INSERT INTO `starmarketingrecords` VALUES (130, 23, 206, 40);
INSERT INTO `starmarketingrecords` VALUES (131, 23, 207, 50);
INSERT INTO `starmarketingrecords` VALUES (132, 23, 208, 20);
INSERT INTO `starmarketingrecords` VALUES (133, 23, 209, 10);
INSERT INTO `starmarketingrecords` VALUES (134, 24, 210, 50);
INSERT INTO `starmarketingrecords` VALUES (135, 24, 211, 20);
INSERT INTO `starmarketingrecords` VALUES (136, 24, 212, 60);
INSERT INTO `starmarketingrecords` VALUES (137, 24, 213, 40);
INSERT INTO `starmarketingrecords` VALUES (138, 24, 214, 50);
INSERT INTO `starmarketingrecords` VALUES (139, 24, 215, 10);
INSERT INTO `starmarketingrecords` VALUES (140, 25, 216, 50);
INSERT INTO `starmarketingrecords` VALUES (141, 25, 217, 20);
INSERT INTO `starmarketingrecords` VALUES (142, 25, 218, 60);
INSERT INTO `starmarketingrecords` VALUES (143, 25, 219, 10);
INSERT INTO `starmarketingrecords` VALUES (144, 26, 220, 50);
INSERT INTO `starmarketingrecords` VALUES (145, 26, 221, 20);
INSERT INTO `starmarketingrecords` VALUES (146, 26, 222, 40);
INSERT INTO `starmarketingrecords` VALUES (147, 26, 223, 50);
INSERT INTO `starmarketingrecords` VALUES (148, 26, 224, 10);
INSERT INTO `starmarketingrecords` VALUES (149, 27, 225, 50);
INSERT INTO `starmarketingrecords` VALUES (150, 27, 226, 20);
INSERT INTO `starmarketingrecords` VALUES (151, 27, 227, 60);
INSERT INTO `starmarketingrecords` VALUES (152, 27, 228, 40);
INSERT INTO `starmarketingrecords` VALUES (153, 27, 229, 10);

-- ----------------------------
-- Table structure for starroomtypes
-- ----------------------------
DROP TABLE IF EXISTS `starroomtypes`;
CREATE TABLE `starroomtypes`  (
  `id` int NOT NULL AUTO_INCREMENT,
  `hotel_id` int NULL DEFAULT NULL,
  `name` varchar(255) CHARACTER SET utf8mb4 COLLATE utf8mb4_0900_ai_ci NOT NULL,
  `price` int NOT NULL,
  `quantity` int NOT NULL,
  `sales` int NULL DEFAULT NULL,
  `imageUrl` varchar(255) CHARACTER SET utf8mb4 COLLATE utf8mb4_0900_ai_ci NULL DEFAULT NULL,
  `owner_id` bigint NULL DEFAULT NULL,
  PRIMARY KEY (`id`) USING BTREE,
  INDEX `hotel_id`(`hotel_id` ASC) USING BTREE,
  INDEX `srt_owner_id`(`owner_id` ASC) USING BTREE,
  CONSTRAINT `srt_owner_id` FOREIGN KEY (`owner_id`) REFERENCES `sys_user` (`user_id`) ON DELETE RESTRICT ON UPDATE RESTRICT,
  CONSTRAINT `starroomtypes_ibfk_1` FOREIGN KEY (`hotel_id`) REFERENCES `starhotels` (`id`) ON DELETE CASCADE ON UPDATE RESTRICT
) ENGINE = InnoDB AUTO_INCREMENT = 230 CHARACTER SET = utf8mb4 COLLATE = utf8mb4_0900_ai_ci ROW_FORMAT = DYNAMIC;

-- ----------------------------
-- Records of starroomtypes
-- ----------------------------
INSERT INTO `starroomtypes` VALUES (1, 1, '标准单人房', 200, 10, 52, 'https://dimg04.c-ctrip.com/images/1mc3l12000en9sqbb1136_W_1080_808_R5_D.jpg_.webp', 100);
INSERT INTO `starroomtypes` VALUES (2, 1, '标准双人房', 300, 8, 41, 'https://dimg04.c-ctrip.com/images/1mc5712000en9sr0186DD_W_1080_808_R5_D.jpg_.webp', 100);
INSERT INTO `starroomtypes` VALUES (79, 1, '高级单人房', 400, 5, 31, 'https://dimg04.c-ctrip.com/images/1mc6b12000en9sr9t9E14_W_1080_808_R5_D.jpg_.webp', 100);
INSERT INTO `starroomtypes` VALUES (80, 1, '高级双人房', 500, 7, 20, 'https://example.com/images/superior_double.jpg', 100);
INSERT INTO `starroomtypes` VALUES (81, 1, '豪华套房', 800, 2, 10, 'https://example.com/images/luxury_suite.jpg', 100);
INSERT INTO `starroomtypes` VALUES (82, 2, '标准单人房', 180, 12, 55, 'https://example.com/images/standard_single_2.jpg', 100);
INSERT INTO `starroomtypes` VALUES (83, 2, '标准双人房', 280, 9, 42, 'https://example.com/images/standard_double_2.jpg', 100);
INSERT INTO `starroomtypes` VALUES (84, 2, '高级单人房', 380, 6, 35, 'https://example.com/images/superior_single_2.jpg', NULL);
INSERT INTO `starroomtypes` VALUES (85, 2, '高级双人房', 480, 8, 25, 'https://example.com/images/superior_double_2.jpg', NULL);
INSERT INTO `starroomtypes` VALUES (86, 2, '豪华套房', 780, 3, 15, 'https://example.com/images/luxury_suite_2.jpg', NULL);
INSERT INTO `starroomtypes` VALUES (87, 3, '标准单人房', 220, 10, 60, 'https://example.com/images/standard_single_3.jpg', NULL);
INSERT INTO `starroomtypes` VALUES (88, 3, '标准双人房', 320, 7, 45, 'https://example.com/images/standard_double_3.jpg', NULL);
INSERT INTO `starroomtypes` VALUES (89, 3, '高级单人房', 420, 4, 32, 'https://example.com/images/superior_single_3.jpg', NULL);
INSERT INTO `starroomtypes` VALUES (90, 3, '高级双人房', 520, 6, 28, 'https://example.com/images/superior_double_3.jpg', NULL);
INSERT INTO `starroomtypes` VALUES (91, 3, '豪华套房', 820, 2, 12, 'https://example.com/images/luxury_suite_3.jpg', NULL);
INSERT INTO `starroomtypes` VALUES (92, 4, '标准单人房', 190, 11, 52, 'https://example.com/images/standard_single_4.jpg', NULL);
INSERT INTO `starroomtypes` VALUES (93, 4, '标准双人房', 290, 8, 38, 'https://example.com/images/standard_double_4.jpg', NULL);
INSERT INTO `starroomtypes` VALUES (94, 4, '高级单人房', 390, 5, 33, 'https://example.com/images/superior_single_4.jpg', NULL);
INSERT INTO `starroomtypes` VALUES (95, 4, '高级双人房', 490, 7, 23, 'https://example.com/images/superior_double_4.jpg', NULL);
INSERT INTO `starroomtypes` VALUES (96, 4, '豪华套房', 790, 3, 17, 'https://example.com/images/luxury_suite_4.jpg', NULL);
INSERT INTO `starroomtypes` VALUES (97, 5, '标准单人房', 210, 9, 58, 'https://example.com/images/standard_single_5.jpg', NULL);
INSERT INTO `starroomtypes` VALUES (98, 5, '标准双人房', 310, 6, 47, 'https://example.com/images/standard_double_5.jpg', NULL);
INSERT INTO `starroomtypes` VALUES (99, 5, '高级单人房', 410, 4, 31, 'https://example.com/images/superior_single_5.jpg', NULL);
INSERT INTO `starroomtypes` VALUES (100, 5, '高级双人房', 510, 5, 26, 'https://example.com/images/superior_double_5.jpg', NULL);
INSERT INTO `starroomtypes` VALUES (101, 5, '豪华套房', 810, 2, 14, 'https://example.com/images/luxury_suite_5.jpg', NULL);
INSERT INTO `starroomtypes` VALUES (102, 6, '标准单人房', 200, 10, 50, 'https://example.com/images/standard_single_6.jpg', NULL);
INSERT INTO `starroomtypes` VALUES (103, 6, '标准双人房', 300, 8, 40, 'https://example.com/images/standard_double_6.jpg', NULL);
INSERT INTO `starroomtypes` VALUES (104, 6, '高级单人房', 400, 5, 30, 'https://example.com/images/superior_single_6.jpg', NULL);
INSERT INTO `starroomtypes` VALUES (105, 6, '高级双人房', 500, 7, 20, 'https://example.com/images/superior_double_6.jpg', NULL);
INSERT INTO `starroomtypes` VALUES (106, 6, '豪华套房', 800, 2, 10, 'https://example.com/images/luxury_suite_6.jpg', NULL);
INSERT INTO `starroomtypes` VALUES (107, 6, '商务套房', 1000, 1, 5, 'https://example.com/images/business_suite.jpg', NULL);
INSERT INTO `starroomtypes` VALUES (108, 6, '总统套房', 2000, 1, 1, 'https://example.com/images/presidential_suite.jpg', NULL);
INSERT INTO `starroomtypes` VALUES (109, 1, '商务单人房', 550, 4, 8, 'https://example.com/images/business_single.jpg', NULL);
INSERT INTO `starroomtypes` VALUES (110, 2, '商务双人房', 650, 5, 6, 'https://example.com/images/business_double.jpg', NULL);
INSERT INTO `starroomtypes` VALUES (111, 3, '家庭套房', 1200, 2, 3, 'https://example.com/images/family_suite.jpg', NULL);
INSERT INTO `starroomtypes` VALUES (112, 4, '浪漫套房', 1300, 1, 4, 'https://example.com/images/romantic_suite.jpg', NULL);
INSERT INTO `starroomtypes` VALUES (113, 5, '经济单人房', 150, 15, 20, 'https://example.com/images/economy_single.jpg', NULL);
INSERT INTO `starroomtypes` VALUES (114, 5, '经济双人房', 250, 10, 25, 'https://example.com/images/economy_double.jpg', NULL);
INSERT INTO `starroomtypes` VALUES (115, 7, '标准大床房', 2688, 50, 100, 'https://dimg04.c-ctrip.com/images/0201m120009opcp3t5A33_W_1080_808_R5_D.jpg_.webp', NULL);
INSERT INTO `starroomtypes` VALUES (116, 7, '高级大床房', 2888, 50, 100, 'https://dimg04.c-ctrip.com/images/0202l120009opokza1D6D_W_1080_808_R5_D.jpg_.webp', NULL);
INSERT INTO `starroomtypes` VALUES (117, 7, '商务大床房', 3288, 50, 100, 'https://dimg04.c-ctrip.com/images/0205h120009oq0uhvFC07_W_1080_808_R5_D.jpg_.webp', NULL);
INSERT INTO `starroomtypes` VALUES (118, 7, '特色房', 2888, 50, 100, 'https://dimg04.c-ctrip.com/images/1mc1i12000adz7vmc2FB9_W_1080_808_R5_D.jpg_.webp', NULL);
INSERT INTO `starroomtypes` VALUES (119, 8, '高级大床房', 1299, 50, 99, 'https://dimg04.c-ctrip.com/images/0AD2p120009f2yr3i9672_W_1080_808_R5_D.jpg_.webp', NULL);
INSERT INTO `starroomtypes` VALUES (120, 8, '商务大床房', 2299, 50, 99, 'https://dimg04.c-ctrip.com/images/0204p12000aaxgge0EAFA_W_1080_808_R5_D.jpg_.webp', NULL);
INSERT INTO `starroomtypes` VALUES (121, 8, '高级双床房', 1399, 50, 99, 'https://dimg04.c-ctrip.com/images/02009120008dtl77c078D_W_1080_808_R5_D.jpg_.webp', NULL);
INSERT INTO `starroomtypes` VALUES (122, 8, '商务双床房', 2399, 50, 99, 'https://dimg04.c-ctrip.com/images/0202b120008dvba2p391A_W_1080_808_R5_D.jpg_.webp', NULL);
INSERT INTO `starroomtypes` VALUES (123, 8, '特色房', 4888, 50, 88, 'https://dimg04.c-ctrip.com/images/200a11000000rh4bp523C_W_1080_808_R5_D.jpg_.webp', NULL);
INSERT INTO `starroomtypes` VALUES (124, 9, '标准大床房', 3288, 50, 20, 'https://dimg04.c-ctrip.com/images/0AD4g120009f86d3t30DE_W_1080_808_R5_D.jpg_.webp', NULL);
INSERT INTO `starroomtypes` VALUES (125, 9, '高级大床房', 3588, 50, 40, 'https://dimg04.c-ctrip.com/images/1mc2a12000az2falo2CCB_W_1080_808_R5_D.jpg_.webp', NULL);
INSERT INTO `starroomtypes` VALUES (126, 9, '商务大床房', 4388, 50, 10, 'https://dimg04.c-ctrip.com/images/0220q120009rcpfau300E_W_1080_808_R5_D.jpg_.webp', NULL);
INSERT INTO `starroomtypes` VALUES (127, 9, '标准双床房', 3288, 50, 30, 'https://dimg04.c-ctrip.com/images/200k1e000001f3pacB3B9_W_1080_808_R5_D.jpg_.webp', NULL);
INSERT INTO `starroomtypes` VALUES (128, 9, '特色房', 100, 50, 50, 'https://dimg04.c-ctrip.com/images/20070j000000amvuzA572_W_1080_808_R5_D.jpg_.webp', NULL);
INSERT INTO `starroomtypes` VALUES (129, 10, '标准大床房', 3062, 50, 120, 'https://dimg04.c-ctrip.com/images/20051a00000194t2g0D4E_W_1080_808_R5_D.jpg_.webp', NULL);
INSERT INTO `starroomtypes` VALUES (130, 10, '高级大床房', 3482, 50, 40, 'https://dimg04.c-ctrip.com/images/1mc6y12000bigro2e6C6E_W_1080_808_R5_D.jpg_.webp', NULL);
INSERT INTO `starroomtypes` VALUES (131, 10, '商务大床房', 3482, 50, 20, 'https://dimg04.c-ctrip.com/images/1mc1i12000eg7ldik59A2_W_1080_808_R5_D.jpg_.webp', NULL);
INSERT INTO `starroomtypes` VALUES (132, 10, '标准双床房', 4006, 50, 10, 'https://dimg04.c-ctrip.com/images/200q14000000wr7ey905F_W_1080_808_R5_D.jpg_.webp', NULL);
INSERT INTO `starroomtypes` VALUES (133, 10, '高级双床房', 6420, 50, 40, 'https://dimg04.c-ctrip.com/images/1mc5h12000c10kvhy4E70_W_1080_808_R5_D.jpg_.webp', NULL);
INSERT INTO `starroomtypes` VALUES (134, 10, '特色房', 100, 50, 20, 'https://dimg04.c-ctrip.com/images/2006040000000bstvBF9F_W_1080_808_R5_D.jpg_.webp', NULL);
INSERT INTO `starroomtypes` VALUES (135, 11, '标准大床房', 2439, 50, 30, 'https://dimg04.c-ctrip.com/images/020591200090t9pfvB46B_W_1080_808_R5_D.jpg_.webp', NULL);
INSERT INTO `starroomtypes` VALUES (136, 11, '高级大床房', 2548, 50, 20, 'https://dimg04.c-ctrip.com/images/0201p120009i0n242071A_W_1080_808_R5_D.jpg_.webp', NULL);
INSERT INTO `starroomtypes` VALUES (137, 11, '商务大床房', 2648, 50, 10, 'https://dimg04.c-ctrip.com/images/0205k120009j4gw40CA64_W_1080_808_R5_D.jpg_.webp', NULL);
INSERT INTO `starroomtypes` VALUES (138, 11, '高级双床房', 6043, 50, 10, 'https://dimg04.c-ctrip.com/images/0204n1200090tby3p55BF_W_1080_808_R5_D.jpg_.webp', NULL);
INSERT INTO `starroomtypes` VALUES (139, 11, '特色房', 3218, 50, 40, 'https://dimg04.c-ctrip.com/images/02005120009ed3tj9F0FF_W_1080_808_R5_D.jpg_.webp', NULL);
INSERT INTO `starroomtypes` VALUES (140, 12, '标准大床房', 1960, 50, 10, 'https://dimg04.c-ctrip.com/images/1mc6v12000ck9xcca78A5_W_1080_808_R5_D.jpg_.webp', NULL);
INSERT INTO `starroomtypes` VALUES (141, 12, '高级大床房', 2018, 50, 40, 'https://dimg04.c-ctrip.com/images/1mc1p12000dd8p6vr602B_W_1080_808_R5_D.jpg_.webp', NULL);
INSERT INTO `starroomtypes` VALUES (142, 12, '商务大床房', 2613, 50, 20, 'https://dimg04.c-ctrip.com/images/1mc0y12000cr57rbgBCE6_W_1080_808_R5_D.jpg_.webp', NULL);
INSERT INTO `starroomtypes` VALUES (143, 12, '标准双床房', 1960, 50, 50, 'https://dimg04.c-ctrip.com/images/1mc0r12000b6jxczl01ED_W_1080_808_R5_D.jpg_.webp', NULL);
INSERT INTO `starroomtypes` VALUES (144, 13, '标准大床房', 1458, 50, 210, 'https://dimg04.c-ctrip.com/images/1mc0e12000e3e1fab2402_W_1080_808_R5_D.jpg_.webp', NULL);
INSERT INTO `starroomtypes` VALUES (145, 13, '高级大床房', 1558, 50, 40, 'https://dimg04.c-ctrip.com/images/1mc1512000e3e235k716A_W_1080_808_R5_D.jpg_.webp', NULL);
INSERT INTO `starroomtypes` VALUES (146, 13, '商务大床房', 1659, 50, 150, 'https://dimg04.c-ctrip.com/images/1mc2i12000e41kha85623_W_1080_808_R5_D.jpg_.webp', NULL);
INSERT INTO `starroomtypes` VALUES (147, 13, '标准双床房', 1508, 50, 40, 'https://dimg04.c-ctrip.com/images/1mc2d12000e3e1pb04B20_W_1080_808_R5_D.jpg_.webp', NULL);
INSERT INTO `starroomtypes` VALUES (148, 13, '高级双床房', 1608, 50, 10, 'https://dimg04.c-ctrip.com/images/1mc3i12000e3e1q5d6E6A_W_1080_808_R5_D.jpg_.webp', NULL);
INSERT INTO `starroomtypes` VALUES (149, 13, '商务双床房', 1881, 50, 10, 'https://dimg04.c-ctrip.com/images/1mc3d12000e3e1qylCBC2_W_1080_808_R5_D.jpg_.webp', NULL);
INSERT INTO `starroomtypes` VALUES (150, 13, '特色房', 4567, 50, 20, 'https://dimg04.c-ctrip.com/images/0200t120008x8vld111DD_W_1080_808_R5_D.jpg_.webp', NULL);
INSERT INTO `starroomtypes` VALUES (151, 14, '标准大床房', 1166, 50, 30, 'https://dimg04.c-ctrip.com/images/0201z120005u89c67FD95_W_1080_808_R5_D.jpg_.webp', NULL);
INSERT INTO `starroomtypes` VALUES (152, 14, '高级大床房', 1255, 50, 10, 'https://dimg04.c-ctrip.com/images/02054120004p773hcA2FA_W_1080_808_R5_D.jpg_.webp', NULL);
INSERT INTO `starroomtypes` VALUES (153, 14, '商务大床房', 1566, 50, 50, 'https://dimg04.c-ctrip.com/images/02037120004p85t3q3959_W_1080_808_R5_D.jpg_.webp', NULL);
INSERT INTO `starroomtypes` VALUES (154, 14, '标准双床房', 1166, 50, 40, 'https://dimg04.c-ctrip.com/images/02072120005u5mb3871CE_W_1080_808_R5_D.jpg_.webp', NULL);
INSERT INTO `starroomtypes` VALUES (155, 14, '高级双床房', 1255, 50, 50, 'https://dimg04.c-ctrip.com/images/200m1c000001defta6EB3_W_1080_808_R5_D.jpg_.webp', NULL);
INSERT INTO `starroomtypes` VALUES (156, 14, '商务双床房', 1566, 50, 10, 'https://dimg04.c-ctrip.com/images/0205c120007ncqdkzF3CE_W_1080_808_R5_D.jpg_.webp', NULL);
INSERT INTO `starroomtypes` VALUES (157, 14, '特色房', 5699, 50, 150, 'https://dimg04.c-ctrip.com/images/0223e12000cfizujn2275_W_1080_808_R5_D.jpg_.webp', NULL);
INSERT INTO `starroomtypes` VALUES (158, 15, '标准大床房', 1288, 50, 20, 'https://dimg04.c-ctrip.com/images/1mc4f12000ap5smmfDF41_W_1080_808_R5_D.jpg_.webp', NULL);
INSERT INTO `starroomtypes` VALUES (159, 15, '高级大床房', 1388, 50, 40, 'https://dimg04.c-ctrip.com/images/1mc6b12000cds7nveDCA0_W_1080_808_R5_D.jpg_.webp', NULL);
INSERT INTO `starroomtypes` VALUES (160, 15, '商务大床房', 1489, 50, 10, 'https://dimg04.c-ctrip.com/images/1mc1s12000ddz07mv65C8_W_1080_808_R5_D.jpg_.webp', NULL);
INSERT INTO `starroomtypes` VALUES (161, 15, '标准双床房', 1288, 50, 50, 'https://dimg04.c-ctrip.com/images/0204n120008h66mky1D72_W_1080_808_R5_D.jpg_.webp', NULL);
INSERT INTO `starroomtypes` VALUES (162, 15, '高级双床房', 1388, 50, 60, 'https://dimg04.c-ctrip.com/images/1mc4812000daxghod7CF9_W_1080_808_R5_D.jpg_.webp', NULL);
INSERT INTO `starroomtypes` VALUES (163, 15, '特色房', 4799, 50, 40, 'https://dimg04.c-ctrip.com/images/1mc6f12000daxgxb83E68_W_1080_808_R5_D.jpg_.webp', NULL);
INSERT INTO `starroomtypes` VALUES (164, 16, '标准大床房', 879, 50, 50, 'https://dimg04.c-ctrip.com/images/1mc2f12000drbek6b37DE_W_1080_808_R5_D.jpg_.webp', NULL);
INSERT INTO `starroomtypes` VALUES (165, 16, '高级大床房', 879, 50, 10, 'https://dimg04.c-ctrip.com/images/1mc2612000drtgdmt6C5A_W_1080_808_R5_D.jpg_.webp', NULL);
INSERT INTO `starroomtypes` VALUES (166, 16, '商务大床房', 949, 50, 50, 'https://dimg04.c-ctrip.com/images/1mc3e12000drbjrem40A4_W_1080_808_R5_D.jpg_.webp', NULL);
INSERT INTO `starroomtypes` VALUES (167, 16, '标准双床房', 879, 50, 60, 'https://dimg04.c-ctrip.com/images/1mc1s12000drbbay67AD6_W_1080_808_R5_D.jpg_.webp', NULL);
INSERT INTO `starroomtypes` VALUES (168, 16, '高级双床房', 980, 50, 70, 'https://dimg04.c-ctrip.com/images/1mc4h12000drbmboh27ED_W_1080_808_R5_D.jpg_.webp', NULL);
INSERT INTO `starroomtypes` VALUES (169, 16, '特色房', 4679, 50, 50, 'https://dimg04.c-ctrip.com/images/1mc3712000drbxu2hFDE1_W_1080_808_R5_D.jpg_.webp', NULL);
INSERT INTO `starroomtypes` VALUES (170, 17, '标准大床房', 359, 50, 50, 'https://dimg04.c-ctrip.com/images/0201a120009d9x1diDFDD_W_1080_808_R5_D.jpg_.webp', NULL);
INSERT INTO `starroomtypes` VALUES (171, 17, '高级大床房', 386, 50, 60, 'https://dimg04.c-ctrip.com/images/1mc6e12000asvq59n31DA_W_1080_808_R5_D.jpg_.webp', NULL);
INSERT INTO `starroomtypes` VALUES (172, 17, '商务大床房', 412, 50, 40, 'https://dimg04.c-ctrip.com/images/200q1a0000019ass6E5CB_W_1080_808_R5_D.jpg_.webp', NULL);
INSERT INTO `starroomtypes` VALUES (173, 17, '标准双床房', 332, 50, 50, 'https://dimg04.c-ctrip.com/images/200h070000002h2si4E61_W_1080_808_R5_D.jpg_.webp', NULL);
INSERT INTO `starroomtypes` VALUES (174, 17, '特色房', 439, 50, 60, 'https://dimg04.c-ctrip.com/images/0200x120009e9va0d588A_W_1080_808_R5_D.jpg_.webp', NULL);
INSERT INTO `starroomtypes` VALUES (175, 18, '标准大床房', 358, 50, 40, 'https://dimg04.c-ctrip.com/images/0202b1200099muhvhFEC5_W_1080_808_R5_D.jpg_.webp', NULL);
INSERT INTO `starroomtypes` VALUES (176, 18, '高级大床房', 688, 50, 50, 'https://dimg04.c-ctrip.com/images/020601200099mve7a7667_W_1080_808_R5_D.jpg_.webp', NULL);
INSERT INTO `starroomtypes` VALUES (177, 18, '商务大床房', 988, 50, 40, 'https://dimg04.c-ctrip.com/images/020581200099n23774D4E_W_1080_808_R5_D.jpg_.webp', NULL);
INSERT INTO `starroomtypes` VALUES (178, 18, '标准双床房', 398, 50, 20, 'https://dimg04.c-ctrip.com/images/020361200099mv1pc1832_W_1080_808_R5_D.jpg_.webp', NULL);
INSERT INTO `starroomtypes` VALUES (179, 18, '高级双床房', 688, 50, 10, 'https://dimg04.c-ctrip.com/images/0200e1200099n08reDD34_W_1080_808_R5_D.jpg_.webp', NULL);
INSERT INTO `starroomtypes` VALUES (180, 19, '标准大床房', 487, 50, 50, 'https://dimg04.c-ctrip.com/images/1mc3912000dr40sk84CA8_W_1080_808_R5_D.jpg_.webp', NULL);
INSERT INTO `starroomtypes` VALUES (181, 19, '高级大床房', 588, 50, 20, 'https://dimg04.c-ctrip.com/images/1mc4n12000dr3xbmb5598_W_1080_808_R5_D.jpg_.webp', NULL);
INSERT INTO `starroomtypes` VALUES (182, 19, '商务大床房', 788, 50, 60, 'https://dimg04.c-ctrip.com/images/1mc6312000dr3wi7m899C_W_1080_808_R5_D.jpg_.webp', NULL);
INSERT INTO `starroomtypes` VALUES (183, 19, '标准双床房', 487, 50, 40, 'https://dimg04.c-ctrip.com/images/1mc6n12000dr3sbxt1A0B_W_1080_808_R5_D.jpg_.webp', NULL);
INSERT INTO `starroomtypes` VALUES (184, 19, '高级双床房', 588, 50, 50, 'https://dimg04.c-ctrip.com/images/1mc2b12000dr3vw70B83E_W_1080_808_R5_D.jpg_.webp', NULL);
INSERT INTO `starroomtypes` VALUES (185, 19, '特色房', 1009, 50, 10, 'https://dimg04.c-ctrip.com/images/1mc5l12000dr41nh85294_W_1080_808_R5_D.jpg_.webp', NULL);
INSERT INTO `starroomtypes` VALUES (186, 20, '标准大床房', 481, 50, 50, 'https://dimg04.c-ctrip.com/images/1mc3o12000bxxpjxj0448_W_1080_808_R5_D.jpg_.webp', NULL);
INSERT INTO `starroomtypes` VALUES (187, 20, '高级大床房', 499, 50, 20, 'https://dimg04.c-ctrip.com/images/200815000000yo46x1E18_W_1080_808_R5_D.jpg_.webp', NULL);
INSERT INTO `starroomtypes` VALUES (188, 20, '商务大床房', 536, 50, 60, 'https://dimg04.c-ctrip.com/images/200d15000000yikyrD3D5_W_1080_808_R5_D.jpg_.webp', NULL);
INSERT INTO `starroomtypes` VALUES (189, 20, '标准双床房', 481, 50, 40, 'https://dimg04.c-ctrip.com/images/1mc6412000bxxids01396_W_1080_808_R5_D.jpg_.webp', NULL);
INSERT INTO `starroomtypes` VALUES (190, 20, '高级双床房', 499, 50, 50, 'https://dimg04.c-ctrip.com/images/200p15000000yn1wb8A10_W_1080_808_R5_D.jpg_.webp', NULL);
INSERT INTO `starroomtypes` VALUES (191, 20, '商务双床房', 536, 50, 20, 'https://dimg04.c-ctrip.com/images/200a15000000ylds34138_W_1080_808_R5_D.jpg_.webp', NULL);
INSERT INTO `starroomtypes` VALUES (192, 20, '特色房', 798, 50, 10, 'https://dimg04.c-ctrip.com/images/1mc0w12000bxx3f4gEBD8_W_1080_808_R5_D.jpg_.webp', NULL);
INSERT INTO `starroomtypes` VALUES (193, 21, '标准大床房', 399, 50, 50, 'https://dimg04.c-ctrip.com/images/1mc0t12000d2n7crc3358_W_1080_808_R5_D.jpg_.webp', NULL);
INSERT INTO `starroomtypes` VALUES (194, 21, '高级大床房', 499, 50, 20, 'https://dimg04.c-ctrip.com/images/02009120009ujc425EC19_W_1080_808_R5_D.jpg_.webp', NULL);
INSERT INTO `starroomtypes` VALUES (195, 21, '商务大床房', 479, 50, 60, 'https://dimg04.c-ctrip.com/images/1mc2q12000d2kr9kc88DA_W_1080_808_R5_D.jpg_.webp', NULL);
INSERT INTO `starroomtypes` VALUES (196, 21, '标准双床房', 499, 50, 40, 'https://dimg04.c-ctrip.com/images/1mc5812000d2yzxq45BDC_W_1080_808_R5_D.jpg_.webp', NULL);
INSERT INTO `starroomtypes` VALUES (197, 21, '高级双床房', 499, 50, 50, 'https://dimg04.c-ctrip.com/images/1mc5m12000d0j99icCD7F_W_1080_808_R5_D.jpg_.webp', NULL);
INSERT INTO `starroomtypes` VALUES (198, 21, '特色房', 779, 50, 10, 'https://dimg04.c-ctrip.com/images/0201m120009ujlr3qB1AE_W_1080_808_R5_D.jpg_.webp', NULL);
INSERT INTO `starroomtypes` VALUES (199, 22, '标准大床房', 649, 50, 50, 'https://dimg04.c-ctrip.com/images/0206w1200086ci6g9056A_W_1080_808_R5_D.jpg_.webp', NULL);
INSERT INTO `starroomtypes` VALUES (200, 22, '高级大床房', 737, 50, 20, 'https://dimg04.c-ctrip.com/images/020131200085g3dxx9010_W_1080_808_R5_D.jpg_.webp', NULL);
INSERT INTO `starroomtypes` VALUES (201, 22, '标准双床房', 649, 50, 40, 'https://dimg04.c-ctrip.com/images/0204z1200086ci1i86553_W_1080_808_R5_D.jpg_.webp', NULL);
INSERT INTO `starroomtypes` VALUES (202, 22, '高级双床房', 737, 50, 50, 'https://dimg04.c-ctrip.com/images/0200i1200084z5yjs2E3F_W_1080_808_R5_D.jpg_.webp', NULL);
INSERT INTO `starroomtypes` VALUES (203, 23, '标准大床房', 368, 50, 50, 'https://dimg04.c-ctrip.com/images/200p070000002ftpb395C_W_1080_808_R5_D.jpg_.webp', NULL);
INSERT INTO `starroomtypes` VALUES (204, 23, '高级大床房', 388, 50, 20, 'https://dimg04.c-ctrip.com/images/200h0j000000aiala3B9C_W_1080_808_R5_D.jpg_.webp', NULL);
INSERT INTO `starroomtypes` VALUES (205, 23, '商务大床房', 410, 50, 60, 'https://dimg04.c-ctrip.com/images/0200j120009271mfl3E30_W_1080_808_R5_D.jpg_.webp', NULL);
INSERT INTO `starroomtypes` VALUES (206, 23, '标准双床房', 418, 50, 40, 'https://dimg04.c-ctrip.com/images/20090z000000nwdc2AF14_W_1080_808_R5_D.jpg_.webp', NULL);
INSERT INTO `starroomtypes` VALUES (207, 23, '高级双床房', 439, 50, 50, 'https://dimg04.c-ctrip.com/images/0204v120008apf3bv79AF_W_1080_808_R5_D.jpg_.webp', NULL);
INSERT INTO `starroomtypes` VALUES (208, 23, '商务双床房', 459, 50, 20, 'https://dimg04.c-ctrip.com/images/200m0j000000ah2qp1FCA_W_1080_808_R5_D.jpg_.webp', NULL);
INSERT INTO `starroomtypes` VALUES (209, 23, '特色房', 489, 50, 10, 'https://dimg04.c-ctrip.com/images/02012120008i6snoiEC85_W_1080_808_R5_D.jpg_.webp', NULL);
INSERT INTO `starroomtypes` VALUES (210, 24, '标准大床房', 148, 50, 50, 'https://dimg04.c-ctrip.com/images/1mc2j12000cghkgiz0A6F_W_1080_808_R5_D.jpg_.webp', NULL);
INSERT INTO `starroomtypes` VALUES (211, 24, '高级大床房', 158, 50, 20, 'https://dimg04.c-ctrip.com/images/1mc2m12000cgpdshf424E_W_1080_808_R5_D.jpg_.webp', NULL);
INSERT INTO `starroomtypes` VALUES (212, 24, '商务大床房', 178, 50, 60, 'https://dimg04.c-ctrip.com/images/1mc2q12000cghpr1qCC09_W_1080_808_R5_D.jpg_.webp', NULL);
INSERT INTO `starroomtypes` VALUES (213, 24, '标准双床房', 158, 50, 40, 'https://dimg04.c-ctrip.com/images/1mc0z12000cgpeydhEE8F_W_1080_808_R5_D.jpg_.webp', NULL);
INSERT INTO `starroomtypes` VALUES (214, 24, '高级双床房', 178, 50, 50, 'https://dimg04.c-ctrip.com/images/1mc0712000cgpeyf69609_W_1080_808_R5_D.jpg_.webp', NULL);
INSERT INTO `starroomtypes` VALUES (215, 24, '特色房', 299, 50, 10, 'https://dimg04.c-ctrip.com/images/1mc5c12000cgplkhbC660_W_1080_808_R5_D.jpg_.webp', NULL);
INSERT INTO `starroomtypes` VALUES (216, 25, '标准大床房', 228, 50, 50, 'https://dimg04.c-ctrip.com/images/1mc1912000cemhfru2293_W_1080_808_R5_D.jpg_.webp', NULL);
INSERT INTO `starroomtypes` VALUES (217, 25, '高级大床房', 237, 50, 20, 'https://dimg04.c-ctrip.com/images/1mc5g12000cen832rCA93_W_1080_808_R5_D.jpg_.webp', NULL);
INSERT INTO `starroomtypes` VALUES (218, 25, '商务大床房', 244, 50, 60, 'https://dimg04.c-ctrip.com/images/1mc5312000cac8i150532_W_1080_808_R5_D.jpg_.webp', NULL);
INSERT INTO `starroomtypes` VALUES (219, 25, '特色房', 225, 50, 10, 'https://dimg04.c-ctrip.com/images/1mc0p12000cac6j2qB58A_W_1080_808_R5_D.jpg_.webp', NULL);
INSERT INTO `starroomtypes` VALUES (220, 26, '标准大床房', 458, 50, 50, 'https://dimg04.c-ctrip.com/images/1mc6k12000bydz3al4C5A_W_1080_808_R5_D.jpg_.webp', NULL);
INSERT INTO `starroomtypes` VALUES (221, 26, '高级大床房', 508, 50, 20, 'https://dimg04.c-ctrip.com/images/1mc4012000byn254e877D_W_1080_808_R5_D.jpg_.webp', NULL);
INSERT INTO `starroomtypes` VALUES (222, 26, '标准双床房', 444, 50, 40, 'https://dimg04.c-ctrip.com/images/1mc0u12000bymzcd993BA_W_1080_808_R5_D.jpg_.webp', NULL);
INSERT INTO `starroomtypes` VALUES (223, 26, '高级双床房', 487, 50, 50, 'https://dimg04.c-ctrip.com/images/1mc5m12000c77httiFD2A_W_1080_808_R5_D.jpg_.webp', NULL);
INSERT INTO `starroomtypes` VALUES (224, 26, '特色房', 568, 50, 10, 'https://dimg04.c-ctrip.com/images/1mc1o12000c690rv294C2_W_1080_808_R5_D.jpg_.webp', NULL);
INSERT INTO `starroomtypes` VALUES (225, 27, '标准大床房', 180, 50, 50, 'https://dimg04.c-ctrip.com/images/1mc2412000auos0iz2B2E_W_1080_808_R5_D.jpg_.webp', NULL);
INSERT INTO `starroomtypes` VALUES (226, 27, '高级大床房', 190, 50, 20, 'https://dimg04.c-ctrip.com/images/1mc5612000auou8gbEF2E_W_1080_808_R5_D.jpg_.webp', NULL);
INSERT INTO `starroomtypes` VALUES (227, 27, '商务大床房', 209, 50, 60, 'https://dimg04.c-ctrip.com/images/1mc1p12000auor9y9CFE9_W_1080_808_R5_D.jpg_.webp', NULL);
INSERT INTO `starroomtypes` VALUES (228, 27, '标准双床房', 170, 50, 40, 'https://dimg04.c-ctrip.com/images/1mc5j12000auosw6e15F9_W_1080_808_R5_D.jpg_.webp', NULL);
INSERT INTO `starroomtypes` VALUES (229, 27, '特色房', 560, 50, 10, 'https://dimg04.c-ctrip.com/images/1mc0g12000auouna1BF64_W_1080_808_R5_D.jpg_.webp', NULL);

-- ----------------------------
-- Table structure for sys_config
-- ----------------------------
DROP TABLE IF EXISTS `sys_config`;
CREATE TABLE `sys_config`  (
  `config_id` int NOT NULL AUTO_INCREMENT COMMENT '参数主键',
  `config_name` varchar(100) CHARACTER SET utf8mb4 COLLATE utf8mb4_0900_ai_ci NULL DEFAULT '' COMMENT '参数名称',
  `config_key` varchar(100) CHARACTER SET utf8mb4 COLLATE utf8mb4_0900_ai_ci NULL DEFAULT '' COMMENT '参数键名',
  `config_value` varchar(500) CHARACTER SET utf8mb4 COLLATE utf8mb4_0900_ai_ci NULL DEFAULT '' COMMENT '参数键值',
  `config_type` char(1) CHARACTER SET utf8mb4 COLLATE utf8mb4_0900_ai_ci NULL DEFAULT 'N' COMMENT '系统内置（Y是 N否）',
  `create_by` varchar(64) CHARACTER SET utf8mb4 COLLATE utf8mb4_0900_ai_ci NULL DEFAULT '' COMMENT '创建者',
  `create_time` datetime NULL DEFAULT NULL COMMENT '创建时间',
  `update_by` varchar(64) CHARACTER SET utf8mb4 COLLATE utf8mb4_0900_ai_ci NULL DEFAULT '' COMMENT '更新者',
  `update_time` datetime NULL DEFAULT NULL COMMENT '更新时间',
  `remark` varchar(500) CHARACTER SET utf8mb4 COLLATE utf8mb4_0900_ai_ci NULL DEFAULT NULL COMMENT '备注',
  PRIMARY KEY (`config_id`) USING BTREE
) ENGINE = InnoDB AUTO_INCREMENT = 100 CHARACTER SET = utf8mb4 COLLATE = utf8mb4_0900_ai_ci COMMENT = '参数配置表' ROW_FORMAT = Dynamic;

-- ----------------------------
-- Records of sys_config
-- ----------------------------
INSERT INTO `sys_config` VALUES (1, '主框架页-默认皮肤样式名称', 'sys.index.skinName', 'skin-blue', 'Y', 'admin', '2024-07-05 20:36:45', '', NULL, '蓝色 skin-blue、绿色 skin-green、紫色 skin-purple、红色 skin-red、黄色 skin-yellow');
INSERT INTO `sys_config` VALUES (2, '用户管理-账号初始密码', 'sys.user.initPassword', '123456', 'Y', 'admin', '2024-07-05 20:36:45', '', NULL, '初始化密码 123456');
INSERT INTO `sys_config` VALUES (3, '主框架页-侧边栏主题', 'sys.index.sideTheme', 'theme-dark', 'Y', 'admin', '2024-07-05 20:36:45', '', NULL, '深色主题theme-dark，浅色主题theme-light');
INSERT INTO `sys_config` VALUES (4, '账号自助-是否开启用户注册功能', 'sys.account.registerUser', 'false', 'Y', 'admin', '2024-07-05 20:36:45', '', NULL, '是否开启注册用户功能（true开启，false关闭）');
INSERT INTO `sys_config` VALUES (5, '用户登录-黑名单列表', 'sys.login.blackIPList', '', 'Y', 'admin', '2024-07-05 20:36:45', '', NULL, '设置登录IP黑名单限制，多个匹配项以;分隔，支持匹配（*通配、网段）');

-- ----------------------------
-- Table structure for sys_dept
-- ----------------------------
DROP TABLE IF EXISTS `sys_dept`;
CREATE TABLE `sys_dept`  (
  `dept_id` bigint NOT NULL AUTO_INCREMENT COMMENT '部门id',
  `parent_id` bigint NULL DEFAULT 0 COMMENT '父部门id',
  `ancestors` varchar(50) CHARACTER SET utf8mb4 COLLATE utf8mb4_0900_ai_ci NULL DEFAULT '' COMMENT '祖级列表',
  `dept_name` varchar(30) CHARACTER SET utf8mb4 COLLATE utf8mb4_0900_ai_ci NULL DEFAULT '' COMMENT '部门名称',
  `order_num` int NULL DEFAULT 0 COMMENT '显示顺序',
  `leader` varchar(20) CHARACTER SET utf8mb4 COLLATE utf8mb4_0900_ai_ci NULL DEFAULT NULL COMMENT '负责人',
  `phone` varchar(11) CHARACTER SET utf8mb4 COLLATE utf8mb4_0900_ai_ci NULL DEFAULT NULL COMMENT '联系电话',
  `email` varchar(50) CHARACTER SET utf8mb4 COLLATE utf8mb4_0900_ai_ci NULL DEFAULT NULL COMMENT '邮箱',
  `status` char(1) CHARACTER SET utf8mb4 COLLATE utf8mb4_0900_ai_ci NULL DEFAULT '0' COMMENT '部门状态（0正常 1停用）',
  `del_flag` char(1) CHARACTER SET utf8mb4 COLLATE utf8mb4_0900_ai_ci NULL DEFAULT '0' COMMENT '删除标志（0代表存在 2代表删除）',
  `create_by` varchar(64) CHARACTER SET utf8mb4 COLLATE utf8mb4_0900_ai_ci NULL DEFAULT '' COMMENT '创建者',
  `create_time` datetime NULL DEFAULT NULL COMMENT '创建时间',
  `update_by` varchar(64) CHARACTER SET utf8mb4 COLLATE utf8mb4_0900_ai_ci NULL DEFAULT '' COMMENT '更新者',
  `update_time` datetime NULL DEFAULT NULL COMMENT '更新时间',
  PRIMARY KEY (`dept_id`) USING BTREE
) ENGINE = InnoDB AUTO_INCREMENT = 200 CHARACTER SET = utf8mb4 COLLATE = utf8mb4_0900_ai_ci COMMENT = '部门表' ROW_FORMAT = Dynamic;

-- ----------------------------
-- Records of sys_dept
-- ----------------------------
INSERT INTO `sys_dept` VALUES (100, 0, '0', '若依科技', 0, '若依', '15888888888', 'ry@qq.com', '0', '0', 'admin', '2024-07-05 20:36:44', '', NULL);
INSERT INTO `sys_dept` VALUES (101, 100, '0,100', '深圳总公司', 1, '若依', '15888888888', 'ry@qq.com', '0', '0', 'admin', '2024-07-05 20:36:44', '', NULL);
INSERT INTO `sys_dept` VALUES (102, 100, '0,100', '长沙分公司', 2, '若依', '15888888888', 'ry@qq.com', '0', '0', 'admin', '2024-07-05 20:36:44', '', NULL);
INSERT INTO `sys_dept` VALUES (103, 101, '0,100,101', '研发部门', 1, '若依', '15888888888', 'ry@qq.com', '0', '0', 'admin', '2024-07-05 20:36:44', '', NULL);
INSERT INTO `sys_dept` VALUES (104, 101, '0,100,101', '市场部门', 2, '若依', '15888888888', 'ry@qq.com', '0', '0', 'admin', '2024-07-05 20:36:44', '', NULL);
INSERT INTO `sys_dept` VALUES (105, 101, '0,100,101', '测试部门', 3, '若依', '15888888888', 'ry@qq.com', '0', '0', 'admin', '2024-07-05 20:36:44', '', NULL);
INSERT INTO `sys_dept` VALUES (106, 101, '0,100,101', '财务部门', 4, '若依', '15888888888', 'ry@qq.com', '0', '0', 'admin', '2024-07-05 20:36:44', '', NULL);
INSERT INTO `sys_dept` VALUES (107, 101, '0,100,101', '运维部门', 5, '若依', '15888888888', 'ry@qq.com', '0', '0', 'admin', '2024-07-05 20:36:44', '', NULL);
INSERT INTO `sys_dept` VALUES (108, 102, '0,100,102', '市场部门', 1, '若依', '15888888888', 'ry@qq.com', '0', '0', 'admin', '2024-07-05 20:36:44', '', NULL);
INSERT INTO `sys_dept` VALUES (109, 102, '0,100,102', '财务部门', 2, '若依', '15888888888', 'ry@qq.com', '0', '0', 'admin', '2024-07-05 20:36:44', '', NULL);

-- ----------------------------
-- Table structure for sys_dict_data
-- ----------------------------
DROP TABLE IF EXISTS `sys_dict_data`;
CREATE TABLE `sys_dict_data`  (
  `dict_code` bigint NOT NULL AUTO_INCREMENT COMMENT '字典编码',
  `dict_sort` int NULL DEFAULT 0 COMMENT '字典排序',
  `dict_label` varchar(100) CHARACTER SET utf8mb4 COLLATE utf8mb4_0900_ai_ci NULL DEFAULT '' COMMENT '字典标签',
  `dict_value` varchar(100) CHARACTER SET utf8mb4 COLLATE utf8mb4_0900_ai_ci NULL DEFAULT '' COMMENT '字典键值',
  `dict_type` varchar(100) CHARACTER SET utf8mb4 COLLATE utf8mb4_0900_ai_ci NULL DEFAULT '' COMMENT '字典类型',
  `css_class` varchar(100) CHARACTER SET utf8mb4 COLLATE utf8mb4_0900_ai_ci NULL DEFAULT NULL COMMENT '样式属性（其他样式扩展）',
  `list_class` varchar(100) CHARACTER SET utf8mb4 COLLATE utf8mb4_0900_ai_ci NULL DEFAULT NULL COMMENT '表格回显样式',
  `is_default` char(1) CHARACTER SET utf8mb4 COLLATE utf8mb4_0900_ai_ci NULL DEFAULT 'N' COMMENT '是否默认（Y是 N否）',
  `status` char(1) CHARACTER SET utf8mb4 COLLATE utf8mb4_0900_ai_ci NULL DEFAULT '0' COMMENT '状态（0正常 1停用）',
  `create_by` varchar(64) CHARACTER SET utf8mb4 COLLATE utf8mb4_0900_ai_ci NULL DEFAULT '' COMMENT '创建者',
  `create_time` datetime NULL DEFAULT NULL COMMENT '创建时间',
  `update_by` varchar(64) CHARACTER SET utf8mb4 COLLATE utf8mb4_0900_ai_ci NULL DEFAULT '' COMMENT '更新者',
  `update_time` datetime NULL DEFAULT NULL COMMENT '更新时间',
  `remark` varchar(500) CHARACTER SET utf8mb4 COLLATE utf8mb4_0900_ai_ci NULL DEFAULT NULL COMMENT '备注',
  PRIMARY KEY (`dict_code`) USING BTREE
) ENGINE = InnoDB AUTO_INCREMENT = 106 CHARACTER SET = utf8mb4 COLLATE = utf8mb4_0900_ai_ci COMMENT = '字典数据表' ROW_FORMAT = Dynamic;

-- ----------------------------
-- Records of sys_dict_data
-- ----------------------------
INSERT INTO `sys_dict_data` VALUES (1, 1, '男', '男', 'sys_user_sex', '', '', 'Y', '0', 'admin', '2024-07-05 20:36:45', 'admin', '2024-07-11 13:42:05', '性别男');
INSERT INTO `sys_dict_data` VALUES (2, 2, '女', '女', 'sys_user_sex', '', '', 'N', '0', 'admin', '2024-07-05 20:36:45', 'admin', '2024-07-11 13:42:10', '性别女');
INSERT INTO `sys_dict_data` VALUES (3, 3, '未知', '未知', 'sys_user_sex', '', '', 'N', '0', 'admin', '2024-07-05 20:36:45', 'admin', '2024-07-11 13:42:15', '性别未知');
INSERT INTO `sys_dict_data` VALUES (4, 1, '显示', '0', 'sys_show_hide', '', 'primary', 'Y', '0', 'admin', '2024-07-05 20:36:45', '', NULL, '显示菜单');
INSERT INTO `sys_dict_data` VALUES (5, 2, '隐藏', '1', 'sys_show_hide', '', 'danger', 'N', '0', 'admin', '2024-07-05 20:36:45', '', NULL, '隐藏菜单');
INSERT INTO `sys_dict_data` VALUES (6, 1, '正常', '0', 'sys_normal_disable', '', 'primary', 'Y', '0', 'admin', '2024-07-05 20:36:45', '', NULL, '正常状态');
INSERT INTO `sys_dict_data` VALUES (7, 2, '停用', '1', 'sys_normal_disable', '', 'danger', 'N', '0', 'admin', '2024-07-05 20:36:45', '', NULL, '停用状态');
INSERT INTO `sys_dict_data` VALUES (8, 1, '正常', '0', 'sys_job_status', '', 'primary', 'Y', '0', 'admin', '2024-07-05 20:36:45', '', NULL, '正常状态');
INSERT INTO `sys_dict_data` VALUES (9, 2, '暂停', '1', 'sys_job_status', '', 'danger', 'N', '0', 'admin', '2024-07-05 20:36:45', '', NULL, '停用状态');
INSERT INTO `sys_dict_data` VALUES (10, 1, '默认', 'DEFAULT', 'sys_job_group', '', '', 'Y', '0', 'admin', '2024-07-05 20:36:45', '', NULL, '默认分组');
INSERT INTO `sys_dict_data` VALUES (11, 2, '系统', 'SYSTEM', 'sys_job_group', '', '', 'N', '0', 'admin', '2024-07-05 20:36:45', '', NULL, '系统分组');
INSERT INTO `sys_dict_data` VALUES (12, 1, '是', 'Y', 'sys_yes_no', '', 'primary', 'Y', '0', 'admin', '2024-07-05 20:36:45', '', NULL, '系统默认是');
INSERT INTO `sys_dict_data` VALUES (13, 2, '否', 'N', 'sys_yes_no', '', 'danger', 'N', '0', 'admin', '2024-07-05 20:36:45', '', NULL, '系统默认否');
INSERT INTO `sys_dict_data` VALUES (14, 1, '通知', '1', 'sys_notice_type', '', 'warning', 'Y', '0', 'admin', '2024-07-05 20:36:45', '', NULL, '通知');
INSERT INTO `sys_dict_data` VALUES (15, 2, '公告', '2', 'sys_notice_type', '', 'success', 'N', '0', 'admin', '2024-07-05 20:36:45', '', NULL, '公告');
INSERT INTO `sys_dict_data` VALUES (16, 1, '正常', '0', 'sys_notice_status', '', 'primary', 'Y', '0', 'admin', '2024-07-05 20:36:45', '', NULL, '正常状态');
INSERT INTO `sys_dict_data` VALUES (17, 2, '关闭', '1', 'sys_notice_status', '', 'danger', 'N', '0', 'admin', '2024-07-05 20:36:45', '', NULL, '关闭状态');
INSERT INTO `sys_dict_data` VALUES (18, 99, '其他', '0', 'sys_oper_type', '', 'info', 'N', '0', 'admin', '2024-07-05 20:36:45', '', NULL, '其他操作');
INSERT INTO `sys_dict_data` VALUES (19, 1, '新增', '1', 'sys_oper_type', '', 'info', 'N', '0', 'admin', '2024-07-05 20:36:45', '', NULL, '新增操作');
INSERT INTO `sys_dict_data` VALUES (20, 2, '修改', '2', 'sys_oper_type', '', 'info', 'N', '0', 'admin', '2024-07-05 20:36:45', '', NULL, '修改操作');
INSERT INTO `sys_dict_data` VALUES (21, 3, '删除', '3', 'sys_oper_type', '', 'danger', 'N', '0', 'admin', '2024-07-05 20:36:45', '', NULL, '删除操作');
INSERT INTO `sys_dict_data` VALUES (22, 4, '授权', '4', 'sys_oper_type', '', 'primary', 'N', '0', 'admin', '2024-07-05 20:36:45', '', NULL, '授权操作');
INSERT INTO `sys_dict_data` VALUES (23, 5, '导出', '5', 'sys_oper_type', '', 'warning', 'N', '0', 'admin', '2024-07-05 20:36:45', '', NULL, '导出操作');
INSERT INTO `sys_dict_data` VALUES (24, 6, '导入', '6', 'sys_oper_type', '', 'warning', 'N', '0', 'admin', '2024-07-05 20:36:45', '', NULL, '导入操作');
INSERT INTO `sys_dict_data` VALUES (25, 7, '强退', '7', 'sys_oper_type', '', 'danger', 'N', '0', 'admin', '2024-07-05 20:36:45', '', NULL, '强退操作');
INSERT INTO `sys_dict_data` VALUES (26, 8, '生成代码', '8', 'sys_oper_type', '', 'warning', 'N', '0', 'admin', '2024-07-05 20:36:45', '', NULL, '生成操作');
INSERT INTO `sys_dict_data` VALUES (27, 9, '清空数据', '9', 'sys_oper_type', '', 'danger', 'N', '0', 'admin', '2024-07-05 20:36:45', '', NULL, '清空操作');
INSERT INTO `sys_dict_data` VALUES (28, 1, '成功', '0', 'sys_common_status', '', 'primary', 'N', '0', 'admin', '2024-07-05 20:36:45', '', NULL, '正常状态');
INSERT INTO `sys_dict_data` VALUES (29, 2, '失败', '1', 'sys_common_status', '', 'danger', 'N', '0', 'admin', '2024-07-05 20:36:45', '', NULL, '停用状态');
INSERT INTO `sys_dict_data` VALUES (100, 1, '待审批', '待审批', 'complaint_status', NULL, 'default', 'N', '0', 'admin', '2024-07-11 13:45:03', '', NULL, '待审批');
INSERT INTO `sys_dict_data` VALUES (101, 2, '已审批待处理', '已审批待处理', 'complaint_status', NULL, 'default', 'N', '0', 'admin', '2024-07-11 13:45:16', '', NULL, '已审批待处理');
INSERT INTO `sys_dict_data` VALUES (102, 3, '已处理待确认', '已处理待确认', 'complaint_status', NULL, 'default', 'N', '0', 'admin', '2024-07-11 13:45:34', '', NULL, '已处理待确认');
INSERT INTO `sys_dict_data` VALUES (103, 4, '已结案', '已结案', 'complaint_status', NULL, 'default', 'N', '0', 'admin', '2024-07-11 13:45:47', '', NULL, '已结案');
INSERT INTO `sys_dict_data` VALUES (104, 1, '系统用户', '系统用户', 'sys_user_type', NULL, 'default', 'N', '0', 'admin', '2024-07-11 13:46:37', '', NULL, '系统用户');
INSERT INTO `sys_dict_data` VALUES (105, 2, '普通用户', '普通用户', 'sys_user_type', NULL, 'default', 'N', '0', 'admin', '2024-07-11 13:46:51', '', NULL, '普通用户');

-- ----------------------------
-- Table structure for sys_dict_type
-- ----------------------------
DROP TABLE IF EXISTS `sys_dict_type`;
CREATE TABLE `sys_dict_type`  (
  `dict_id` bigint NOT NULL AUTO_INCREMENT COMMENT '字典主键',
  `dict_name` varchar(100) CHARACTER SET utf8mb4 COLLATE utf8mb4_0900_ai_ci NULL DEFAULT '' COMMENT '字典名称',
  `dict_type` varchar(100) CHARACTER SET utf8mb4 COLLATE utf8mb4_0900_ai_ci NULL DEFAULT '' COMMENT '字典类型',
  `status` char(1) CHARACTER SET utf8mb4 COLLATE utf8mb4_0900_ai_ci NULL DEFAULT '0' COMMENT '状态（0正常 1停用）',
  `create_by` varchar(64) CHARACTER SET utf8mb4 COLLATE utf8mb4_0900_ai_ci NULL DEFAULT '' COMMENT '创建者',
  `create_time` datetime NULL DEFAULT NULL COMMENT '创建时间',
  `update_by` varchar(64) CHARACTER SET utf8mb4 COLLATE utf8mb4_0900_ai_ci NULL DEFAULT '' COMMENT '更新者',
  `update_time` datetime NULL DEFAULT NULL COMMENT '更新时间',
  `remark` varchar(500) CHARACTER SET utf8mb4 COLLATE utf8mb4_0900_ai_ci NULL DEFAULT NULL COMMENT '备注',
  PRIMARY KEY (`dict_id`) USING BTREE,
  UNIQUE INDEX `dict_type`(`dict_type` ASC) USING BTREE
) ENGINE = InnoDB AUTO_INCREMENT = 102 CHARACTER SET = utf8mb4 COLLATE = utf8mb4_0900_ai_ci COMMENT = '字典类型表' ROW_FORMAT = Dynamic;

-- ----------------------------
-- Records of sys_dict_type
-- ----------------------------
INSERT INTO `sys_dict_type` VALUES (1, '用户性别', 'sys_user_sex', '0', 'admin', '2024-07-05 20:36:45', '', NULL, '用户性别列表');
INSERT INTO `sys_dict_type` VALUES (2, '菜单状态', 'sys_show_hide', '0', 'admin', '2024-07-05 20:36:45', '', NULL, '菜单状态列表');
INSERT INTO `sys_dict_type` VALUES (3, '系统开关', 'sys_normal_disable', '0', 'admin', '2024-07-05 20:36:45', '', NULL, '系统开关列表');
INSERT INTO `sys_dict_type` VALUES (4, '任务状态', 'sys_job_status', '0', 'admin', '2024-07-05 20:36:45', '', NULL, '任务状态列表');
INSERT INTO `sys_dict_type` VALUES (5, '任务分组', 'sys_job_group', '0', 'admin', '2024-07-05 20:36:45', '', NULL, '任务分组列表');
INSERT INTO `sys_dict_type` VALUES (6, '系统是否', 'sys_yes_no', '0', 'admin', '2024-07-05 20:36:45', '', NULL, '系统是否列表');
INSERT INTO `sys_dict_type` VALUES (7, '通知类型', 'sys_notice_type', '0', 'admin', '2024-07-05 20:36:45', '', NULL, '通知类型列表');
INSERT INTO `sys_dict_type` VALUES (8, '通知状态', 'sys_notice_status', '0', 'admin', '2024-07-05 20:36:45', '', NULL, '通知状态列表');
INSERT INTO `sys_dict_type` VALUES (9, '操作类型', 'sys_oper_type', '0', 'admin', '2024-07-05 20:36:45', '', NULL, '操作类型列表');
INSERT INTO `sys_dict_type` VALUES (10, '系统状态', 'sys_common_status', '0', 'admin', '2024-07-05 20:36:45', '', NULL, '登录状态列表');
INSERT INTO `sys_dict_type` VALUES (100, '投诉处理状态', 'complaint_status', '0', 'admin', '2024-07-11 13:44:37', '', NULL, '投诉处理列表');
INSERT INTO `sys_dict_type` VALUES (101, '用户类型', 'sys_user_type', '0', 'admin', '2024-07-11 13:46:19', '', NULL, '用户类型列表');

-- ----------------------------
-- Table structure for sys_job
-- ----------------------------
DROP TABLE IF EXISTS `sys_job`;
CREATE TABLE `sys_job`  (
  `job_id` bigint NOT NULL AUTO_INCREMENT COMMENT '任务ID',
  `job_name` varchar(64) CHARACTER SET utf8mb4 COLLATE utf8mb4_0900_ai_ci NOT NULL DEFAULT '' COMMENT '任务名称',
  `job_group` varchar(64) CHARACTER SET utf8mb4 COLLATE utf8mb4_0900_ai_ci NOT NULL DEFAULT 'DEFAULT' COMMENT '任务组名',
  `invoke_target` varchar(500) CHARACTER SET utf8mb4 COLLATE utf8mb4_0900_ai_ci NOT NULL COMMENT '调用目标字符串',
  `cron_expression` varchar(255) CHARACTER SET utf8mb4 COLLATE utf8mb4_0900_ai_ci NULL DEFAULT '' COMMENT 'cron执行表达式',
  `misfire_policy` varchar(20) CHARACTER SET utf8mb4 COLLATE utf8mb4_0900_ai_ci NULL DEFAULT '3' COMMENT '计划执行错误策略（1立即执行 2执行一次 3放弃执行）',
  `concurrent` char(1) CHARACTER SET utf8mb4 COLLATE utf8mb4_0900_ai_ci NULL DEFAULT '1' COMMENT '是否并发执行（0允许 1禁止）',
  `status` char(1) CHARACTER SET utf8mb4 COLLATE utf8mb4_0900_ai_ci NULL DEFAULT '0' COMMENT '状态（0正常 1暂停）',
  `create_by` varchar(64) CHARACTER SET utf8mb4 COLLATE utf8mb4_0900_ai_ci NULL DEFAULT '' COMMENT '创建者',
  `create_time` datetime NULL DEFAULT NULL COMMENT '创建时间',
  `update_by` varchar(64) CHARACTER SET utf8mb4 COLLATE utf8mb4_0900_ai_ci NULL DEFAULT '' COMMENT '更新者',
  `update_time` datetime NULL DEFAULT NULL COMMENT '更新时间',
  `remark` varchar(500) CHARACTER SET utf8mb4 COLLATE utf8mb4_0900_ai_ci NULL DEFAULT '' COMMENT '备注信息',
  PRIMARY KEY (`job_id`, `job_name`, `job_group`) USING BTREE
) ENGINE = InnoDB AUTO_INCREMENT = 100 CHARACTER SET = utf8mb4 COLLATE = utf8mb4_0900_ai_ci COMMENT = '定时任务调度表' ROW_FORMAT = Dynamic;

-- ----------------------------
-- Records of sys_job
-- ----------------------------
INSERT INTO `sys_job` VALUES (1, '系统默认（无参）', 'DEFAULT', 'ryTask.ryNoParams', '0/10 * * * * ?', '3', '1', '1', 'admin', '2024-07-05 20:36:45', '', NULL, '');
INSERT INTO `sys_job` VALUES (2, '系统默认（有参）', 'DEFAULT', 'ryTask.ryParams(\'ry\')', '0/15 * * * * ?', '3', '1', '1', 'admin', '2024-07-05 20:36:45', '', NULL, '');
INSERT INTO `sys_job` VALUES (3, '系统默认（多参）', 'DEFAULT', 'ryTask.ryMultipleParams(\'ry\', true, 2000L, 316.50D, 100)', '0/20 * * * * ?', '3', '1', '1', 'admin', '2024-07-05 20:36:45', '', NULL, '');

-- ----------------------------
-- Table structure for sys_job_log
-- ----------------------------
DROP TABLE IF EXISTS `sys_job_log`;
CREATE TABLE `sys_job_log`  (
  `job_log_id` bigint NOT NULL AUTO_INCREMENT COMMENT '任务日志ID',
  `job_name` varchar(64) CHARACTER SET utf8mb4 COLLATE utf8mb4_0900_ai_ci NOT NULL COMMENT '任务名称',
  `job_group` varchar(64) CHARACTER SET utf8mb4 COLLATE utf8mb4_0900_ai_ci NOT NULL COMMENT '任务组名',
  `invoke_target` varchar(500) CHARACTER SET utf8mb4 COLLATE utf8mb4_0900_ai_ci NOT NULL COMMENT '调用目标字符串',
  `job_message` varchar(500) CHARACTER SET utf8mb4 COLLATE utf8mb4_0900_ai_ci NULL DEFAULT NULL COMMENT '日志信息',
  `status` char(1) CHARACTER SET utf8mb4 COLLATE utf8mb4_0900_ai_ci NULL DEFAULT '0' COMMENT '执行状态（0正常 1失败）',
  `exception_info` varchar(2000) CHARACTER SET utf8mb4 COLLATE utf8mb4_0900_ai_ci NULL DEFAULT '' COMMENT '异常信息',
  `create_time` datetime NULL DEFAULT NULL COMMENT '创建时间',
  PRIMARY KEY (`job_log_id`) USING BTREE
) ENGINE = InnoDB AUTO_INCREMENT = 1 CHARACTER SET = utf8mb4 COLLATE = utf8mb4_0900_ai_ci COMMENT = '定时任务调度日志表' ROW_FORMAT = Dynamic;

-- ----------------------------
-- Records of sys_job_log
-- ----------------------------

-- ----------------------------
-- Table structure for sys_logininfor
-- ----------------------------
DROP TABLE IF EXISTS `sys_logininfor`;
CREATE TABLE `sys_logininfor`  (
  `info_id` bigint NOT NULL AUTO_INCREMENT COMMENT '访问ID',
  `user_name` varchar(50) CHARACTER SET utf8mb4 COLLATE utf8mb4_0900_ai_ci NULL DEFAULT '' COMMENT '用户账号',
  `ipaddr` varchar(128) CHARACTER SET utf8mb4 COLLATE utf8mb4_0900_ai_ci NULL DEFAULT '' COMMENT '登录IP地址',
  `status` char(1) CHARACTER SET utf8mb4 COLLATE utf8mb4_0900_ai_ci NULL DEFAULT '0' COMMENT '登录状态（0成功 1失败）',
  `msg` varchar(255) CHARACTER SET utf8mb4 COLLATE utf8mb4_0900_ai_ci NULL DEFAULT '' COMMENT '提示信息',
  `access_time` datetime NULL DEFAULT NULL COMMENT '访问时间',
  PRIMARY KEY (`info_id`) USING BTREE,
  INDEX `idx_sys_logininfor_s`(`status` ASC) USING BTREE,
  INDEX `idx_sys_logininfor_lt`(`access_time` ASC) USING BTREE
) ENGINE = InnoDB AUTO_INCREMENT = 165 CHARACTER SET = utf8mb4 COLLATE = utf8mb4_0900_ai_ci COMMENT = '系统访问记录' ROW_FORMAT = Dynamic;

-- ----------------------------
-- Records of sys_logininfor
-- ----------------------------
INSERT INTO `sys_logininfor` VALUES (100, 'admin', '127.0.0.1', '0', '登录成功', '2024-07-05 22:52:37');
INSERT INTO `sys_logininfor` VALUES (101, 'admin', '127.0.0.1', '0', '登录成功', '2024-07-06 15:20:22');
INSERT INTO `sys_logininfor` VALUES (102, 'admin', '127.0.0.1', '0', '登录成功', '2024-07-06 15:56:20');
INSERT INTO `sys_logininfor` VALUES (103, 'admin', '127.0.0.1', '0', '登录成功', '2024-07-06 15:56:44');
INSERT INTO `sys_logininfor` VALUES (104, 'admin', '127.0.0.1', '0', '登录成功', '2024-07-06 16:25:14');
INSERT INTO `sys_logininfor` VALUES (105, 'admin', '127.0.0.1', '0', '登录成功', '2024-07-06 19:22:27');
INSERT INTO `sys_logininfor` VALUES (106, 'admin', '127.0.0.1', '0', '登录成功', '2024-07-06 19:48:59');
INSERT INTO `sys_logininfor` VALUES (107, 'admin', '127.0.0.1', '0', '登录成功', '2024-07-08 15:22:27');
INSERT INTO `sys_logininfor` VALUES (108, 'admin', '127.0.0.1', '0', '登录成功', '2024-07-08 15:38:18');
INSERT INTO `sys_logininfor` VALUES (109, 'admin', '127.0.0.1', '0', '登录成功', '2024-07-09 14:54:44');
INSERT INTO `sys_logininfor` VALUES (110, 'admin', '127.0.0.1', '0', '登录成功', '2024-07-10 08:21:28');
INSERT INTO `sys_logininfor` VALUES (111, 'admin', '127.0.0.1', '0', '登录成功', '2024-07-10 13:52:04');
INSERT INTO `sys_logininfor` VALUES (112, 'admin', '127.0.0.1', '0', '登录成功', '2024-07-11 08:20:53');
INSERT INTO `sys_logininfor` VALUES (113, 'admin', '127.0.0.1', '0', '登录成功', '2024-07-11 08:46:28');
INSERT INTO `sys_logininfor` VALUES (114, 'admin', '127.0.0.1', '0', '退出成功', '2024-07-11 09:20:35');
INSERT INTO `sys_logininfor` VALUES (115, 'hotelManager', '127.0.0.1', '0', '登录成功', '2024-07-11 09:20:53');
INSERT INTO `sys_logininfor` VALUES (116, 'hotelManager', '127.0.0.1', '0', '退出成功', '2024-07-11 10:29:45');
INSERT INTO `sys_logininfor` VALUES (117, 'admin', '127.0.0.1', '0', '登录成功', '2024-07-11 10:29:51');
INSERT INTO `sys_logininfor` VALUES (118, 'admin', '127.0.0.1', '0', '退出成功', '2024-07-11 10:48:49');
INSERT INTO `sys_logininfor` VALUES (119, 'hotelManager', '127.0.0.1', '0', '登录成功', '2024-07-11 10:49:05');
INSERT INTO `sys_logininfor` VALUES (120, 'hotelManager', '127.0.0.1', '0', '退出成功', '2024-07-11 13:34:08');
INSERT INTO `sys_logininfor` VALUES (121, 'admin', '127.0.0.1', '0', '登录成功', '2024-07-11 13:34:12');
INSERT INTO `sys_logininfor` VALUES (122, 'admin', '127.0.0.1', '0', '退出成功', '2024-07-11 13:36:06');
INSERT INTO `sys_logininfor` VALUES (123, 'admin', '127.0.0.1', '0', '登录成功', '2024-07-11 13:36:13');
INSERT INTO `sys_logininfor` VALUES (124, 'admin', '127.0.0.1', '0', '登录成功', '2024-07-12 08:37:12');
INSERT INTO `sys_logininfor` VALUES (125, 'admin', '127.0.0.1', '0', '登录成功', '2024-07-12 09:07:31');
INSERT INTO `sys_logininfor` VALUES (126, 'admin', '127.0.0.1', '0', '退出成功', '2024-07-12 09:33:26');
INSERT INTO `sys_logininfor` VALUES (127, 'sjs', '127.0.0.1', '1', '用户密码不在指定范围', '2024-07-12 09:33:42');
INSERT INTO `sys_logininfor` VALUES (128, 'admin', '127.0.0.1', '0', '登录成功', '2024-07-12 09:34:06');
INSERT INTO `sys_logininfor` VALUES (129, 'admin', '127.0.0.1', '0', '退出成功', '2024-07-12 09:37:59');
INSERT INTO `sys_logininfor` VALUES (130, 'hotelManager', '127.0.0.1', '0', '登录成功', '2024-07-12 09:38:13');
INSERT INTO `sys_logininfor` VALUES (131, 'hotelManager', '127.0.0.1', '0', '退出成功', '2024-07-12 09:38:23');
INSERT INTO `sys_logininfor` VALUES (132, 'admin', '127.0.0.1', '0', '登录成功', '2024-07-12 09:38:29');
INSERT INTO `sys_logininfor` VALUES (133, 'admin', '127.0.0.1', '0', '退出成功', '2024-07-12 09:39:05');
INSERT INTO `sys_logininfor` VALUES (134, 'hotelManager', '127.0.0.1', '0', '登录成功', '2024-07-12 09:39:16');
INSERT INTO `sys_logininfor` VALUES (135, 'hotelManager', '127.0.0.1', '0', '退出成功', '2024-07-12 09:39:28');
INSERT INTO `sys_logininfor` VALUES (136, 'admin', '127.0.0.1', '0', '登录成功', '2024-07-12 09:39:34');
INSERT INTO `sys_logininfor` VALUES (137, 'admin', '127.0.0.1', '0', '退出成功', '2024-07-12 09:39:55');
INSERT INTO `sys_logininfor` VALUES (138, 'hotelManager', '127.0.0.1', '0', '登录成功', '2024-07-12 09:40:11');
INSERT INTO `sys_logininfor` VALUES (139, 'hotelManager', '127.0.0.1', '0', '登录成功', '2024-07-12 13:13:02');
INSERT INTO `sys_logininfor` VALUES (140, 'hotelManager', '127.0.0.1', '0', '退出成功', '2024-07-12 13:13:09');
INSERT INTO `sys_logininfor` VALUES (141, 'approver', '127.0.0.1', '0', '登录成功', '2024-07-12 13:13:24');
INSERT INTO `sys_logininfor` VALUES (142, 'approver', '127.0.0.1', '0', '退出成功', '2024-07-12 13:13:42');
INSERT INTO `sys_logininfor` VALUES (143, 'complaintHandler', '127.0.0.1', '0', '登录成功', '2024-07-12 13:14:09');
INSERT INTO `sys_logininfor` VALUES (144, 'admin', '127.0.0.1', '0', '登录成功', '2024-07-14 08:45:34');
INSERT INTO `sys_logininfor` VALUES (145, 'hotelManager', '127.0.0.1', '0', '登录成功', '2024-07-14 09:03:54');
INSERT INTO `sys_logininfor` VALUES (146, 'approver', '127.0.0.1', '1', '密码输入错误1次', '2024-07-14 09:04:26');
INSERT INTO `sys_logininfor` VALUES (147, 'approver', '127.0.0.1', '0', '登录成功', '2024-07-14 09:05:24');
INSERT INTO `sys_logininfor` VALUES (148, 'complaintHandler', '127.0.0.1', '0', '登录成功', '2024-07-14 09:05:45');
INSERT INTO `sys_logininfor` VALUES (149, 'complaintHandler', '127.0.0.1', '0', '登录成功', '2024-07-14 09:06:47');
INSERT INTO `sys_logininfor` VALUES (150, 'complaintHandler', '127.0.0.1', '0', '退出成功', '2024-07-14 09:08:16');
INSERT INTO `sys_logininfor` VALUES (151, 'hotelManager', '127.0.0.1', '0', '登录成功', '2024-07-14 09:08:30');
INSERT INTO `sys_logininfor` VALUES (152, 'approver', '127.0.0.1', '0', '登录成功', '2024-07-14 09:15:30');
INSERT INTO `sys_logininfor` VALUES (153, 'approver', '127.0.0.1', '0', '登录成功', '2024-07-14 09:18:27');
INSERT INTO `sys_logininfor` VALUES (154, 'approver', '127.0.0.1', '0', '退出成功', '2024-07-14 09:35:44');
INSERT INTO `sys_logininfor` VALUES (155, 'approver2', '127.0.0.1', '0', '登录成功', '2024-07-14 09:36:02');
INSERT INTO `sys_logininfor` VALUES (156, 'admin', '127.0.0.1', '0', '登录成功', '2024-07-14 13:11:33');
INSERT INTO `sys_logininfor` VALUES (157, 'admin', '127.0.0.1', '0', '登录成功', '2024-07-15 08:12:14');
INSERT INTO `sys_logininfor` VALUES (158, 'admin', '127.0.0.1', '0', '登录成功', '2024-07-15 08:48:48');
INSERT INTO `sys_logininfor` VALUES (159, 'admin', '127.0.0.1', '0', '退出成功', '2024-07-15 11:01:39');
INSERT INTO `sys_logininfor` VALUES (160, 'hotelManager', '127.0.0.1', '0', '登录成功', '2024-07-15 11:02:04');
INSERT INTO `sys_logininfor` VALUES (161, 'admin', '127.0.0.1', '0', '登录成功', '2024-07-15 11:12:00');
INSERT INTO `sys_logininfor` VALUES (162, 'hotelManager', '127.0.0.1', '0', '退出成功', '2024-07-15 13:45:43');
INSERT INTO `sys_logininfor` VALUES (163, 'admin', '127.0.0.1', '0', '登录成功', '2024-07-15 13:45:47');
INSERT INTO `sys_logininfor` VALUES (164, 'admin', '127.0.0.1', '0', '登录成功', '2024-07-16 08:11:50');

-- ----------------------------
-- Table structure for sys_menu
-- ----------------------------
DROP TABLE IF EXISTS `sys_menu`;
CREATE TABLE `sys_menu`  (
  `menu_id` bigint NOT NULL AUTO_INCREMENT COMMENT '菜单ID',
  `menu_name` varchar(50) CHARACTER SET utf8mb4 COLLATE utf8mb4_0900_ai_ci NOT NULL COMMENT '菜单名称',
  `parent_id` bigint NULL DEFAULT 0 COMMENT '父菜单ID',
  `order_num` int NULL DEFAULT 0 COMMENT '显示顺序',
  `path` varchar(200) CHARACTER SET utf8mb4 COLLATE utf8mb4_0900_ai_ci NULL DEFAULT '' COMMENT '路由地址',
  `component` varchar(255) CHARACTER SET utf8mb4 COLLATE utf8mb4_0900_ai_ci NULL DEFAULT NULL COMMENT '组件路径',
  `query` varchar(255) CHARACTER SET utf8mb4 COLLATE utf8mb4_0900_ai_ci NULL DEFAULT NULL COMMENT '路由参数',
  `route_name` varchar(50) CHARACTER SET utf8mb4 COLLATE utf8mb4_0900_ai_ci NULL DEFAULT '' COMMENT '路由名称',
  `is_frame` int NULL DEFAULT 1 COMMENT '是否为外链（0是 1否）',
  `is_cache` int NULL DEFAULT 0 COMMENT '是否缓存（0缓存 1不缓存）',
  `menu_type` char(1) CHARACTER SET utf8mb4 COLLATE utf8mb4_0900_ai_ci NULL DEFAULT '' COMMENT '菜单类型（M目录 C菜单 F按钮）',
  `visible` char(1) CHARACTER SET utf8mb4 COLLATE utf8mb4_0900_ai_ci NULL DEFAULT '0' COMMENT '菜单状态（0显示 1隐藏）',
  `status` char(1) CHARACTER SET utf8mb4 COLLATE utf8mb4_0900_ai_ci NULL DEFAULT '0' COMMENT '菜单状态（0正常 1停用）',
  `perms` varchar(100) CHARACTER SET utf8mb4 COLLATE utf8mb4_0900_ai_ci NULL DEFAULT NULL COMMENT '权限标识',
  `icon` varchar(100) CHARACTER SET utf8mb4 COLLATE utf8mb4_0900_ai_ci NULL DEFAULT '#' COMMENT '菜单图标',
  `create_by` varchar(64) CHARACTER SET utf8mb4 COLLATE utf8mb4_0900_ai_ci NULL DEFAULT '' COMMENT '创建者',
  `create_time` datetime NULL DEFAULT NULL COMMENT '创建时间',
  `update_by` varchar(64) CHARACTER SET utf8mb4 COLLATE utf8mb4_0900_ai_ci NULL DEFAULT '' COMMENT '更新者',
  `update_time` datetime NULL DEFAULT NULL COMMENT '更新时间',
  `remark` varchar(500) CHARACTER SET utf8mb4 COLLATE utf8mb4_0900_ai_ci NULL DEFAULT '' COMMENT '备注',
  PRIMARY KEY (`menu_id`) USING BTREE
) ENGINE = InnoDB AUTO_INCREMENT = 2388 CHARACTER SET = utf8mb4 COLLATE = utf8mb4_0900_ai_ci COMMENT = '菜单权限表' ROW_FORMAT = Dynamic;

-- ----------------------------
-- Records of sys_menu
-- ----------------------------
INSERT INTO `sys_menu` VALUES (1, '系统管理', 0, 11, 'system', NULL, '', '', 1, 0, 'M', '0', '0', '', 'system', 'admin', '2024-07-05 20:36:44', 'admin', '2024-07-05 21:41:01', '系统管理目录');
INSERT INTO `sys_menu` VALUES (2, '系统监控', 0, 12, 'monitor', NULL, '', '', 1, 0, 'M', '0', '0', '', 'monitor', 'admin', '2024-07-05 20:36:44', 'admin', '2024-07-05 21:41:07', '系统监控目录');
INSERT INTO `sys_menu` VALUES (3, '系统工具', 0, 13, 'tool', NULL, '', '', 1, 0, 'M', '0', '0', '', 'tool', 'admin', '2024-07-05 20:36:44', 'admin', '2024-07-05 21:41:11', '系统工具目录');
INSERT INTO `sys_menu` VALUES (4, '若依官网', 0, 14, 'http://ruoyi.vip', NULL, '', '', 0, 0, 'M', '0', '0', '', 'guide', 'admin', '2024-07-05 20:36:44', 'admin', '2024-07-05 21:41:14', '若依官网地址');
INSERT INTO `sys_menu` VALUES (100, '用户管理', 1, 1, 'user', 'system/user/index', '', '', 1, 0, 'C', '0', '0', 'system:user:list', 'user', 'admin', '2024-07-05 20:36:44', '', NULL, '用户管理菜单');
INSERT INTO `sys_menu` VALUES (101, '角色管理', 1, 2, 'role', 'system/role/index', '', '', 1, 0, 'C', '0', '0', 'system:role:list', 'peoples', 'admin', '2024-07-05 20:36:44', '', NULL, '角色管理菜单');
INSERT INTO `sys_menu` VALUES (102, '菜单管理', 1, 3, 'menu', 'system/menu/index', '', '', 1, 0, 'C', '0', '0', 'system:menu:list', 'tree-table', 'admin', '2024-07-05 20:36:44', '', NULL, '菜单管理菜单');
INSERT INTO `sys_menu` VALUES (103, '部门管理', 1, 4, 'dept', 'system/dept/index', '', '', 1, 0, 'C', '0', '0', 'system:dept:list', 'tree', 'admin', '2024-07-05 20:36:44', '', NULL, '部门管理菜单');
INSERT INTO `sys_menu` VALUES (104, '岗位管理', 1, 5, 'post', 'system/post/index', '', '', 1, 0, 'C', '0', '0', 'system:post:list', 'post', 'admin', '2024-07-05 20:36:44', '', NULL, '岗位管理菜单');
INSERT INTO `sys_menu` VALUES (105, '字典管理', 1, 6, 'dict', 'system/dict/index', '', '', 1, 0, 'C', '0', '0', 'system:dict:list', 'dict', 'admin', '2024-07-05 20:36:44', '', NULL, '字典管理菜单');
INSERT INTO `sys_menu` VALUES (106, '参数设置', 1, 7, 'config', 'system/config/index', '', '', 1, 0, 'C', '0', '0', 'system:config:list', 'edit', 'admin', '2024-07-05 20:36:44', '', NULL, '参数设置菜单');
INSERT INTO `sys_menu` VALUES (107, '通知公告', 1, 8, 'notice', 'system/notice/index', '', '', 1, 0, 'C', '0', '0', 'system:notice:list', 'message', 'admin', '2024-07-05 20:36:44', '', NULL, '通知公告菜单');
INSERT INTO `sys_menu` VALUES (108, '日志管理', 1, 9, 'log', '', '', '', 1, 0, 'M', '0', '0', '', 'log', 'admin', '2024-07-05 20:36:44', '', NULL, '日志管理菜单');
INSERT INTO `sys_menu` VALUES (109, '在线用户', 2, 1, 'online', 'monitor/online/index', '', '', 1, 0, 'C', '0', '0', 'monitor:online:list', 'online', 'admin', '2024-07-05 20:36:44', '', NULL, '在线用户菜单');
INSERT INTO `sys_menu` VALUES (110, '定时任务', 2, 2, 'job', 'monitor/job/index', '', '', 1, 0, 'C', '0', '0', 'monitor:job:list', 'job', 'admin', '2024-07-05 20:36:44', '', NULL, '定时任务菜单');
INSERT INTO `sys_menu` VALUES (111, 'Sentinel控制台', 2, 3, 'http://localhost:8718', '', '', '', 0, 0, 'C', '0', '0', 'monitor:sentinel:list', 'sentinel', 'admin', '2024-07-05 20:36:44', '', NULL, '流量控制菜单');
INSERT INTO `sys_menu` VALUES (112, 'Nacos控制台', 2, 4, 'http://localhost:8848/nacos', '', '', '', 0, 0, 'C', '0', '0', 'monitor:nacos:list', 'nacos', 'admin', '2024-07-05 20:36:44', '', NULL, '服务治理菜单');
INSERT INTO `sys_menu` VALUES (113, 'Admin控制台', 2, 5, 'http://localhost:9100/login', '', '', '', 0, 0, 'C', '0', '0', 'monitor:server:list', 'server', 'admin', '2024-07-05 20:36:44', '', NULL, '服务监控菜单');
INSERT INTO `sys_menu` VALUES (114, '表单构建', 3, 1, 'build', 'tool/build/index', '', '', 1, 0, 'C', '0', '0', 'tool:build:list', 'build', 'admin', '2024-07-05 20:36:44', '', NULL, '表单构建菜单');
INSERT INTO `sys_menu` VALUES (115, '代码生成', 3, 2, 'gen', 'tool/gen/index', '', '', 1, 0, 'C', '0', '0', 'tool:gen:list', 'code', 'admin', '2024-07-05 20:36:44', '', NULL, '代码生成菜单');
INSERT INTO `sys_menu` VALUES (116, '系统接口', 3, 3, 'http://localhost:8080/swagger-ui/index.html', '', '', '', 0, 0, 'C', '0', '0', 'tool:swagger:list', 'swagger', 'admin', '2024-07-05 20:36:44', '', NULL, '系统接口菜单');
INSERT INTO `sys_menu` VALUES (500, '操作日志', 108, 1, 'operlog', 'system/operlog/index', '', '', 1, 0, 'C', '0', '0', 'system:operlog:list', 'form', 'admin', '2024-07-05 20:36:44', '', NULL, '操作日志菜单');
INSERT INTO `sys_menu` VALUES (501, '登录日志', 108, 2, 'logininfor', 'system/logininfor/index', '', '', 1, 0, 'C', '0', '0', 'system:logininfor:list', 'logininfor', 'admin', '2024-07-05 20:36:44', '', NULL, '登录日志菜单');
INSERT INTO `sys_menu` VALUES (1000, '用户查询', 100, 1, '', '', '', '', 1, 0, 'F', '0', '0', 'system:user:query', '#', 'admin', '2024-07-05 20:36:44', '', NULL, '');
INSERT INTO `sys_menu` VALUES (1001, '用户新增', 100, 2, '', '', '', '', 1, 0, 'F', '0', '0', 'system:user:add', '#', 'admin', '2024-07-05 20:36:44', '', NULL, '');
INSERT INTO `sys_menu` VALUES (1002, '用户修改', 100, 3, '', '', '', '', 1, 0, 'F', '0', '0', 'system:user:edit', '#', 'admin', '2024-07-05 20:36:44', '', NULL, '');
INSERT INTO `sys_menu` VALUES (1003, '用户删除', 100, 4, '', '', '', '', 1, 0, 'F', '0', '0', 'system:user:remove', '#', 'admin', '2024-07-05 20:36:44', '', NULL, '');
INSERT INTO `sys_menu` VALUES (1004, '用户导出', 100, 5, '', '', '', '', 1, 0, 'F', '0', '0', 'system:user:export', '#', 'admin', '2024-07-05 20:36:44', '', NULL, '');
INSERT INTO `sys_menu` VALUES (1005, '用户导入', 100, 6, '', '', '', '', 1, 0, 'F', '0', '0', 'system:user:import', '#', 'admin', '2024-07-05 20:36:44', '', NULL, '');
INSERT INTO `sys_menu` VALUES (1006, '重置密码', 100, 7, '', '', '', '', 1, 0, 'F', '0', '0', 'system:user:resetPwd', '#', 'admin', '2024-07-05 20:36:44', '', NULL, '');
INSERT INTO `sys_menu` VALUES (1007, '角色查询', 101, 1, '', '', '', '', 1, 0, 'F', '0', '0', 'system:role:query', '#', 'admin', '2024-07-05 20:36:44', '', NULL, '');
INSERT INTO `sys_menu` VALUES (1008, '角色新增', 101, 2, '', '', '', '', 1, 0, 'F', '0', '0', 'system:role:add', '#', 'admin', '2024-07-05 20:36:44', '', NULL, '');
INSERT INTO `sys_menu` VALUES (1009, '角色修改', 101, 3, '', '', '', '', 1, 0, 'F', '0', '0', 'system:role:edit', '#', 'admin', '2024-07-05 20:36:44', '', NULL, '');
INSERT INTO `sys_menu` VALUES (1010, '角色删除', 101, 4, '', '', '', '', 1, 0, 'F', '0', '0', 'system:role:remove', '#', 'admin', '2024-07-05 20:36:44', '', NULL, '');
INSERT INTO `sys_menu` VALUES (1011, '角色导出', 101, 5, '', '', '', '', 1, 0, 'F', '0', '0', 'system:role:export', '#', 'admin', '2024-07-05 20:36:44', '', NULL, '');
INSERT INTO `sys_menu` VALUES (1012, '菜单查询', 102, 1, '', '', '', '', 1, 0, 'F', '0', '0', 'system:menu:query', '#', 'admin', '2024-07-05 20:36:44', '', NULL, '');
INSERT INTO `sys_menu` VALUES (1013, '菜单新增', 102, 2, '', '', '', '', 1, 0, 'F', '0', '0', 'system:menu:add', '#', 'admin', '2024-07-05 20:36:44', '', NULL, '');
INSERT INTO `sys_menu` VALUES (1014, '菜单修改', 102, 3, '', '', '', '', 1, 0, 'F', '0', '0', 'system:menu:edit', '#', 'admin', '2024-07-05 20:36:44', '', NULL, '');
INSERT INTO `sys_menu` VALUES (1015, '菜单删除', 102, 4, '', '', '', '', 1, 0, 'F', '0', '0', 'system:menu:remove', '#', 'admin', '2024-07-05 20:36:44', '', NULL, '');
INSERT INTO `sys_menu` VALUES (1016, '部门查询', 103, 1, '', '', '', '', 1, 0, 'F', '0', '0', 'system:dept:query', '#', 'admin', '2024-07-05 20:36:44', '', NULL, '');
INSERT INTO `sys_menu` VALUES (1017, '部门新增', 103, 2, '', '', '', '', 1, 0, 'F', '0', '0', 'system:dept:add', '#', 'admin', '2024-07-05 20:36:44', '', NULL, '');
INSERT INTO `sys_menu` VALUES (1018, '部门修改', 103, 3, '', '', '', '', 1, 0, 'F', '0', '0', 'system:dept:edit', '#', 'admin', '2024-07-05 20:36:44', '', NULL, '');
INSERT INTO `sys_menu` VALUES (1019, '部门删除', 103, 4, '', '', '', '', 1, 0, 'F', '0', '0', 'system:dept:remove', '#', 'admin', '2024-07-05 20:36:44', '', NULL, '');
INSERT INTO `sys_menu` VALUES (1020, '岗位查询', 104, 1, '', '', '', '', 1, 0, 'F', '0', '0', 'system:post:query', '#', 'admin', '2024-07-05 20:36:44', '', NULL, '');
INSERT INTO `sys_menu` VALUES (1021, '岗位新增', 104, 2, '', '', '', '', 1, 0, 'F', '0', '0', 'system:post:add', '#', 'admin', '2024-07-05 20:36:44', '', NULL, '');
INSERT INTO `sys_menu` VALUES (1022, '岗位修改', 104, 3, '', '', '', '', 1, 0, 'F', '0', '0', 'system:post:edit', '#', 'admin', '2024-07-05 20:36:44', '', NULL, '');
INSERT INTO `sys_menu` VALUES (1023, '岗位删除', 104, 4, '', '', '', '', 1, 0, 'F', '0', '0', 'system:post:remove', '#', 'admin', '2024-07-05 20:36:44', '', NULL, '');
INSERT INTO `sys_menu` VALUES (1024, '岗位导出', 104, 5, '', '', '', '', 1, 0, 'F', '0', '0', 'system:post:export', '#', 'admin', '2024-07-05 20:36:44', '', NULL, '');
INSERT INTO `sys_menu` VALUES (1025, '字典查询', 105, 1, '#', '', '', '', 1, 0, 'F', '0', '0', 'system:dict:query', '#', 'admin', '2024-07-05 20:36:44', '', NULL, '');
INSERT INTO `sys_menu` VALUES (1026, '字典新增', 105, 2, '#', '', '', '', 1, 0, 'F', '0', '0', 'system:dict:add', '#', 'admin', '2024-07-05 20:36:44', '', NULL, '');
INSERT INTO `sys_menu` VALUES (1027, '字典修改', 105, 3, '#', '', '', '', 1, 0, 'F', '0', '0', 'system:dict:edit', '#', 'admin', '2024-07-05 20:36:44', '', NULL, '');
INSERT INTO `sys_menu` VALUES (1028, '字典删除', 105, 4, '#', '', '', '', 1, 0, 'F', '0', '0', 'system:dict:remove', '#', 'admin', '2024-07-05 20:36:44', '', NULL, '');
INSERT INTO `sys_menu` VALUES (1029, '字典导出', 105, 5, '#', '', '', '', 1, 0, 'F', '0', '0', 'system:dict:export', '#', 'admin', '2024-07-05 20:36:44', '', NULL, '');
INSERT INTO `sys_menu` VALUES (1030, '参数查询', 106, 1, '#', '', '', '', 1, 0, 'F', '0', '0', 'system:config:query', '#', 'admin', '2024-07-05 20:36:44', '', NULL, '');
INSERT INTO `sys_menu` VALUES (1031, '参数新增', 106, 2, '#', '', '', '', 1, 0, 'F', '0', '0', 'system:config:add', '#', 'admin', '2024-07-05 20:36:44', '', NULL, '');
INSERT INTO `sys_menu` VALUES (1032, '参数修改', 106, 3, '#', '', '', '', 1, 0, 'F', '0', '0', 'system:config:edit', '#', 'admin', '2024-07-05 20:36:44', '', NULL, '');
INSERT INTO `sys_menu` VALUES (1033, '参数删除', 106, 4, '#', '', '', '', 1, 0, 'F', '0', '0', 'system:config:remove', '#', 'admin', '2024-07-05 20:36:44', '', NULL, '');
INSERT INTO `sys_menu` VALUES (1034, '参数导出', 106, 5, '#', '', '', '', 1, 0, 'F', '0', '0', 'system:config:export', '#', 'admin', '2024-07-05 20:36:44', '', NULL, '');
INSERT INTO `sys_menu` VALUES (1035, '公告查询', 107, 1, '#', '', '', '', 1, 0, 'F', '0', '0', 'system:notice:query', '#', 'admin', '2024-07-05 20:36:44', '', NULL, '');
INSERT INTO `sys_menu` VALUES (1036, '公告新增', 107, 2, '#', '', '', '', 1, 0, 'F', '0', '0', 'system:notice:add', '#', 'admin', '2024-07-05 20:36:44', '', NULL, '');
INSERT INTO `sys_menu` VALUES (1037, '公告修改', 107, 3, '#', '', '', '', 1, 0, 'F', '0', '0', 'system:notice:edit', '#', 'admin', '2024-07-05 20:36:44', '', NULL, '');
INSERT INTO `sys_menu` VALUES (1038, '公告删除', 107, 4, '#', '', '', '', 1, 0, 'F', '0', '0', 'system:notice:remove', '#', 'admin', '2024-07-05 20:36:44', '', NULL, '');
INSERT INTO `sys_menu` VALUES (1039, '操作查询', 500, 1, '#', '', '', '', 1, 0, 'F', '0', '0', 'system:operlog:query', '#', 'admin', '2024-07-05 20:36:44', '', NULL, '');
INSERT INTO `sys_menu` VALUES (1040, '操作删除', 500, 2, '#', '', '', '', 1, 0, 'F', '0', '0', 'system:operlog:remove', '#', 'admin', '2024-07-05 20:36:44', '', NULL, '');
INSERT INTO `sys_menu` VALUES (1041, '日志导出', 500, 3, '#', '', '', '', 1, 0, 'F', '0', '0', 'system:operlog:export', '#', 'admin', '2024-07-05 20:36:44', '', NULL, '');
INSERT INTO `sys_menu` VALUES (1042, '登录查询', 501, 1, '#', '', '', '', 1, 0, 'F', '0', '0', 'system:logininfor:query', '#', 'admin', '2024-07-05 20:36:44', '', NULL, '');
INSERT INTO `sys_menu` VALUES (1043, '登录删除', 501, 2, '#', '', '', '', 1, 0, 'F', '0', '0', 'system:logininfor:remove', '#', 'admin', '2024-07-05 20:36:44', '', NULL, '');
INSERT INTO `sys_menu` VALUES (1044, '日志导出', 501, 3, '#', '', '', '', 1, 0, 'F', '0', '0', 'system:logininfor:export', '#', 'admin', '2024-07-05 20:36:44', '', NULL, '');
INSERT INTO `sys_menu` VALUES (1045, '账户解锁', 501, 4, '#', '', '', '', 1, 0, 'F', '0', '0', 'system:logininfor:unlock', '#', 'admin', '2024-07-05 20:36:44', '', NULL, '');
INSERT INTO `sys_menu` VALUES (1046, '在线查询', 109, 1, '#', '', '', '', 1, 0, 'F', '0', '0', 'monitor:online:query', '#', 'admin', '2024-07-05 20:36:44', '', NULL, '');
INSERT INTO `sys_menu` VALUES (1047, '批量强退', 109, 2, '#', '', '', '', 1, 0, 'F', '0', '0', 'monitor:online:batchLogout', '#', 'admin', '2024-07-05 20:36:44', '', NULL, '');
INSERT INTO `sys_menu` VALUES (1048, '单条强退', 109, 3, '#', '', '', '', 1, 0, 'F', '0', '0', 'monitor:online:forceLogout', '#', 'admin', '2024-07-05 20:36:44', '', NULL, '');
INSERT INTO `sys_menu` VALUES (1049, '任务查询', 110, 1, '#', '', '', '', 1, 0, 'F', '0', '0', 'monitor:job:query', '#', 'admin', '2024-07-05 20:36:44', '', NULL, '');
INSERT INTO `sys_menu` VALUES (1050, '任务新增', 110, 2, '#', '', '', '', 1, 0, 'F', '0', '0', 'monitor:job:add', '#', 'admin', '2024-07-05 20:36:44', '', NULL, '');
INSERT INTO `sys_menu` VALUES (1051, '任务修改', 110, 3, '#', '', '', '', 1, 0, 'F', '0', '0', 'monitor:job:edit', '#', 'admin', '2024-07-05 20:36:44', '', NULL, '');
INSERT INTO `sys_menu` VALUES (1052, '任务删除', 110, 4, '#', '', '', '', 1, 0, 'F', '0', '0', 'monitor:job:remove', '#', 'admin', '2024-07-05 20:36:44', '', NULL, '');
INSERT INTO `sys_menu` VALUES (1053, '状态修改', 110, 5, '#', '', '', '', 1, 0, 'F', '0', '0', 'monitor:job:changeStatus', '#', 'admin', '2024-07-05 20:36:44', '', NULL, '');
INSERT INTO `sys_menu` VALUES (1054, '任务导出', 110, 6, '#', '', '', '', 1, 0, 'F', '0', '0', 'monitor:job:export', '#', 'admin', '2024-07-05 20:36:44', '', NULL, '');
INSERT INTO `sys_menu` VALUES (1055, '生成查询', 115, 1, '#', '', '', '', 1, 0, 'F', '0', '0', 'tool:gen:query', '#', 'admin', '2024-07-05 20:36:44', '', NULL, '');
INSERT INTO `sys_menu` VALUES (1056, '生成修改', 115, 2, '#', '', '', '', 1, 0, 'F', '0', '0', 'tool:gen:edit', '#', 'admin', '2024-07-05 20:36:44', '', NULL, '');
INSERT INTO `sys_menu` VALUES (1057, '生成删除', 115, 3, '#', '', '', '', 1, 0, 'F', '0', '0', 'tool:gen:remove', '#', 'admin', '2024-07-05 20:36:44', '', NULL, '');
INSERT INTO `sys_menu` VALUES (1058, '导入代码', 115, 2, '#', '', '', '', 1, 0, 'F', '0', '0', 'tool:gen:import', '#', 'admin', '2024-07-05 20:36:44', '', NULL, '');
INSERT INTO `sys_menu` VALUES (1059, '预览代码', 115, 4, '#', '', '', '', 1, 0, 'F', '0', '0', 'tool:gen:preview', '#', 'admin', '2024-07-05 20:36:44', '', NULL, '');
INSERT INTO `sys_menu` VALUES (1060, '生成代码', 115, 5, '#', '', '', '', 1, 0, 'F', '0', '0', 'tool:gen:code', '#', 'admin', '2024-07-05 20:36:44', '', NULL, '');
INSERT INTO `sys_menu` VALUES (2000, '投诉管理', 0, 1, 'complaint', NULL, NULL, '', 1, 0, 'M', '0', '0', '', '#', 'admin', '2024-07-05 21:39:35', 'admin', '2024-07-05 21:41:18', '');
INSERT INTO `sys_menu` VALUES (2001, '应急信息管理', 0, 0, 'emegency', NULL, NULL, '', 1, 0, 'M', '0', '0', NULL, '#', 'admin', '2024-07-05 21:40:07', '', NULL, '');
INSERT INTO `sys_menu` VALUES (2002, '酒店管理', 0, 2, 'hotel', NULL, NULL, '', 1, 0, 'M', '0', '0', NULL, '#', 'admin', '2024-07-05 21:40:45', '', NULL, '');
INSERT INTO `sys_menu` VALUES (2003, '星级酒店管理', 2002, 0, 'starhotel', NULL, NULL, '', 1, 0, 'M', '0', '0', NULL, '#', 'admin', '2024-07-05 21:41:47', '', NULL, '');
INSERT INTO `sys_menu` VALUES (2004, '非星级酒店管理', 2002, 1, 'nonstarthotel', NULL, NULL, '', 1, 0, 'M', '0', '0', NULL, '#', 'admin', '2024-07-05 21:42:22', '', NULL, '');
INSERT INTO `sys_menu` VALUES (2005, '景区管理', 0, 3, 'scenicarea', NULL, NULL, '', 1, 0, 'M', '0', '0', NULL, '#', 'admin', '2024-07-05 21:43:49', '', NULL, '');
INSERT INTO `sys_menu` VALUES (2006, '景点管理', 2005, 0, 'scenicspot', NULL, NULL, '', 1, 0, 'M', '0', '0', NULL, '#', 'admin', '2024-07-05 21:44:19', '', NULL, '');
INSERT INTO `sys_menu` VALUES (2007, '旅游线路管理', 2005, 1, 'travelroute', NULL, NULL, '', 1, 0, 'M', '0', '0', NULL, '#', 'admin', '2024-07-05 21:45:25', '', NULL, '');
INSERT INTO `sys_menu` VALUES (2008, '娱乐餐饮管理', 0, 4, 'entertain', NULL, NULL, '', 1, 0, 'M', '0', '0', '', '#', 'admin', '2024-07-05 21:46:42', 'admin', '2024-07-05 21:46:48', '');
INSERT INTO `sys_menu` VALUES (2009, '餐饮娱乐管理', 2008, 0, 'entertainAndfood', NULL, NULL, '', 1, 0, 'M', '0', '0', NULL, '#', 'admin', '2024-07-05 21:47:50', '', NULL, '');
INSERT INTO `sys_menu` VALUES (2010, '演出团体管理', 2008, 1, 'performance', NULL, NULL, '', 1, 0, 'M', '0', '0', NULL, '#', 'admin', '2024-07-05 21:48:28', '', NULL, '');
INSERT INTO `sys_menu` VALUES (2011, '天气路况管理', 0, 5, 'weatherAndroad', NULL, NULL, '', 1, 0, 'M', '0', '0', NULL, '#', 'admin', '2024-07-05 21:49:30', '', NULL, '');
INSERT INTO `sys_menu` VALUES (2012, '天气管理', 2011, 0, 'weather', NULL, NULL, '', 1, 0, 'M', '0', '0', NULL, '#', 'admin', '2024-07-05 21:49:51', '', NULL, '');
INSERT INTO `sys_menu` VALUES (2013, '路况管理', 2011, 1, 'road', NULL, NULL, '', 1, 0, 'M', '0', '0', NULL, '#', 'admin', '2024-07-05 21:50:12', '', NULL, '');
INSERT INTO `sys_menu` VALUES (2062, '星级酒店营销管理', 2003, 1, 'starmarketingrecords', 'hotel/starmarketingrecords/index', NULL, '', 1, 1, 'C', '0', '1', 'hotel:starmarketingrecords:list', '#', 'admin', '2024-07-06 14:52:28', 'admin', '2024-07-10 13:56:11', '星级酒店营销管理菜单');
INSERT INTO `sys_menu` VALUES (2063, '星级酒店营销管理查询', 2062, 1, '#', '', NULL, '', 1, 0, 'F', '0', '0', 'hotel:starmarketingrecords:query', '#', 'admin', '2024-07-06 14:52:28', '', NULL, '');
INSERT INTO `sys_menu` VALUES (2064, '星级酒店营销管理新增', 2062, 2, '#', '', NULL, '', 1, 0, 'F', '0', '0', 'hotel:starmarketingrecords:add', '#', 'admin', '2024-07-06 14:52:28', '', NULL, '');
INSERT INTO `sys_menu` VALUES (2065, '星级酒店营销管理修改', 2062, 3, '#', '', NULL, '', 1, 0, 'F', '0', '0', 'hotel:starmarketingrecords:edit', '#', 'admin', '2024-07-06 14:52:28', '', NULL, '');
INSERT INTO `sys_menu` VALUES (2066, '星级酒店营销管理删除', 2062, 4, '#', '', NULL, '', 1, 0, 'F', '0', '0', 'hotel:starmarketingrecords:remove', '#', 'admin', '2024-07-06 14:52:28', '', NULL, '');
INSERT INTO `sys_menu` VALUES (2067, '星级酒店营销管理导出', 2062, 5, '#', '', NULL, '', 1, 0, 'F', '0', '0', 'hotel:starmarketingrecords:export', '#', 'admin', '2024-07-06 14:52:28', '', NULL, '');
INSERT INTO `sys_menu` VALUES (2092, '景点信息', 2006, 1, 'scenicspots', 'scenic/scenicspots/index', NULL, '', 1, 0, 'C', '0', '0', 'scenic:scenicspots:list', '#', 'admin', '2024-07-06 15:31:33', '', NULL, '景点信息菜单');
INSERT INTO `sys_menu` VALUES (2093, '景点信息查询', 2092, 1, '#', '', NULL, '', 1, 0, 'F', '0', '0', 'scenic:scenicspots:query', '#', 'admin', '2024-07-06 15:31:33', '', NULL, '');
INSERT INTO `sys_menu` VALUES (2094, '景点信息新增', 2092, 2, '#', '', NULL, '', 1, 0, 'F', '0', '0', 'scenic:scenicspots:add', '#', 'admin', '2024-07-06 15:31:33', '', NULL, '');
INSERT INTO `sys_menu` VALUES (2095, '景点信息修改', 2092, 3, '#', '', NULL, '', 1, 0, 'F', '0', '0', 'scenic:scenicspots:edit', '#', 'admin', '2024-07-06 15:31:33', '', NULL, '');
INSERT INTO `sys_menu` VALUES (2096, '景点信息删除', 2092, 4, '#', '', NULL, '', 1, 0, 'F', '0', '0', 'scenic:scenicspots:remove', '#', 'admin', '2024-07-06 15:31:33', '', NULL, '');
INSERT INTO `sys_menu` VALUES (2097, '景点信息导出', 2092, 5, '#', '', NULL, '', 1, 0, 'F', '0', '0', 'scenic:scenicspots:export', '#', 'admin', '2024-07-06 15:31:33', '', NULL, '');
INSERT INTO `sys_menu` VALUES (2122, '应急信息', 2001, 1, 'emergencyinfo', 'emergency/emergencyinfo/index', NULL, '', 1, 0, 'C', '1', '1', 'emergency:emergencyinfo:list', '#', 'admin', '2024-07-06 15:32:00', 'admin', '2024-07-12 13:27:22', '应急信息菜单');
INSERT INTO `sys_menu` VALUES (2123, '应急信息查询', 2122, 1, '#', '', NULL, '', 1, 0, 'F', '0', '0', 'emergency:emergencyinfo:query', '#', 'admin', '2024-07-06 15:32:00', '', NULL, '');
INSERT INTO `sys_menu` VALUES (2124, '应急信息新增', 2122, 2, '#', '', NULL, '', 1, 0, 'F', '0', '0', 'emergency:emergencyinfo:add', '#', 'admin', '2024-07-06 15:32:00', '', NULL, '');
INSERT INTO `sys_menu` VALUES (2125, '应急信息修改', 2122, 3, '#', '', NULL, '', 1, 0, 'F', '0', '0', 'emergency:emergencyinfo:edit', '#', 'admin', '2024-07-06 15:32:00', '', NULL, '');
INSERT INTO `sys_menu` VALUES (2126, '应急信息删除', 2122, 4, '#', '', NULL, '', 1, 0, 'F', '0', '0', 'emergency:emergencyinfo:remove', '#', 'admin', '2024-07-06 15:32:00', '', NULL, '');
INSERT INTO `sys_menu` VALUES (2127, '应急信息导出', 2122, 5, '#', '', NULL, '', 1, 0, 'F', '0', '0', 'emergency:emergencyinfo:export', '#', 'admin', '2024-07-06 15:32:00', '', NULL, '');
INSERT INTO `sys_menu` VALUES (2147, '演出团体信息', 2010, 1, 'performancegroups', 'entertainment/performancegroups/index', NULL, '', 1, 0, 'C', '0', '0', 'entertainment:performancegroups:list', '#', 'admin', '2024-07-08 21:10:54', '', NULL, '演出团体信息菜单');
INSERT INTO `sys_menu` VALUES (2148, '演出团体信息查询', 2147, 1, '#', '', NULL, '', 1, 0, 'F', '0', '0', 'entertainment:performancegroups:query', '#', 'admin', '2024-07-08 21:10:54', '', NULL, '');
INSERT INTO `sys_menu` VALUES (2149, '演出团体信息新增', 2147, 2, '#', '', NULL, '', 1, 0, 'F', '0', '0', 'entertainment:performancegroups:add', '#', 'admin', '2024-07-08 21:10:54', '', NULL, '');
INSERT INTO `sys_menu` VALUES (2150, '演出团体信息修改', 2147, 3, '#', '', NULL, '', 1, 0, 'F', '0', '0', 'entertainment:performancegroups:edit', '#', 'admin', '2024-07-08 21:10:54', '', NULL, '');
INSERT INTO `sys_menu` VALUES (2151, '演出团体信息删除', 2147, 4, '#', '', NULL, '', 1, 0, 'F', '0', '0', 'entertainment:performancegroups:remove', '#', 'admin', '2024-07-08 21:10:54', '', NULL, '');
INSERT INTO `sys_menu` VALUES (2152, '演出团体信息导出', 2147, 5, '#', '', NULL, '', 1, 0, 'F', '0', '0', 'entertainment:performancegroups:export', '#', 'admin', '2024-07-08 21:10:54', '', NULL, '');
INSERT INTO `sys_menu` VALUES (2153, '演出团体信息', 2010, 1, 'performancegroups', 'entertainment/performancegroups/index', NULL, '', 1, 0, 'C', '0', '0', 'entertainment:performancegroups:list', '#', 'admin', '2024-07-08 21:28:37', '', NULL, '演出团体信息菜单');
INSERT INTO `sys_menu` VALUES (2154, '演出团体信息查询', 2153, 1, '#', '', NULL, '', 1, 0, 'F', '0', '0', 'entertainment:performancegroups:query', '#', 'admin', '2024-07-08 21:28:37', '', NULL, '');
INSERT INTO `sys_menu` VALUES (2155, '演出团体信息新增', 2153, 2, '#', '', NULL, '', 1, 0, 'F', '0', '0', 'entertainment:performancegroups:add', '#', 'admin', '2024-07-08 21:28:37', '', NULL, '');
INSERT INTO `sys_menu` VALUES (2156, '演出团体信息修改', 2153, 3, '#', '', NULL, '', 1, 0, 'F', '0', '0', 'entertainment:performancegroups:edit', '#', 'admin', '2024-07-08 21:28:37', '', NULL, '');
INSERT INTO `sys_menu` VALUES (2157, '演出团体信息删除', 2153, 4, '#', '', NULL, '', 1, 0, 'F', '0', '0', 'entertainment:performancegroups:remove', '#', 'admin', '2024-07-08 21:28:37', '', NULL, '');
INSERT INTO `sys_menu` VALUES (2158, '演出团体信息导出', 2153, 5, '#', '', NULL, '', 1, 0, 'F', '0', '0', 'entertainment:performancegroups:export', '#', 'admin', '2024-07-08 21:28:37', '', NULL, '');
INSERT INTO `sys_menu` VALUES (2159, '娱乐信息', 2009, 1, 'entertainment', 'entertainment/entertainment/index', NULL, '', 1, 0, 'C', '0', '0', 'entertainment:entertainment:list', '#', 'admin', '2024-07-09 16:12:46', '', NULL, '娱乐信息菜单');
INSERT INTO `sys_menu` VALUES (2160, '娱乐信息查询', 2159, 1, '#', '', NULL, '', 1, 0, 'F', '0', '0', 'entertainment:entertainment:query', '#', 'admin', '2024-07-09 16:12:46', '', NULL, '');
INSERT INTO `sys_menu` VALUES (2165, '餐饮信息', 2009, 1, 'dining', 'entertainment/dining/index', NULL, '', 1, 0, 'C', '0', '0', 'entertainment:dining:list', '#', 'admin', '2024-07-09 16:12:52', 'admin', '2024-07-15 11:25:18', '餐饮信息菜单');
INSERT INTO `sys_menu` VALUES (2166, '餐饮信息查询', 2165, 1, '#', '', NULL, '', 1, 0, 'F', '0', '0', 'entertainment:dining:query', '#', 'admin', '2024-07-09 16:12:52', '', NULL, '');
INSERT INTO `sys_menu` VALUES (2167, '餐饮信息新增', 2165, 2, '#', '', NULL, '', 1, 0, 'F', '0', '0', 'entertainment:dining:add', '#', 'admin', '2024-07-09 16:12:52', '', NULL, '');
INSERT INTO `sys_menu` VALUES (2168, '餐饮信息修改', 2165, 3, '#', '', NULL, '', 1, 0, 'F', '0', '0', 'entertainment:dining:edit', '#', 'admin', '2024-07-09 16:12:52', '', NULL, '');
INSERT INTO `sys_menu` VALUES (2169, '餐饮信息删除', 2165, 4, '#', '', NULL, '', 1, 0, 'F', '0', '0', 'entertainment:dining:remove', '#', 'admin', '2024-07-09 16:12:52', '', NULL, '');
INSERT INTO `sys_menu` VALUES (2170, '餐饮信息导出', 2165, 5, '#', '', NULL, '', 1, 0, 'F', '0', '0', 'entertainment:dining:export', '#', 'admin', '2024-07-09 16:12:52', '', NULL, '');
INSERT INTO `sys_menu` VALUES (2171, '娱乐汇总', 2009, 1, 'entertainmentChart', 'entertainment/entertainmentChart/index', NULL, '', 1, 0, 'C', '0', '0', 'entertainment:entertainmentChart:list', '#', 'admin', '2024-07-09 16:44:15', '', NULL, '娱乐汇总菜单');
INSERT INTO `sys_menu` VALUES (2172, '娱乐汇总查询', 2171, 1, '#', '', NULL, '', 1, 0, 'F', '0', '0', 'entertainment:entertainmentChart:query', '#', 'admin', '2024-07-09 16:44:15', '', NULL, '');
INSERT INTO `sys_menu` VALUES (2173, '娱乐汇总新增', 2171, 2, '#', '', NULL, '', 1, 0, 'F', '0', '0', 'entertainment:entertainmentChart:add', '#', 'admin', '2024-07-09 16:44:15', '', NULL, '');
INSERT INTO `sys_menu` VALUES (2174, '娱乐汇总修改', 2171, 3, '#', '', NULL, '', 1, 0, 'F', '0', '0', 'entertainment:entertainmentChart:edit', '#', 'admin', '2024-07-09 16:44:15', '', NULL, '');
INSERT INTO `sys_menu` VALUES (2175, '娱乐汇总删除', 2171, 4, '#', '', NULL, '', 1, 0, 'F', '0', '0', 'entertainment:entertainmentChart:remove', '#', 'admin', '2024-07-09 16:44:15', '', NULL, '');
INSERT INTO `sys_menu` VALUES (2176, '娱乐汇总导出', 2171, 5, '#', '', NULL, '', 1, 0, 'F', '0', '0', 'entertainment:entertainmentChart:export', '#', 'admin', '2024-07-09 16:44:15', '', NULL, '');
INSERT INTO `sys_menu` VALUES (2177, '餐饮汇总', 2009, 1, 'diningChart', 'entertainment/diningChart/index', NULL, '', 1, 0, 'C', '0', '0', 'entertainment:diningChart:list', '#', 'admin', '2024-07-09 19:18:20', 'admin', '2024-07-09 19:27:36', '餐饮信息菜单');
INSERT INTO `sys_menu` VALUES (2178, '餐饮信息查询', 2177, 1, '#', '', NULL, '', 1, 0, 'F', '0', '0', 'entertainment:diningChart:query', '#', 'admin', '2024-07-09 19:18:20', '', NULL, '');
INSERT INTO `sys_menu` VALUES (2179, '餐饮信息新增', 2177, 2, '#', '', NULL, '', 1, 0, 'F', '0', '0', 'entertainment:diningChart:add', '#', 'admin', '2024-07-09 19:18:20', '', NULL, '');
INSERT INTO `sys_menu` VALUES (2180, '餐饮信息修改', 2177, 3, '#', '', NULL, '', 1, 0, 'F', '0', '0', 'entertainment:diningChart:edit', '#', 'admin', '2024-07-09 19:18:20', '', NULL, '');
INSERT INTO `sys_menu` VALUES (2181, '餐饮信息删除', 2177, 4, '#', '', NULL, '', 1, 0, 'F', '0', '0', 'entertainment:diningChart:remove', '#', 'admin', '2024-07-09 19:18:20', '', NULL, '');
INSERT INTO `sys_menu` VALUES (2182, '餐饮信息导出', 2177, 5, '#', '', NULL, '', 1, 0, 'F', '0', '0', 'entertainment:diningChart:export', '#', 'admin', '2024-07-09 19:18:20', '', NULL, '');
INSERT INTO `sys_menu` VALUES (2183, '景区信息', 2005, 1, 'scenicareas', 'scenic/scenicareas/index', NULL, '', 1, 0, 'C', '0', '0', 'scenic:scenicareas:list', '#', 'admin', '2024-07-10 08:36:23', '', NULL, '景区信息菜单');
INSERT INTO `sys_menu` VALUES (2184, '景区信息查询', 2183, 1, '#', '', NULL, '', 1, 0, 'F', '0', '0', 'scenic:scenicareas:query', '#', 'admin', '2024-07-10 08:36:23', '', NULL, '');
INSERT INTO `sys_menu` VALUES (2185, '景区信息新增', 2183, 2, '#', '', NULL, '', 1, 0, 'F', '0', '0', 'scenic:scenicareas:add', '#', 'admin', '2024-07-10 08:36:23', '', NULL, '');
INSERT INTO `sys_menu` VALUES (2186, '景区信息修改', 2183, 3, '#', '', NULL, '', 1, 0, 'F', '0', '0', 'scenic:scenicareas:edit', '#', 'admin', '2024-07-10 08:36:23', '', NULL, '');
INSERT INTO `sys_menu` VALUES (2187, '景区信息删除', 2183, 4, '#', '', NULL, '', 1, 0, 'F', '0', '0', 'scenic:scenicareas:remove', '#', 'admin', '2024-07-10 08:36:23', '', NULL, '');
INSERT INTO `sys_menu` VALUES (2188, '景区信息导出', 2183, 5, '#', '', NULL, '', 1, 0, 'F', '0', '0', 'scenic:scenicareas:export', '#', 'admin', '2024-07-10 08:36:23', '', NULL, '');
INSERT INTO `sys_menu` VALUES (2189, '景区汇总', 2005, 1, 'scenicChart', 'scenic/scenicChart/index', NULL, '', 1, 0, 'C', '0', '0', 'scenic:scenicChart:list', '#', 'admin', '2024-07-10 08:44:32', 'admin', '2024-07-10 08:47:56', '景区信息菜单');
INSERT INTO `sys_menu` VALUES (2190, '景区信息查询', 2189, 1, '#', '', NULL, '', 1, 0, 'F', '0', '0', 'scenic:scenicChart:query', '#', 'admin', '2024-07-10 08:44:32', '', NULL, '');
INSERT INTO `sys_menu` VALUES (2191, '景区信息新增', 2189, 2, '#', '', NULL, '', 1, 0, 'F', '0', '0', 'scenic:scenicChart:add', '#', 'admin', '2024-07-10 08:44:32', '', NULL, '');
INSERT INTO `sys_menu` VALUES (2192, '景区信息修改', 2189, 3, '#', '', NULL, '', 1, 0, 'F', '0', '0', 'scenic:scenicChart:edit', '#', 'admin', '2024-07-10 08:44:32', '', NULL, '');
INSERT INTO `sys_menu` VALUES (2193, '景区信息删除', 2189, 4, '#', '', NULL, '', 1, 0, 'F', '0', '0', 'scenic:scenicChart:remove', '#', 'admin', '2024-07-10 08:44:32', '', NULL, '');
INSERT INTO `sys_menu` VALUES (2194, '景区信息导出', 2189, 5, '#', '', NULL, '', 1, 0, 'F', '0', '0', 'scenic:scenicChart:export', '#', 'admin', '2024-07-10 08:44:32', '', NULL, '');
INSERT INTO `sys_menu` VALUES (2201, '星级酒店预定信息', 2003, 1, 'starbookings', 'hotel/starbookings/index', NULL, '', 1, 0, 'C', '0', '0', 'hotel:starbookings:list', '#', 'admin', '2024-07-10 14:32:46', 'admin', '2024-07-15 10:59:10', '星级酒店预定信息菜单');
INSERT INTO `sys_menu` VALUES (2202, '星级酒店预定信息查询', 2201, 1, '#', '', NULL, '', 1, 0, 'F', '0', '0', 'hotel:starbookings:query', '#', 'admin', '2024-07-10 14:32:46', '', NULL, '');
INSERT INTO `sys_menu` VALUES (2203, '星级酒店预定信息新增', 2201, 2, '#', '', NULL, '', 1, 0, 'F', '0', '0', 'hotel:starbookings:add', '#', 'admin', '2024-07-10 14:32:46', '', NULL, '');
INSERT INTO `sys_menu` VALUES (2204, '星级酒店预定信息修改', 2201, 3, '#', '', NULL, '', 1, 0, 'F', '0', '0', 'hotel:starbookings:edit', '#', 'admin', '2024-07-10 14:32:46', '', NULL, '');
INSERT INTO `sys_menu` VALUES (2205, '星级酒店预定信息删除', 2201, 4, '#', '', NULL, '', 1, 0, 'F', '0', '0', 'hotel:starbookings:remove', '#', 'admin', '2024-07-10 14:32:46', '', NULL, '');
INSERT INTO `sys_menu` VALUES (2206, '星级酒店预定信息导出', 2201, 5, '#', '', NULL, '', 1, 0, 'F', '0', '0', 'hotel:starbookings:export', '#', 'admin', '2024-07-10 14:32:46', '', NULL, '');
INSERT INTO `sys_menu` VALUES (2213, '星级酒店信息', 2003, 1, 'starhotels', 'hotel/starhotels/index', NULL, '', 1, 0, 'C', '0', '0', 'hotel:starhotels:list', '#', 'admin', '2024-07-10 14:32:54', '', NULL, '星级酒店信息菜单');
INSERT INTO `sys_menu` VALUES (2214, '星级酒店信息查询', 2213, 1, '#', '', NULL, '', 1, 0, 'F', '0', '0', 'hotel:starhotels:query', '#', 'admin', '2024-07-10 14:32:54', '', NULL, '');
INSERT INTO `sys_menu` VALUES (2215, '星级酒店信息新增', 2213, 2, '#', '', NULL, '', 1, 0, 'F', '0', '0', 'hotel:starhotels:add', '#', 'admin', '2024-07-10 14:32:54', '', NULL, '');
INSERT INTO `sys_menu` VALUES (2216, '星级酒店信息修改', 2213, 3, '#', '', NULL, '', 1, 0, 'F', '0', '0', 'hotel:starhotels:edit', '#', 'admin', '2024-07-10 14:32:54', '', NULL, '');
INSERT INTO `sys_menu` VALUES (2217, '星级酒店信息删除', 2213, 4, '#', '', NULL, '', 1, 0, 'F', '0', '0', 'hotel:starhotels:remove', '#', 'admin', '2024-07-10 14:32:54', '', NULL, '');
INSERT INTO `sys_menu` VALUES (2218, '星级酒店信息导出', 2213, 5, '#', '', NULL, '', 1, 0, 'F', '0', '0', 'hotel:starhotels:export', '#', 'admin', '2024-07-10 14:32:54', '', NULL, '');
INSERT INTO `sys_menu` VALUES (2219, '酒店营销记录', 2003, 1, 'starmarketingrecords', 'hotel/starmarketingrecords/index', NULL, '', 1, 0, 'C', '0', '0', 'hotel:starmarketingrecords:list', '#', 'admin', '2024-07-10 14:32:57', '', NULL, '酒店营销记录菜单');
INSERT INTO `sys_menu` VALUES (2220, '酒店营销记录查询', 2219, 1, '#', '', NULL, '', 1, 0, 'F', '0', '0', 'hotel:starmarketingrecords:query', '#', 'admin', '2024-07-10 14:32:57', '', NULL, '');
INSERT INTO `sys_menu` VALUES (2221, '酒店营销记录新增', 2219, 2, '#', '', NULL, '', 1, 0, 'F', '0', '0', 'hotel:starmarketingrecords:add', '#', 'admin', '2024-07-10 14:32:57', '', NULL, '');
INSERT INTO `sys_menu` VALUES (2222, '酒店营销记录修改', 2219, 3, '#', '', NULL, '', 1, 0, 'F', '0', '0', 'hotel:starmarketingrecords:edit', '#', 'admin', '2024-07-10 14:32:57', '', NULL, '');
INSERT INTO `sys_menu` VALUES (2223, '酒店营销记录删除', 2219, 4, '#', '', NULL, '', 1, 0, 'F', '0', '0', 'hotel:starmarketingrecords:remove', '#', 'admin', '2024-07-10 14:32:57', '', NULL, '');
INSERT INTO `sys_menu` VALUES (2224, '酒店营销记录导出', 2219, 5, '#', '', NULL, '', 1, 0, 'F', '0', '0', 'hotel:starmarketingrecords:export', '#', 'admin', '2024-07-10 14:32:57', '', NULL, '');
INSERT INTO `sys_menu` VALUES (2273, '用户信息', 0, 6, 'userSys', 'userSys/userSys/index', NULL, '', 1, 0, 'C', '0', '0', 'userSys:userSys:list', '#', 'admin', '2024-07-11 13:26:48', 'admin', '2024-07-11 13:39:02', '用户信息菜单');
INSERT INTO `sys_menu` VALUES (2274, '用户信息查询', 2273, 1, '#', '', NULL, '', 1, 0, 'F', '0', '0', 'userSys:userSys:query', '#', 'admin', '2024-07-11 13:26:48', '', NULL, '');
INSERT INTO `sys_menu` VALUES (2275, '用户信息新增', 2273, 2, '#', '', NULL, '', 1, 0, 'F', '0', '0', 'userSys:userSys:add', '#', 'admin', '2024-07-11 13:26:48', '', NULL, '');
INSERT INTO `sys_menu` VALUES (2276, '用户信息修改', 2273, 3, '#', '', NULL, '', 1, 0, 'F', '0', '0', 'userSys:userSys:edit', '#', 'admin', '2024-07-11 13:26:48', '', NULL, '');
INSERT INTO `sys_menu` VALUES (2277, '用户信息删除', 2273, 4, '#', '', NULL, '', 1, 0, 'F', '0', '0', 'userSys:userSys:remove', '#', 'admin', '2024-07-11 13:26:48', '', NULL, '');
INSERT INTO `sys_menu` VALUES (2278, '用户信息导出', 2273, 5, '#', '', NULL, '', 1, 0, 'F', '0', '0', 'userSys:userSys:export', '#', 'admin', '2024-07-11 13:26:48', '', NULL, '');
INSERT INTO `sys_menu` VALUES (2285, '星级酒店房型', 2003, 1, 'starroomtypes', 'hotel/starroomtypes/index', NULL, '', 1, 0, 'C', '0', '0', 'hotel:starroomtypes:list', '#', 'admin', '2024-07-11 14:25:02', '', NULL, '星级酒店房型菜单');
INSERT INTO `sys_menu` VALUES (2286, '星级酒店房型查询', 2285, 1, '#', '', NULL, '', 1, 0, 'F', '0', '0', 'hotel:starroomtypes:query', '#', 'admin', '2024-07-11 14:25:02', '', NULL, '');
INSERT INTO `sys_menu` VALUES (2287, '星级酒店房型新增', 2285, 2, '#', '', NULL, '', 1, 0, 'F', '0', '0', 'hotel:starroomtypes:add', '#', 'admin', '2024-07-11 14:25:02', '', NULL, '');
INSERT INTO `sys_menu` VALUES (2288, '星级酒店房型修改', 2285, 3, '#', '', NULL, '', 1, 0, 'F', '0', '0', 'hotel:starroomtypes:edit', '#', 'admin', '2024-07-11 14:25:02', '', NULL, '');
INSERT INTO `sys_menu` VALUES (2289, '星级酒店房型删除', 2285, 4, '#', '', NULL, '', 1, 0, 'F', '0', '0', 'hotel:starroomtypes:remove', '#', 'admin', '2024-07-11 14:25:02', '', NULL, '');
INSERT INTO `sys_menu` VALUES (2290, '星级酒店房型导出', 2285, 5, '#', '', NULL, '', 1, 0, 'F', '0', '0', 'hotel:starroomtypes:export', '#', 'admin', '2024-07-11 14:25:02', '', NULL, '');
INSERT INTO `sys_menu` VALUES (2303, '应急信息', 2001, 1, 'emergencyinfo', 'emergency/emergencyinfo/index', NULL, '', 1, 0, 'C', '0', '0', 'emergency:emergencyinfo:list', '#', 'admin', '2024-07-12 13:47:33', '', NULL, '应急信息菜单');
INSERT INTO `sys_menu` VALUES (2304, '应急信息查询', 2303, 1, '#', '', NULL, '', 1, 0, 'F', '0', '0', 'emergency:emergencyinfo:query', '#', 'admin', '2024-07-12 13:47:33', '', NULL, '');
INSERT INTO `sys_menu` VALUES (2305, '应急信息新增', 2303, 2, '#', '', NULL, '', 1, 0, 'F', '0', '0', 'emergency:emergencyinfo:add', '#', 'admin', '2024-07-12 13:47:33', '', NULL, '');
INSERT INTO `sys_menu` VALUES (2306, '应急信息修改', 2303, 3, '#', '', NULL, '', 1, 0, 'F', '0', '0', 'emergency:emergencyinfo:edit', '#', 'admin', '2024-07-12 13:47:33', '', NULL, '');
INSERT INTO `sys_menu` VALUES (2307, '应急信息删除', 2303, 4, '#', '', NULL, '', 1, 0, 'F', '0', '0', 'emergency:emergencyinfo:remove', '#', 'admin', '2024-07-12 13:47:33', '', NULL, '');
INSERT INTO `sys_menu` VALUES (2308, '应急信息导出', 2303, 5, '#', '', NULL, '', 1, 0, 'F', '0', '0', 'emergency:emergencyinfo:export', '#', 'admin', '2024-07-12 13:47:33', '', NULL, '');
INSERT INTO `sys_menu` VALUES (2309, '确认', 2201, 0, '', NULL, NULL, '', 1, 0, 'F', '0', '0', 'hotel:starbookings:confirm', '#', 'admin', '2024-07-14 09:12:15', '', NULL, '');
INSERT INTO `sys_menu` VALUES (2310, '确认', 2303, 5, '', NULL, NULL, '', 1, 0, 'F', '0', '0', 'emergency:emergencyinfo:confirm', '#', 'admin', '2024-07-14 09:24:13', '', NULL, '');
INSERT INTO `sys_menu` VALUES (2311, '非星级酒店预定信息', 2004, 1, 'nonstarbookings', 'hotel/nonstarbookings/index', NULL, '', 1, 0, 'C', '0', '0', 'hotel:nonstarbookings:list', '#', 'admin', '2024-07-14 13:12:07', 'admin', '2024-07-15 10:44:23', '非星级酒店预定信息菜单');
INSERT INTO `sys_menu` VALUES (2312, '非星级酒店预定信息查询', 2311, 1, '#', '', NULL, '', 1, 0, 'F', '0', '0', 'hotel:nonstarbookings:query', '#', 'admin', '2024-07-14 13:12:07', '', NULL, '');
INSERT INTO `sys_menu` VALUES (2313, '非星级酒店预定信息新增', 2311, 2, '#', '', NULL, '', 1, 0, 'F', '0', '0', 'hotel:nonstarbookings:add', '#', 'admin', '2024-07-14 13:12:07', '', NULL, '');
INSERT INTO `sys_menu` VALUES (2314, '非星级酒店预定信息修改', 2311, 3, '#', '', NULL, '', 1, 0, 'F', '0', '0', 'hotel:nonstarbookings:edit', '#', 'admin', '2024-07-14 13:12:07', '', NULL, '');
INSERT INTO `sys_menu` VALUES (2315, '非星级酒店预定信息删除', 2311, 4, '#', '', NULL, '', 1, 0, 'F', '0', '0', 'hotel:nonstarbookings:remove', '#', 'admin', '2024-07-14 13:12:07', '', NULL, '');
INSERT INTO `sys_menu` VALUES (2316, '非星级酒店预定信息导出', 2311, 5, '#', '', NULL, '', 1, 0, 'F', '0', '0', 'hotel:nonstarbookings:export', '#', 'admin', '2024-07-14 13:12:07', '', NULL, '');
INSERT INTO `sys_menu` VALUES (2323, '非星级酒店', 2004, 1, 'nonstarhotels', 'hotel/nonstarhotels/index', NULL, '', 1, 0, 'C', '0', '0', 'hotel:nonstarhotels:list', '#', 'admin', '2024-07-14 13:13:04', '', NULL, '非星级酒店菜单');
INSERT INTO `sys_menu` VALUES (2324, '非星级酒店查询', 2323, 1, '#', '', NULL, '', 1, 0, 'F', '0', '0', 'hotel:nonstarhotels:query', '#', 'admin', '2024-07-14 13:13:04', '', NULL, '');
INSERT INTO `sys_menu` VALUES (2325, '非星级酒店新增', 2323, 2, '#', '', NULL, '', 1, 0, 'F', '0', '0', 'hotel:nonstarhotels:add', '#', 'admin', '2024-07-14 13:13:04', '', NULL, '');
INSERT INTO `sys_menu` VALUES (2326, '非星级酒店修改', 2323, 3, '#', '', NULL, '', 1, 0, 'F', '0', '0', 'hotel:nonstarhotels:edit', '#', 'admin', '2024-07-14 13:13:04', '', NULL, '');
INSERT INTO `sys_menu` VALUES (2327, '非星级酒店删除', 2323, 4, '#', '', NULL, '', 1, 0, 'F', '0', '0', 'hotel:nonstarhotels:remove', '#', 'admin', '2024-07-14 13:13:04', '', NULL, '');
INSERT INTO `sys_menu` VALUES (2328, '非星级酒店导出', 2323, 5, '#', '', NULL, '', 1, 0, 'F', '0', '0', 'hotel:nonstarhotels:export', '#', 'admin', '2024-07-14 13:13:04', '', NULL, '');
INSERT INTO `sys_menu` VALUES (2329, '非星级酒店营销记录', 2004, 1, 'nonstarmarketingrecords', 'hotel/nonstarmarketingrecords/index', NULL, '', 1, 0, 'C', '0', '0', 'hotel:nonstarmarketingrecords:list', '#', 'admin', '2024-07-14 13:13:09', '', NULL, '非星级酒店营销记录菜单');
INSERT INTO `sys_menu` VALUES (2330, '非星级酒店营销记录查询', 2329, 1, '#', '', NULL, '', 1, 0, 'F', '0', '0', 'hotel:nonstarmarketingrecords:query', '#', 'admin', '2024-07-14 13:13:09', '', NULL, '');
INSERT INTO `sys_menu` VALUES (2331, '非星级酒店营销记录新增', 2329, 2, '#', '', NULL, '', 1, 0, 'F', '0', '0', 'hotel:nonstarmarketingrecords:add', '#', 'admin', '2024-07-14 13:13:09', '', NULL, '');
INSERT INTO `sys_menu` VALUES (2332, '非星级酒店营销记录修改', 2329, 3, '#', '', NULL, '', 1, 0, 'F', '0', '0', 'hotel:nonstarmarketingrecords:edit', '#', 'admin', '2024-07-14 13:13:09', '', NULL, '');
INSERT INTO `sys_menu` VALUES (2333, '非星级酒店营销记录删除', 2329, 4, '#', '', NULL, '', 1, 0, 'F', '0', '0', 'hotel:nonstarmarketingrecords:remove', '#', 'admin', '2024-07-14 13:13:09', '', NULL, '');
INSERT INTO `sys_menu` VALUES (2334, '非星级酒店营销记录导出', 2329, 5, '#', '', NULL, '', 1, 0, 'F', '0', '0', 'hotel:nonstarmarketingrecords:export', '#', 'admin', '2024-07-14 13:13:09', '', NULL, '');
INSERT INTO `sys_menu` VALUES (2335, '非星级酒店房型', 2004, 1, 'nonstarroomtypes', 'hotel/nonstarroomtypes/index', NULL, '', 1, 0, 'C', '0', '0', 'hotel:nonstarroomtypes:list', '#', 'admin', '2024-07-14 13:13:13', '', NULL, '非星级酒店房型菜单');
INSERT INTO `sys_menu` VALUES (2336, '非星级酒店房型查询', 2335, 1, '#', '', NULL, '', 1, 0, 'F', '0', '0', 'hotel:nonstarroomtypes:query', '#', 'admin', '2024-07-14 13:13:13', '', NULL, '');
INSERT INTO `sys_menu` VALUES (2337, '非星级酒店房型新增', 2335, 2, '#', '', NULL, '', 1, 0, 'F', '0', '0', 'hotel:nonstarroomtypes:add', '#', 'admin', '2024-07-14 13:13:13', '', NULL, '');
INSERT INTO `sys_menu` VALUES (2338, '非星级酒店房型修改', 2335, 3, '#', '', NULL, '', 1, 0, 'F', '0', '0', 'hotel:nonstarroomtypes:edit', '#', 'admin', '2024-07-14 13:13:13', '', NULL, '');
INSERT INTO `sys_menu` VALUES (2339, '非星级酒店房型删除', 2335, 4, '#', '', NULL, '', 1, 0, 'F', '0', '0', 'hotel:nonstarroomtypes:remove', '#', 'admin', '2024-07-14 13:13:13', '', NULL, '');
INSERT INTO `sys_menu` VALUES (2340, '非星级酒店房型导出', 2335, 5, '#', '', NULL, '', 1, 0, 'F', '0', '0', 'hotel:nonstarroomtypes:export', '#', 'admin', '2024-07-14 13:13:13', '', NULL, '');
INSERT INTO `sys_menu` VALUES (2341, '确认', 2311, 0, '', NULL, NULL, '', 1, 0, 'F', '0', '0', 'hotel:nonstarbookings:confirm', '#', 'admin', '2024-07-14 13:32:38', '', NULL, '');
INSERT INTO `sys_menu` VALUES (2360, '非星级酒店评价', 2004, 1, 'nonstar', 'hotel/nonstar/index', NULL, '', 1, 0, 'C', '0', '0', 'hotel:nonstar:list', '#', 'admin', '2024-07-15 10:44:01', 'admin', '2024-07-15 10:54:33', '');
INSERT INTO `sys_menu` VALUES (2361, '星级酒店评价', 2003, 1, 'starhotelre', 'hotel/starhotelre/index', NULL, '', 1, 0, 'C', '0', '0', 'hotel:starhotelre:list', '#', 'admin', '2024-07-15 11:00:08', '', NULL, '');
INSERT INTO `sys_menu` VALUES (2368, '餐饮娱乐评价', 2009, 1, 'derev', 'entertainment/derev/index', NULL, '', 1, 0, 'C', '0', '0', 'entertainment:derev:list', '#', 'admin', '2024-07-15 11:28:05', '', NULL, '');
INSERT INTO `sys_menu` VALUES (2369, '投诉信息', 2000, 1, 'complaints', 'complaint/complaints/index', NULL, '', 1, 0, 'C', '0', '0', 'complaint:complaints:list', '#', 'admin', '2024-07-15 13:53:44', '', NULL, '投诉信息菜单');
INSERT INTO `sys_menu` VALUES (2370, '投诉信息查询', 2369, 1, '#', '', NULL, '', 1, 0, 'F', '0', '0', 'complaint:complaints:query', '#', 'admin', '2024-07-15 13:53:44', '', NULL, '');
INSERT INTO `sys_menu` VALUES (2371, '投诉信息新增', 2369, 2, '#', '', NULL, '', 1, 0, 'F', '0', '0', 'complaint:complaints:add', '#', 'admin', '2024-07-15 13:53:44', '', NULL, '');
INSERT INTO `sys_menu` VALUES (2372, '投诉信息修改', 2369, 3, '#', '', NULL, '', 1, 0, 'F', '0', '0', 'complaint:complaints:edit', '#', 'admin', '2024-07-15 13:53:44', '', NULL, '');
INSERT INTO `sys_menu` VALUES (2373, '投诉信息删除', 2369, 4, '#', '', NULL, '', 1, 0, 'F', '0', '0', 'complaint:complaints:remove', '#', 'admin', '2024-07-15 13:53:44', '', NULL, '');
INSERT INTO `sys_menu` VALUES (2374, '投诉信息导出', 2369, 5, '#', '', NULL, '', 1, 0, 'F', '0', '0', 'complaint:complaints:export', '#', 'admin', '2024-07-15 13:53:44', '', NULL, '');
INSERT INTO `sys_menu` VALUES (2375, '投诉处理反馈信息', 2000, 1, 'feedbackresults', 'complaint/feedbackresults/index', NULL, '', 1, 0, 'C', '0', '0', 'complaint:feedbackresults:list', '#', 'admin', '2024-07-15 13:53:50', '', NULL, '投诉处理反馈信息菜单');
INSERT INTO `sys_menu` VALUES (2376, '投诉处理反馈信息查询', 2375, 1, '#', '', NULL, '', 1, 0, 'F', '0', '0', 'complaint:feedbackresults:query', '#', 'admin', '2024-07-15 13:53:50', '', NULL, '');
INSERT INTO `sys_menu` VALUES (2377, '投诉处理反馈信息新增', 2375, 2, '#', '', NULL, '', 1, 0, 'F', '0', '0', 'complaint:feedbackresults:add', '#', 'admin', '2024-07-15 13:53:50', '', NULL, '');
INSERT INTO `sys_menu` VALUES (2378, '投诉处理反馈信息修改', 2375, 3, '#', '', NULL, '', 1, 0, 'F', '0', '0', 'complaint:feedbackresults:edit', '#', 'admin', '2024-07-15 13:53:50', '', NULL, '');
INSERT INTO `sys_menu` VALUES (2379, '投诉处理反馈信息删除', 2375, 4, '#', '', NULL, '', 1, 0, 'F', '0', '0', 'complaint:feedbackresults:remove', '#', 'admin', '2024-07-15 13:53:50', '', NULL, '');
INSERT INTO `sys_menu` VALUES (2380, '投诉处理反馈信息导出', 2375, 5, '#', '', NULL, '', 1, 0, 'F', '0', '0', 'complaint:feedbackresults:export', '#', 'admin', '2024-07-15 13:53:50', '', NULL, '');
INSERT INTO `sys_menu` VALUES (2381, '投诉处理结果', 2000, 1, 'handlingresults', 'complaint/handlingresults/index', NULL, '', 1, 0, 'C', '0', '0', 'complaint:handlingresults:list', '#', 'admin', '2024-07-15 13:53:53', '', NULL, '投诉处理结果菜单');
INSERT INTO `sys_menu` VALUES (2382, '投诉处理结果查询', 2381, 1, '#', '', NULL, '', 1, 0, 'F', '0', '0', 'complaint:handlingresults:query', '#', 'admin', '2024-07-15 13:53:53', '', NULL, '');
INSERT INTO `sys_menu` VALUES (2383, '投诉处理结果新增', 2381, 2, '#', '', NULL, '', 1, 0, 'F', '0', '0', 'complaint:handlingresults:add', '#', 'admin', '2024-07-15 13:53:53', '', NULL, '');
INSERT INTO `sys_menu` VALUES (2384, '投诉处理结果修改', 2381, 3, '#', '', NULL, '', 1, 0, 'F', '0', '0', 'complaint:handlingresults:edit', '#', 'admin', '2024-07-15 13:53:53', '', NULL, '');
INSERT INTO `sys_menu` VALUES (2385, '投诉处理结果删除', 2381, 4, '#', '', NULL, '', 1, 0, 'F', '0', '0', 'complaint:handlingresults:remove', '#', 'admin', '2024-07-15 13:53:53', '', NULL, '');
INSERT INTO `sys_menu` VALUES (2386, '投诉处理结果导出', 2381, 5, '#', '', NULL, '', 1, 0, 'F', '0', '0', 'complaint:handlingresults:export', '#', 'admin', '2024-07-15 13:53:53', '', NULL, '');
INSERT INTO `sys_menu` VALUES (2387, '确认', 2369, 1, '', NULL, NULL, '', 1, 0, 'F', '0', '0', 'complaint:complaints:confirm', '#', 'admin', '2024-07-15 14:02:17', '', NULL, '');

-- ----------------------------
-- Table structure for sys_notice
-- ----------------------------
DROP TABLE IF EXISTS `sys_notice`;
CREATE TABLE `sys_notice`  (
  `notice_id` int NOT NULL AUTO_INCREMENT COMMENT '公告ID',
  `notice_title` varchar(50) CHARACTER SET utf8mb4 COLLATE utf8mb4_0900_ai_ci NOT NULL COMMENT '公告标题',
  `notice_type` char(1) CHARACTER SET utf8mb4 COLLATE utf8mb4_0900_ai_ci NOT NULL COMMENT '公告类型（1通知 2公告）',
  `notice_content` longblob NULL COMMENT '公告内容',
  `status` char(1) CHARACTER SET utf8mb4 COLLATE utf8mb4_0900_ai_ci NULL DEFAULT '0' COMMENT '公告状态（0正常 1关闭）',
  `create_by` varchar(64) CHARACTER SET utf8mb4 COLLATE utf8mb4_0900_ai_ci NULL DEFAULT '' COMMENT '创建者',
  `create_time` datetime NULL DEFAULT NULL COMMENT '创建时间',
  `update_by` varchar(64) CHARACTER SET utf8mb4 COLLATE utf8mb4_0900_ai_ci NULL DEFAULT '' COMMENT '更新者',
  `update_time` datetime NULL DEFAULT NULL COMMENT '更新时间',
  `remark` varchar(255) CHARACTER SET utf8mb4 COLLATE utf8mb4_0900_ai_ci NULL DEFAULT NULL COMMENT '备注',
  PRIMARY KEY (`notice_id`) USING BTREE
) ENGINE = InnoDB AUTO_INCREMENT = 10 CHARACTER SET = utf8mb4 COLLATE = utf8mb4_0900_ai_ci COMMENT = '通知公告表' ROW_FORMAT = Dynamic;

-- ----------------------------
-- Records of sys_notice
-- ----------------------------
INSERT INTO `sys_notice` VALUES (1, '温馨提醒：2018-07-01 若依新版本发布啦', '2', 0xE696B0E78988E69CACE58685E5AEB9, '0', 'admin', '2024-07-05 20:36:45', '', NULL, '管理员');
INSERT INTO `sys_notice` VALUES (2, '维护通知：2018-07-01 若依系统凌晨维护', '1', 0xE7BBB4E68AA4E58685E5AEB9, '0', 'admin', '2024-07-05 20:36:45', '', NULL, '管理员');

-- ----------------------------
-- Table structure for sys_oper_log
-- ----------------------------
DROP TABLE IF EXISTS `sys_oper_log`;
CREATE TABLE `sys_oper_log`  (
  `oper_id` bigint NOT NULL AUTO_INCREMENT COMMENT '日志主键',
  `title` varchar(50) CHARACTER SET utf8mb4 COLLATE utf8mb4_0900_ai_ci NULL DEFAULT '' COMMENT '模块标题',
  `business_type` int NULL DEFAULT 0 COMMENT '业务类型（0其它 1新增 2修改 3删除）',
  `method` varchar(200) CHARACTER SET utf8mb4 COLLATE utf8mb4_0900_ai_ci NULL DEFAULT '' COMMENT '方法名称',
  `request_method` varchar(10) CHARACTER SET utf8mb4 COLLATE utf8mb4_0900_ai_ci NULL DEFAULT '' COMMENT '请求方式',
  `operator_type` int NULL DEFAULT 0 COMMENT '操作类别（0其它 1后台用户 2手机端用户）',
  `oper_name` varchar(50) CHARACTER SET utf8mb4 COLLATE utf8mb4_0900_ai_ci NULL DEFAULT '' COMMENT '操作人员',
  `dept_name` varchar(50) CHARACTER SET utf8mb4 COLLATE utf8mb4_0900_ai_ci NULL DEFAULT '' COMMENT '部门名称',
  `oper_url` varchar(255) CHARACTER SET utf8mb4 COLLATE utf8mb4_0900_ai_ci NULL DEFAULT '' COMMENT '请求URL',
  `oper_ip` varchar(128) CHARACTER SET utf8mb4 COLLATE utf8mb4_0900_ai_ci NULL DEFAULT '' COMMENT '主机地址',
  `oper_location` varchar(255) CHARACTER SET utf8mb4 COLLATE utf8mb4_0900_ai_ci NULL DEFAULT '' COMMENT '操作地点',
  `oper_param` varchar(2000) CHARACTER SET utf8mb4 COLLATE utf8mb4_0900_ai_ci NULL DEFAULT '' COMMENT '请求参数',
  `json_result` varchar(2000) CHARACTER SET utf8mb4 COLLATE utf8mb4_0900_ai_ci NULL DEFAULT '' COMMENT '返回参数',
  `status` int NULL DEFAULT 0 COMMENT '操作状态（0正常 1异常）',
  `error_msg` varchar(2000) CHARACTER SET utf8mb4 COLLATE utf8mb4_0900_ai_ci NULL DEFAULT '' COMMENT '错误消息',
  `oper_time` datetime NULL DEFAULT NULL COMMENT '操作时间',
  `cost_time` bigint NULL DEFAULT 0 COMMENT '消耗时间',
  PRIMARY KEY (`oper_id`) USING BTREE,
  INDEX `idx_sys_oper_log_bt`(`business_type` ASC) USING BTREE,
  INDEX `idx_sys_oper_log_s`(`status` ASC) USING BTREE,
  INDEX `idx_sys_oper_log_ot`(`oper_time` ASC) USING BTREE
) ENGINE = InnoDB AUTO_INCREMENT = 653 CHARACTER SET = utf8mb4 COLLATE = utf8mb4_0900_ai_ci COMMENT = '操作日志记录' ROW_FORMAT = Dynamic;

-- ----------------------------
-- Records of sys_oper_log
-- ----------------------------
INSERT INTO `sys_oper_log` VALUES (100, '菜单管理', 1, 'com.ruoyi.system.controller.SysMenuController.add()', 'POST', 1, 'admin', NULL, '/menu', '127.0.0.1', '', '{\"children\":[],\"createBy\":\"admin\",\"isCache\":\"0\",\"isFrame\":\"1\",\"menuName\":\"投诉管理\",\"menuType\":\"M\",\"orderNum\":0,\"params\":{},\"parentId\":0,\"path\":\"complaint\",\"status\":\"0\",\"visible\":\"0\"}', '{\"msg\":\"操作成功\",\"code\":200}', 0, NULL, '2024-07-05 21:39:35', 39);
INSERT INTO `sys_oper_log` VALUES (101, '菜单管理', 1, 'com.ruoyi.system.controller.SysMenuController.add()', 'POST', 1, 'admin', NULL, '/menu', '127.0.0.1', '', '{\"children\":[],\"createBy\":\"admin\",\"isCache\":\"0\",\"isFrame\":\"1\",\"menuName\":\"应急信息管理\",\"menuType\":\"M\",\"orderNum\":0,\"params\":{},\"parentId\":0,\"path\":\"emegency\",\"status\":\"0\",\"visible\":\"0\"}', '{\"msg\":\"操作成功\",\"code\":200}', 0, NULL, '2024-07-05 21:40:07', 15);
INSERT INTO `sys_oper_log` VALUES (102, '菜单管理', 1, 'com.ruoyi.system.controller.SysMenuController.add()', 'POST', 1, 'admin', NULL, '/menu', '127.0.0.1', '', '{\"children\":[],\"createBy\":\"admin\",\"isCache\":\"0\",\"isFrame\":\"1\",\"menuName\":\"酒店管理\",\"menuType\":\"M\",\"orderNum\":2,\"params\":{},\"parentId\":0,\"path\":\"hotel\",\"status\":\"0\",\"visible\":\"0\"}', '{\"msg\":\"操作成功\",\"code\":200}', 0, NULL, '2024-07-05 21:40:45', 13);
INSERT INTO `sys_oper_log` VALUES (103, '菜单管理', 2, 'com.ruoyi.system.controller.SysMenuController.edit()', 'PUT', 1, 'admin', NULL, '/menu', '127.0.0.1', '', '{\"children\":[],\"createTime\":\"2024-07-05 20:36:44\",\"icon\":\"system\",\"isCache\":\"0\",\"isFrame\":\"1\",\"menuId\":1,\"menuName\":\"系统管理\",\"menuType\":\"M\",\"orderNum\":11,\"params\":{},\"parentId\":0,\"path\":\"system\",\"perms\":\"\",\"query\":\"\",\"routeName\":\"\",\"status\":\"0\",\"updateBy\":\"admin\",\"visible\":\"0\"}', '{\"msg\":\"操作成功\",\"code\":200}', 0, NULL, '2024-07-05 21:41:01', 11);
INSERT INTO `sys_oper_log` VALUES (104, '菜单管理', 2, 'com.ruoyi.system.controller.SysMenuController.edit()', 'PUT', 1, 'admin', NULL, '/menu', '127.0.0.1', '', '{\"children\":[],\"createTime\":\"2024-07-05 20:36:44\",\"icon\":\"monitor\",\"isCache\":\"0\",\"isFrame\":\"1\",\"menuId\":2,\"menuName\":\"系统监控\",\"menuType\":\"M\",\"orderNum\":12,\"params\":{},\"parentId\":0,\"path\":\"monitor\",\"perms\":\"\",\"query\":\"\",\"routeName\":\"\",\"status\":\"0\",\"updateBy\":\"admin\",\"visible\":\"0\"}', '{\"msg\":\"操作成功\",\"code\":200}', 0, NULL, '2024-07-05 21:41:07', 13);
INSERT INTO `sys_oper_log` VALUES (105, '菜单管理', 2, 'com.ruoyi.system.controller.SysMenuController.edit()', 'PUT', 1, 'admin', NULL, '/menu', '127.0.0.1', '', '{\"children\":[],\"createTime\":\"2024-07-05 20:36:44\",\"icon\":\"tool\",\"isCache\":\"0\",\"isFrame\":\"1\",\"menuId\":3,\"menuName\":\"系统工具\",\"menuType\":\"M\",\"orderNum\":13,\"params\":{},\"parentId\":0,\"path\":\"tool\",\"perms\":\"\",\"query\":\"\",\"routeName\":\"\",\"status\":\"0\",\"updateBy\":\"admin\",\"visible\":\"0\"}', '{\"msg\":\"操作成功\",\"code\":200}', 0, NULL, '2024-07-05 21:41:11', 9);
INSERT INTO `sys_oper_log` VALUES (106, '菜单管理', 2, 'com.ruoyi.system.controller.SysMenuController.edit()', 'PUT', 1, 'admin', NULL, '/menu', '127.0.0.1', '', '{\"children\":[],\"createTime\":\"2024-07-05 20:36:44\",\"icon\":\"guide\",\"isCache\":\"0\",\"isFrame\":\"0\",\"menuId\":4,\"menuName\":\"若依官网\",\"menuType\":\"M\",\"orderNum\":14,\"params\":{},\"parentId\":0,\"path\":\"http://ruoyi.vip\",\"perms\":\"\",\"query\":\"\",\"routeName\":\"\",\"status\":\"0\",\"updateBy\":\"admin\",\"visible\":\"0\"}', '{\"msg\":\"操作成功\",\"code\":200}', 0, NULL, '2024-07-05 21:41:14', 13);
INSERT INTO `sys_oper_log` VALUES (107, '菜单管理', 2, 'com.ruoyi.system.controller.SysMenuController.edit()', 'PUT', 1, 'admin', NULL, '/menu', '127.0.0.1', '', '{\"children\":[],\"createTime\":\"2024-07-05 21:39:35\",\"icon\":\"#\",\"isCache\":\"0\",\"isFrame\":\"1\",\"menuId\":2000,\"menuName\":\"投诉管理\",\"menuType\":\"M\",\"orderNum\":1,\"params\":{},\"parentId\":0,\"path\":\"complaint\",\"perms\":\"\",\"routeName\":\"\",\"status\":\"0\",\"updateBy\":\"admin\",\"visible\":\"0\"}', '{\"msg\":\"操作成功\",\"code\":200}', 0, NULL, '2024-07-05 21:41:18', 8);
INSERT INTO `sys_oper_log` VALUES (108, '菜单管理', 1, 'com.ruoyi.system.controller.SysMenuController.add()', 'POST', 1, 'admin', NULL, '/menu', '127.0.0.1', '', '{\"children\":[],\"createBy\":\"admin\",\"isCache\":\"0\",\"isFrame\":\"1\",\"menuName\":\"星级酒店管理\",\"menuType\":\"M\",\"orderNum\":0,\"params\":{},\"parentId\":2002,\"path\":\"starhotel\",\"status\":\"0\",\"visible\":\"0\"}', '{\"msg\":\"操作成功\",\"code\":200}', 0, NULL, '2024-07-05 21:41:47', 8);
INSERT INTO `sys_oper_log` VALUES (109, '菜单管理', 1, 'com.ruoyi.system.controller.SysMenuController.add()', 'POST', 1, 'admin', NULL, '/menu', '127.0.0.1', '', '{\"children\":[],\"createBy\":\"admin\",\"isCache\":\"0\",\"isFrame\":\"1\",\"menuName\":\"非星级酒店管理\",\"menuType\":\"M\",\"orderNum\":1,\"params\":{},\"parentId\":2002,\"path\":\"nonstarthotel\",\"status\":\"0\",\"visible\":\"0\"}', '{\"msg\":\"操作成功\",\"code\":200}', 0, NULL, '2024-07-05 21:42:22', 6);
INSERT INTO `sys_oper_log` VALUES (110, '菜单管理', 1, 'com.ruoyi.system.controller.SysMenuController.add()', 'POST', 1, 'admin', NULL, '/menu', '127.0.0.1', '', '{\"children\":[],\"createBy\":\"admin\",\"isCache\":\"0\",\"isFrame\":\"1\",\"menuName\":\"景区管理\",\"menuType\":\"M\",\"orderNum\":3,\"params\":{},\"parentId\":0,\"path\":\"scenicarea\",\"status\":\"0\",\"visible\":\"0\"}', '{\"msg\":\"操作成功\",\"code\":200}', 0, NULL, '2024-07-05 21:43:49', 14);
INSERT INTO `sys_oper_log` VALUES (111, '菜单管理', 1, 'com.ruoyi.system.controller.SysMenuController.add()', 'POST', 1, 'admin', NULL, '/menu', '127.0.0.1', '', '{\"children\":[],\"createBy\":\"admin\",\"isCache\":\"0\",\"isFrame\":\"1\",\"menuName\":\"景点管理\",\"menuType\":\"M\",\"orderNum\":0,\"params\":{},\"parentId\":2005,\"path\":\"scenicspot\",\"status\":\"0\",\"visible\":\"0\"}', '{\"msg\":\"操作成功\",\"code\":200}', 0, NULL, '2024-07-05 21:44:19', 11);
INSERT INTO `sys_oper_log` VALUES (112, '菜单管理', 1, 'com.ruoyi.system.controller.SysMenuController.add()', 'POST', 1, 'admin', NULL, '/menu', '127.0.0.1', '', '{\"children\":[],\"createBy\":\"admin\",\"isCache\":\"0\",\"isFrame\":\"1\",\"menuName\":\"旅游线路管理\",\"menuType\":\"M\",\"orderNum\":1,\"params\":{},\"parentId\":2005,\"path\":\"travelroute\",\"status\":\"0\",\"visible\":\"0\"}', '{\"msg\":\"操作成功\",\"code\":200}', 0, NULL, '2024-07-05 21:45:25', 8);
INSERT INTO `sys_oper_log` VALUES (113, '菜单管理', 1, 'com.ruoyi.system.controller.SysMenuController.add()', 'POST', 1, 'admin', NULL, '/menu', '127.0.0.1', '', '{\"children\":[],\"createBy\":\"admin\",\"isCache\":\"0\",\"isFrame\":\"1\",\"menuName\":\"娱乐餐饮管理\",\"menuType\":\"M\",\"orderNum\":5,\"params\":{},\"parentId\":0,\"path\":\"entertain\",\"status\":\"0\",\"visible\":\"0\"}', '{\"msg\":\"操作成功\",\"code\":200}', 0, NULL, '2024-07-05 21:46:42', 12);
INSERT INTO `sys_oper_log` VALUES (114, '菜单管理', 2, 'com.ruoyi.system.controller.SysMenuController.edit()', 'PUT', 1, 'admin', NULL, '/menu', '127.0.0.1', '', '{\"children\":[],\"createTime\":\"2024-07-05 21:46:42\",\"icon\":\"#\",\"isCache\":\"0\",\"isFrame\":\"1\",\"menuId\":2008,\"menuName\":\"娱乐餐饮管理\",\"menuType\":\"M\",\"orderNum\":4,\"params\":{},\"parentId\":0,\"path\":\"entertain\",\"perms\":\"\",\"routeName\":\"\",\"status\":\"0\",\"updateBy\":\"admin\",\"visible\":\"0\"}', '{\"msg\":\"操作成功\",\"code\":200}', 0, NULL, '2024-07-05 21:46:48', 8);
INSERT INTO `sys_oper_log` VALUES (115, '菜单管理', 1, 'com.ruoyi.system.controller.SysMenuController.add()', 'POST', 1, 'admin', NULL, '/menu', '127.0.0.1', '', '{\"children\":[],\"createBy\":\"admin\",\"isCache\":\"0\",\"isFrame\":\"1\",\"menuName\":\"餐饮娱乐管理\",\"menuType\":\"M\",\"orderNum\":0,\"params\":{},\"parentId\":2008,\"path\":\"entertainAndfood\",\"status\":\"0\",\"visible\":\"0\"}', '{\"msg\":\"操作成功\",\"code\":200}', 0, NULL, '2024-07-05 21:47:50', 9);
INSERT INTO `sys_oper_log` VALUES (116, '菜单管理', 1, 'com.ruoyi.system.controller.SysMenuController.add()', 'POST', 1, 'admin', NULL, '/menu', '127.0.0.1', '', '{\"children\":[],\"createBy\":\"admin\",\"isCache\":\"0\",\"isFrame\":\"1\",\"menuName\":\"演出团体管理\",\"menuType\":\"M\",\"orderNum\":1,\"params\":{},\"parentId\":2008,\"path\":\"performance\",\"status\":\"0\",\"visible\":\"0\"}', '{\"msg\":\"操作成功\",\"code\":200}', 0, NULL, '2024-07-05 21:48:28', 13);
INSERT INTO `sys_oper_log` VALUES (117, '菜单管理', 1, 'com.ruoyi.system.controller.SysMenuController.add()', 'POST', 1, 'admin', NULL, '/menu', '127.0.0.1', '', '{\"children\":[],\"createBy\":\"admin\",\"isCache\":\"0\",\"isFrame\":\"1\",\"menuName\":\"天气路况管理\",\"menuType\":\"M\",\"orderNum\":5,\"params\":{},\"parentId\":0,\"path\":\"weatherAndroad\",\"status\":\"0\",\"visible\":\"0\"}', '{\"msg\":\"操作成功\",\"code\":200}', 0, NULL, '2024-07-05 21:49:30', 19);
INSERT INTO `sys_oper_log` VALUES (118, '菜单管理', 1, 'com.ruoyi.system.controller.SysMenuController.add()', 'POST', 1, 'admin', NULL, '/menu', '127.0.0.1', '', '{\"children\":[],\"createBy\":\"admin\",\"isCache\":\"0\",\"isFrame\":\"1\",\"menuName\":\"天气管理\",\"menuType\":\"M\",\"orderNum\":0,\"params\":{},\"parentId\":2011,\"path\":\"weather\",\"status\":\"0\",\"visible\":\"0\"}', '{\"msg\":\"操作成功\",\"code\":200}', 0, NULL, '2024-07-05 21:49:51', 8);
INSERT INTO `sys_oper_log` VALUES (119, '菜单管理', 1, 'com.ruoyi.system.controller.SysMenuController.add()', 'POST', 1, 'admin', NULL, '/menu', '127.0.0.1', '', '{\"children\":[],\"createBy\":\"admin\",\"isCache\":\"0\",\"isFrame\":\"1\",\"menuName\":\"路况管理\",\"menuType\":\"M\",\"orderNum\":1,\"params\":{},\"parentId\":2011,\"path\":\"road\",\"status\":\"0\",\"visible\":\"0\"}', '{\"msg\":\"操作成功\",\"code\":200}', 0, NULL, '2024-07-05 21:50:12', 12);
INSERT INTO `sys_oper_log` VALUES (120, '代码生成', 6, 'com.ruoyi.gen.controller.GenController.importTableSave()', 'POST', 1, 'admin', NULL, '/gen/importTable', '127.0.0.1', '', '{\"tables\":\"nonstarmarketingrecords,nonstarroomtypes,performancegroups,scenicareas,starbookings,starhotelreviews,starmarketingrecords,starhotels,starroomtypes\"}', '{\"msg\":\"操作成功\",\"code\":200}', 0, NULL, '2024-07-05 21:51:15', 433);
INSERT INTO `sys_oper_log` VALUES (121, '代码生成', 6, 'com.ruoyi.gen.controller.GenController.importTableSave()', 'POST', 1, 'admin', NULL, '/gen/importTable', '127.0.0.1', '', '{\"tables\":\"reviews,emergencyinfo,scenicspots,complaints,feedbackresults,handlingresults,diningentertainment,nonstarbookings,nonstarhotel_reviews,nonstarhotels\"}', '{\"msg\":\"操作成功\",\"code\":200}', 0, NULL, '2024-07-05 21:52:28', 348);
INSERT INTO `sys_oper_log` VALUES (122, '代码生成', 2, 'com.ruoyi.gen.controller.GenController.editSave()', 'PUT', 1, 'admin', NULL, '/gen', '127.0.0.1', '', '{\"businessName\":\"nonstarmarketingrecords\",\"className\":\"Nonstarmarketingrecords\",\"columns\":[{\"capJavaField\":\"Id\",\"columnComment\":\"营销数据id\",\"columnId\":1,\"columnName\":\"id\",\"columnType\":\"int\",\"createBy\":\"admin\",\"createTime\":\"2024-07-05 21:51:15\",\"dictType\":\"\",\"edit\":false,\"htmlType\":\"input\",\"increment\":false,\"insert\":false,\"isIncrement\":\"0\",\"isInsert\":\"0\",\"isPk\":\"1\",\"javaField\":\"id\",\"javaType\":\"Long\",\"list\":false,\"params\":{},\"pk\":true,\"query\":false,\"queryType\":\"EQ\",\"required\":false,\"sort\":1,\"superColumn\":false,\"tableId\":1,\"updateBy\":\"\",\"usableColumn\":false},{\"capJavaField\":\"HotelId\",\"columnComment\":\"酒店id\",\"columnId\":2,\"columnName\":\"hotel_id\",\"columnType\":\"int\",\"createBy\":\"admin\",\"createTime\":\"2024-07-05 21:51:15\",\"dictType\":\"\",\"edit\":true,\"htmlType\":\"input\",\"increment\":false,\"insert\":true,\"isEdit\":\"1\",\"isIncrement\":\"0\",\"isInsert\":\"1\",\"isList\":\"1\",\"isPk\":\"0\",\"isQuery\":\"1\",\"isRequired\":\"1\",\"javaField\":\"hotelId\",\"javaType\":\"Long\",\"list\":true,\"params\":{},\"pk\":false,\"query\":true,\"queryType\":\"EQ\",\"required\":true,\"sort\":2,\"superColumn\":false,\"tableId\":1,\"updateBy\":\"\",\"usableColumn\":false},{\"capJavaField\":\"RoomTypeId\",\"columnComment\":\"房型id\",\"columnId\":3,\"columnName\":\"room_type_id\",\"columnType\":\"int\",\"createBy\":\"admin\",\"createTime\":\"2024-07-05 21:51:15\",\"dictType\":\"\",\"edit\":true,\"htmlType\":\"input\",\"increment\":false,\"insert\":true,\"isEdit\":\"1\",\"isIncrement\":\"0\",\"isInsert\":\"1\",\"isList\":\"1\",\"isPk\":\"0\",\"isQuery\":\"1\",\"isRequired\":\"1\",\"javaField\":\"roomTypeId\",\"javaType\":\"Long\",\"list\":true,\"params\":{},\"pk\":false,\"query\":true,\"queryType\":\"EQ\",\"required\":true,\"sort\":3,\"superColumn\":false,\"tableId\":1,\"updateBy\":\"\",\"usableColumn\":false},{\"capJavaField\":\"TotalSales\",\"columnComment\":\"总销量\",\"columnId\":4,\"columnName\":\"total_sales\",\"columnType\":\"int\",\"createBy\":\"admin\",\"createTime\":\"2024-07-05 21:51:15\",\"dictType\":\"\",\"edit\":true,\"htmlType\":\"input\",\"increment\":false,\"insert\":true,\"isEdit\":\"1\",\"isIncrement\":\"0\",\"isInsert\":\"1\",\"isList\":\"1\",\"isPk\":\"0\",\"isQuery\":\"0\",\"javaField\":\"totalSales\",\"javaType\":', '{\"msg\":\"操作成功\",\"code\":200}', 0, NULL, '2024-07-05 23:07:20', 193);
INSERT INTO `sys_oper_log` VALUES (123, '代码生成', 2, 'com.ruoyi.gen.controller.GenController.editSave()', 'PUT', 1, 'admin', NULL, '/gen', '127.0.0.1', '', '{\"businessName\":\"nonstarroomtypes\",\"className\":\"Nonstarroomtypes\",\"columns\":[{\"capJavaField\":\"Id\",\"columnComment\":\"非星级放行id\",\"columnId\":5,\"columnName\":\"id\",\"columnType\":\"int\",\"createBy\":\"admin\",\"createTime\":\"2024-07-05 21:51:15\",\"dictType\":\"\",\"edit\":false,\"htmlType\":\"input\",\"increment\":false,\"insert\":true,\"isIncrement\":\"0\",\"isInsert\":\"1\",\"isPk\":\"1\",\"javaField\":\"id\",\"javaType\":\"Long\",\"list\":false,\"params\":{},\"pk\":true,\"query\":false,\"queryType\":\"EQ\",\"required\":false,\"sort\":1,\"superColumn\":false,\"tableId\":2,\"updateBy\":\"\",\"usableColumn\":false},{\"capJavaField\":\"HotelId\",\"columnComment\":\"酒店id\",\"columnId\":6,\"columnName\":\"hotel_id\",\"columnType\":\"int\",\"createBy\":\"admin\",\"createTime\":\"2024-07-05 21:51:15\",\"dictType\":\"\",\"edit\":true,\"htmlType\":\"input\",\"increment\":false,\"insert\":true,\"isEdit\":\"1\",\"isIncrement\":\"0\",\"isInsert\":\"1\",\"isList\":\"1\",\"isPk\":\"0\",\"isQuery\":\"1\",\"javaField\":\"hotelId\",\"javaType\":\"Long\",\"list\":true,\"params\":{},\"pk\":false,\"query\":true,\"queryType\":\"EQ\",\"required\":false,\"sort\":2,\"superColumn\":false,\"tableId\":2,\"updateBy\":\"\",\"usableColumn\":false},{\"capJavaField\":\"Name\",\"columnComment\":\"房型名称\",\"columnId\":7,\"columnName\":\"name\",\"columnType\":\"varchar(255)\",\"createBy\":\"admin\",\"createTime\":\"2024-07-05 21:51:15\",\"dictType\":\"\",\"edit\":true,\"htmlType\":\"input\",\"increment\":false,\"insert\":true,\"isEdit\":\"1\",\"isIncrement\":\"0\",\"isInsert\":\"1\",\"isList\":\"1\",\"isPk\":\"0\",\"isQuery\":\"1\",\"isRequired\":\"1\",\"javaField\":\"name\",\"javaType\":\"String\",\"list\":true,\"params\":{},\"pk\":false,\"query\":true,\"queryType\":\"LIKE\",\"required\":true,\"sort\":3,\"superColumn\":false,\"tableId\":2,\"updateBy\":\"\",\"usableColumn\":false},{\"capJavaField\":\"Price\",\"columnComment\":\"价格\",\"columnId\":8,\"columnName\":\"price\",\"columnType\":\"decimal(10,2)\",\"createBy\":\"admin\",\"createTime\":\"2024-07-05 21:51:15\",\"dictType\":\"\",\"edit\":true,\"htmlType\":\"input\",\"increment\":false,\"insert\":true,\"isEdit\":\"1\",\"isIncrement\":\"0\",\"isInsert\":\"1\",\"isList\":\"1\",\"isPk\":\"0\",\"isQuery\":\"0\",\"isRequired\":\"1\",\"javaField\":\"price\",\"javaType\":\"BigDecimal\",\"list\":true,\"p', '{\"msg\":\"操作成功\",\"code\":200}', 0, NULL, '2024-07-05 23:10:40', 53);
INSERT INTO `sys_oper_log` VALUES (124, '代码生成', 2, 'com.ruoyi.gen.controller.GenController.editSave()', 'PUT', 1, 'admin', NULL, '/gen', '127.0.0.1', '', '{\"businessName\":\"nonstarmarketingrecords\",\"className\":\"Nonstarmarketingrecords\",\"columns\":[{\"capJavaField\":\"Id\",\"columnComment\":\"营销数据id\",\"columnId\":1,\"columnName\":\"id\",\"columnType\":\"int\",\"createBy\":\"admin\",\"createTime\":\"2024-07-05 21:51:15\",\"dictType\":\"\",\"edit\":false,\"htmlType\":\"input\",\"increment\":false,\"insert\":true,\"isIncrement\":\"0\",\"isInsert\":\"1\",\"isPk\":\"1\",\"javaField\":\"id\",\"javaType\":\"Long\",\"list\":false,\"params\":{},\"pk\":true,\"query\":false,\"queryType\":\"EQ\",\"required\":false,\"sort\":1,\"superColumn\":false,\"tableId\":1,\"updateBy\":\"\",\"updateTime\":\"2024-07-05 23:07:19\",\"usableColumn\":false},{\"capJavaField\":\"HotelId\",\"columnComment\":\"酒店id\",\"columnId\":2,\"columnName\":\"hotel_id\",\"columnType\":\"int\",\"createBy\":\"admin\",\"createTime\":\"2024-07-05 21:51:15\",\"dictType\":\"\",\"edit\":true,\"htmlType\":\"input\",\"increment\":false,\"insert\":true,\"isEdit\":\"1\",\"isIncrement\":\"0\",\"isInsert\":\"1\",\"isList\":\"1\",\"isPk\":\"0\",\"isQuery\":\"1\",\"isRequired\":\"1\",\"javaField\":\"hotelId\",\"javaType\":\"Long\",\"list\":true,\"params\":{},\"pk\":false,\"query\":true,\"queryType\":\"EQ\",\"required\":true,\"sort\":2,\"superColumn\":false,\"tableId\":1,\"updateBy\":\"\",\"updateTime\":\"2024-07-05 23:07:19\",\"usableColumn\":false},{\"capJavaField\":\"RoomTypeId\",\"columnComment\":\"房型id\",\"columnId\":3,\"columnName\":\"room_type_id\",\"columnType\":\"int\",\"createBy\":\"admin\",\"createTime\":\"2024-07-05 21:51:15\",\"dictType\":\"\",\"edit\":true,\"htmlType\":\"input\",\"increment\":false,\"insert\":true,\"isEdit\":\"1\",\"isIncrement\":\"0\",\"isInsert\":\"1\",\"isList\":\"1\",\"isPk\":\"0\",\"isQuery\":\"1\",\"isRequired\":\"1\",\"javaField\":\"roomTypeId\",\"javaType\":\"Long\",\"list\":true,\"params\":{},\"pk\":false,\"query\":true,\"queryType\":\"EQ\",\"required\":true,\"sort\":3,\"superColumn\":false,\"tableId\":1,\"updateBy\":\"\",\"updateTime\":\"2024-07-05 23:07:19\",\"usableColumn\":false},{\"capJavaField\":\"TotalSales\",\"columnComment\":\"总销量\",\"columnId\":4,\"columnName\":\"total_sales\",\"columnType\":\"int\",\"createBy\":\"admin\",\"createTime\":\"2024-07-05 21:51:15\",\"dictType\":\"\",\"edit\":true,\"htmlType\":\"input\",\"increment\":false,\"insert\":true,\"isEdit\":\"1\",\"is', '{\"msg\":\"操作成功\",\"code\":200}', 0, NULL, '2024-07-05 23:10:50', 23);
INSERT INTO `sys_oper_log` VALUES (125, '代码生成', 2, 'com.ruoyi.gen.controller.GenController.editSave()', 'PUT', 1, 'admin', NULL, '/gen', '127.0.0.1', '', '{\"businessName\":\"starbookings\",\"className\":\"Starbookings\",\"columns\":[{\"capJavaField\":\"Id\",\"columnComment\":\"酒店预定信息id\",\"columnId\":22,\"columnName\":\"id\",\"columnType\":\"int\",\"createBy\":\"admin\",\"createTime\":\"2024-07-05 21:51:15\",\"dictType\":\"\",\"edit\":false,\"htmlType\":\"input\",\"increment\":false,\"insert\":true,\"isIncrement\":\"0\",\"isInsert\":\"1\",\"isPk\":\"1\",\"javaField\":\"id\",\"javaType\":\"Long\",\"list\":false,\"params\":{},\"pk\":true,\"query\":false,\"queryType\":\"EQ\",\"required\":false,\"sort\":1,\"superColumn\":false,\"tableId\":5,\"updateBy\":\"\",\"usableColumn\":false},{\"capJavaField\":\"HotelId\",\"columnComment\":\"酒店id\",\"columnId\":23,\"columnName\":\"hotel_id\",\"columnType\":\"int\",\"createBy\":\"admin\",\"createTime\":\"2024-07-05 21:51:15\",\"dictType\":\"\",\"edit\":true,\"htmlType\":\"input\",\"increment\":false,\"insert\":true,\"isEdit\":\"1\",\"isIncrement\":\"0\",\"isInsert\":\"1\",\"isList\":\"1\",\"isPk\":\"0\",\"isQuery\":\"1\",\"isRequired\":\"1\",\"javaField\":\"hotelId\",\"javaType\":\"Long\",\"list\":true,\"params\":{},\"pk\":false,\"query\":true,\"queryType\":\"EQ\",\"required\":true,\"sort\":2,\"superColumn\":false,\"tableId\":5,\"updateBy\":\"\",\"usableColumn\":false},{\"capJavaField\":\"RoomTypeId\",\"columnComment\":\"房型id\",\"columnId\":24,\"columnName\":\"room_type_id\",\"columnType\":\"int\",\"createBy\":\"admin\",\"createTime\":\"2024-07-05 21:51:15\",\"dictType\":\"\",\"edit\":true,\"htmlType\":\"input\",\"increment\":false,\"insert\":true,\"isEdit\":\"1\",\"isIncrement\":\"0\",\"isInsert\":\"1\",\"isList\":\"1\",\"isPk\":\"0\",\"isQuery\":\"1\",\"isRequired\":\"1\",\"javaField\":\"roomTypeId\",\"javaType\":\"Long\",\"list\":true,\"params\":{},\"pk\":false,\"query\":true,\"queryType\":\"EQ\",\"required\":true,\"sort\":3,\"superColumn\":false,\"tableId\":5,\"updateBy\":\"\",\"usableColumn\":false},{\"capJavaField\":\"GuestName\",\"columnComment\":\"用户名称\",\"columnId\":25,\"columnName\":\"guest_name\",\"columnType\":\"varchar(255)\",\"createBy\":\"admin\",\"createTime\":\"2024-07-05 21:51:15\",\"dictType\":\"\",\"edit\":true,\"htmlType\":\"input\",\"increment\":false,\"insert\":true,\"isEdit\":\"1\",\"isIncrement\":\"0\",\"isInsert\":\"1\",\"isList\":\"1\",\"isPk\":\"0\",\"isQuery\":\"1\",\"isRequired\":\"1\",\"javaField\":\"guestName\",\"jav', '{\"msg\":\"操作成功\",\"code\":200}', 0, NULL, '2024-07-05 23:13:53', 21);
INSERT INTO `sys_oper_log` VALUES (126, '代码生成', 3, 'com.ruoyi.gen.controller.GenController.remove()', 'DELETE', 1, 'admin', NULL, '/gen/6', '127.0.0.1', '', '{}', '{\"msg\":\"操作成功\",\"code\":200}', 0, NULL, '2024-07-05 23:16:16', 16);
INSERT INTO `sys_oper_log` VALUES (127, '代码生成', 3, 'com.ruoyi.gen.controller.GenController.remove()', 'DELETE', 1, 'admin', NULL, '/gen/16', '127.0.0.1', '', '{}', '{\"msg\":\"操作成功\",\"code\":200}', 0, NULL, '2024-07-05 23:19:30', 12);
INSERT INTO `sys_oper_log` VALUES (128, '代码生成', 6, 'com.ruoyi.gen.controller.GenController.importTableSave()', 'POST', 1, 'admin', NULL, '/gen/importTable', '127.0.0.1', '', '{\"tables\":\"nonstarhotel_reviews,starhotelreviews\"}', '{\"msg\":\"操作成功\",\"code\":200}', 0, NULL, '2024-07-05 23:19:38', 66);
INSERT INTO `sys_oper_log` VALUES (129, '代码生成', 2, 'com.ruoyi.gen.controller.GenController.editSave()', 'PUT', 1, 'admin', NULL, '/gen', '127.0.0.1', '', '{\"businessName\":\"nonstarmarketingrecords\",\"className\":\"Nonstarmarketingrecords\",\"columns\":[{\"capJavaField\":\"Id\",\"columnComment\":\"营销数据id\",\"columnId\":1,\"columnName\":\"id\",\"columnType\":\"int\",\"createBy\":\"admin\",\"createTime\":\"2024-07-05 21:51:15\",\"dictType\":\"\",\"edit\":false,\"htmlType\":\"input\",\"increment\":false,\"insert\":false,\"isIncrement\":\"0\",\"isInsert\":\"0\",\"isPk\":\"1\",\"javaField\":\"id\",\"javaType\":\"Long\",\"list\":false,\"params\":{},\"pk\":true,\"query\":false,\"queryType\":\"EQ\",\"required\":false,\"sort\":1,\"superColumn\":false,\"tableId\":1,\"updateBy\":\"\",\"updateTime\":\"2024-07-05 23:10:50\",\"usableColumn\":false},{\"capJavaField\":\"HotelId\",\"columnComment\":\"酒店id\",\"columnId\":2,\"columnName\":\"hotel_id\",\"columnType\":\"int\",\"createBy\":\"admin\",\"createTime\":\"2024-07-05 21:51:15\",\"dictType\":\"\",\"edit\":true,\"htmlType\":\"input\",\"increment\":false,\"insert\":true,\"isEdit\":\"1\",\"isIncrement\":\"0\",\"isInsert\":\"1\",\"isList\":\"1\",\"isPk\":\"0\",\"isQuery\":\"1\",\"isRequired\":\"1\",\"javaField\":\"hotelId\",\"javaType\":\"Long\",\"list\":true,\"params\":{},\"pk\":false,\"query\":true,\"queryType\":\"EQ\",\"required\":true,\"sort\":2,\"superColumn\":false,\"tableId\":1,\"updateBy\":\"\",\"updateTime\":\"2024-07-05 23:10:50\",\"usableColumn\":false},{\"capJavaField\":\"RoomTypeId\",\"columnComment\":\"房型id\",\"columnId\":3,\"columnName\":\"room_type_id\",\"columnType\":\"int\",\"createBy\":\"admin\",\"createTime\":\"2024-07-05 21:51:15\",\"dictType\":\"\",\"edit\":true,\"htmlType\":\"input\",\"increment\":false,\"insert\":true,\"isEdit\":\"1\",\"isIncrement\":\"0\",\"isInsert\":\"1\",\"isList\":\"1\",\"isPk\":\"0\",\"isQuery\":\"1\",\"isRequired\":\"1\",\"javaField\":\"roomTypeId\",\"javaType\":\"Long\",\"list\":true,\"params\":{},\"pk\":false,\"query\":true,\"queryType\":\"EQ\",\"required\":true,\"sort\":3,\"superColumn\":false,\"tableId\":1,\"updateBy\":\"\",\"updateTime\":\"2024-07-05 23:10:50\",\"usableColumn\":false},{\"capJavaField\":\"TotalSales\",\"columnComment\":\"总销量\",\"columnId\":4,\"columnName\":\"total_sales\",\"columnType\":\"int\",\"createBy\":\"admin\",\"createTime\":\"2024-07-05 21:51:15\",\"dictType\":\"\",\"edit\":true,\"htmlType\":\"input\",\"increment\":false,\"insert\":true,\"isEdit\":\"1\",\"i', '{\"msg\":\"操作成功\",\"code\":200}', 0, NULL, '2024-07-05 23:19:50', 15);
INSERT INTO `sys_oper_log` VALUES (130, '代码生成', 2, 'com.ruoyi.gen.controller.GenController.editSave()', 'PUT', 1, 'admin', NULL, '/gen', '127.0.0.1', '', '{\"businessName\":\"nonstarroomtypes\",\"className\":\"Nonstarroomtypes\",\"columns\":[{\"capJavaField\":\"Id\",\"columnComment\":\"非星级放行id\",\"columnId\":5,\"columnName\":\"id\",\"columnType\":\"int\",\"createBy\":\"admin\",\"createTime\":\"2024-07-05 21:51:15\",\"dictType\":\"\",\"edit\":false,\"htmlType\":\"input\",\"increment\":false,\"insert\":false,\"isIncrement\":\"0\",\"isInsert\":\"0\",\"isPk\":\"1\",\"javaField\":\"id\",\"javaType\":\"Long\",\"list\":false,\"params\":{},\"pk\":true,\"query\":false,\"queryType\":\"EQ\",\"required\":false,\"sort\":1,\"superColumn\":false,\"tableId\":2,\"updateBy\":\"\",\"updateTime\":\"2024-07-05 23:10:40\",\"usableColumn\":false},{\"capJavaField\":\"HotelId\",\"columnComment\":\"酒店id\",\"columnId\":6,\"columnName\":\"hotel_id\",\"columnType\":\"int\",\"createBy\":\"admin\",\"createTime\":\"2024-07-05 21:51:15\",\"dictType\":\"\",\"edit\":true,\"htmlType\":\"input\",\"increment\":false,\"insert\":true,\"isEdit\":\"1\",\"isIncrement\":\"0\",\"isInsert\":\"1\",\"isList\":\"1\",\"isPk\":\"0\",\"isQuery\":\"1\",\"javaField\":\"hotelId\",\"javaType\":\"Long\",\"list\":true,\"params\":{},\"pk\":false,\"query\":true,\"queryType\":\"EQ\",\"required\":false,\"sort\":2,\"superColumn\":false,\"tableId\":2,\"updateBy\":\"\",\"updateTime\":\"2024-07-05 23:10:40\",\"usableColumn\":false},{\"capJavaField\":\"Name\",\"columnComment\":\"房型名称\",\"columnId\":7,\"columnName\":\"name\",\"columnType\":\"varchar(255)\",\"createBy\":\"admin\",\"createTime\":\"2024-07-05 21:51:15\",\"dictType\":\"\",\"edit\":true,\"htmlType\":\"input\",\"increment\":false,\"insert\":true,\"isEdit\":\"1\",\"isIncrement\":\"0\",\"isInsert\":\"1\",\"isList\":\"1\",\"isPk\":\"0\",\"isQuery\":\"1\",\"isRequired\":\"1\",\"javaField\":\"name\",\"javaType\":\"String\",\"list\":true,\"params\":{},\"pk\":false,\"query\":true,\"queryType\":\"LIKE\",\"required\":true,\"sort\":3,\"superColumn\":false,\"tableId\":2,\"updateBy\":\"\",\"updateTime\":\"2024-07-05 23:10:40\",\"usableColumn\":false},{\"capJavaField\":\"Price\",\"columnComment\":\"价格\",\"columnId\":8,\"columnName\":\"price\",\"columnType\":\"decimal(10,2)\",\"createBy\":\"admin\",\"createTime\":\"2024-07-05 21:51:15\",\"dictType\":\"\",\"edit\":true,\"htmlType\":\"input\",\"increment\":false,\"insert\":true,\"isEdit\":\"1\",\"isIncrement\":\"0\",\"isInsert\":\"1\",\"isList', '{\"msg\":\"操作成功\",\"code\":200}', 0, NULL, '2024-07-05 23:19:55', 14);
INSERT INTO `sys_oper_log` VALUES (131, '代码生成', 2, 'com.ruoyi.gen.controller.GenController.editSave()', 'PUT', 1, 'admin', NULL, '/gen', '127.0.0.1', '', '{\"businessName\":\"starbookings\",\"className\":\"Starbookings\",\"columns\":[{\"capJavaField\":\"Id\",\"columnComment\":\"酒店预定信息id\",\"columnId\":22,\"columnName\":\"id\",\"columnType\":\"int\",\"createBy\":\"admin\",\"createTime\":\"2024-07-05 21:51:15\",\"dictType\":\"\",\"edit\":false,\"htmlType\":\"input\",\"increment\":false,\"insert\":false,\"isIncrement\":\"0\",\"isInsert\":\"0\",\"isPk\":\"1\",\"javaField\":\"id\",\"javaType\":\"Long\",\"list\":false,\"params\":{},\"pk\":true,\"query\":false,\"queryType\":\"EQ\",\"required\":false,\"sort\":1,\"superColumn\":false,\"tableId\":5,\"updateBy\":\"\",\"updateTime\":\"2024-07-05 23:13:53\",\"usableColumn\":false},{\"capJavaField\":\"HotelId\",\"columnComment\":\"酒店id\",\"columnId\":23,\"columnName\":\"hotel_id\",\"columnType\":\"int\",\"createBy\":\"admin\",\"createTime\":\"2024-07-05 21:51:15\",\"dictType\":\"\",\"edit\":true,\"htmlType\":\"input\",\"increment\":false,\"insert\":true,\"isEdit\":\"1\",\"isIncrement\":\"0\",\"isInsert\":\"1\",\"isList\":\"1\",\"isPk\":\"0\",\"isQuery\":\"1\",\"isRequired\":\"1\",\"javaField\":\"hotelId\",\"javaType\":\"Long\",\"list\":true,\"params\":{},\"pk\":false,\"query\":true,\"queryType\":\"EQ\",\"required\":true,\"sort\":2,\"superColumn\":false,\"tableId\":5,\"updateBy\":\"\",\"updateTime\":\"2024-07-05 23:13:53\",\"usableColumn\":false},{\"capJavaField\":\"RoomTypeId\",\"columnComment\":\"房型id\",\"columnId\":24,\"columnName\":\"room_type_id\",\"columnType\":\"int\",\"createBy\":\"admin\",\"createTime\":\"2024-07-05 21:51:15\",\"dictType\":\"\",\"edit\":true,\"htmlType\":\"input\",\"increment\":false,\"insert\":true,\"isEdit\":\"1\",\"isIncrement\":\"0\",\"isInsert\":\"1\",\"isList\":\"1\",\"isPk\":\"0\",\"isQuery\":\"1\",\"isRequired\":\"1\",\"javaField\":\"roomTypeId\",\"javaType\":\"Long\",\"list\":true,\"params\":{},\"pk\":false,\"query\":true,\"queryType\":\"EQ\",\"required\":true,\"sort\":3,\"superColumn\":false,\"tableId\":5,\"updateBy\":\"\",\"updateTime\":\"2024-07-05 23:13:53\",\"usableColumn\":false},{\"capJavaField\":\"GuestName\",\"columnComment\":\"用户名称\",\"columnId\":25,\"columnName\":\"guest_name\",\"columnType\":\"varchar(255)\",\"createBy\":\"admin\",\"createTime\":\"2024-07-05 21:51:15\",\"dictType\":\"\",\"edit\":true,\"htmlType\":\"input\",\"increment\":false,\"insert\":true,\"isEdit\":\"1\",\"isIncreme', '{\"msg\":\"操作成功\",\"code\":200}', 0, NULL, '2024-07-05 23:20:01', 17);
INSERT INTO `sys_oper_log` VALUES (132, '代码生成', 2, 'com.ruoyi.gen.controller.GenController.editSave()', 'PUT', 1, 'admin', NULL, '/gen', '127.0.0.1', '', '{\"businessName\":\"starhotels\",\"className\":\"Starhotels\",\"columns\":[{\"capJavaField\":\"Id\",\"columnComment\":\"星级酒店id\",\"columnId\":33,\"columnName\":\"id\",\"columnType\":\"int\",\"createBy\":\"admin\",\"createTime\":\"2024-07-05 21:51:15\",\"dictType\":\"\",\"edit\":false,\"htmlType\":\"input\",\"increment\":false,\"insert\":false,\"isIncrement\":\"0\",\"isInsert\":\"0\",\"isPk\":\"1\",\"javaField\":\"id\",\"javaType\":\"Long\",\"list\":false,\"params\":{},\"pk\":true,\"query\":false,\"queryType\":\"EQ\",\"required\":false,\"sort\":1,\"superColumn\":false,\"tableId\":7,\"updateBy\":\"\",\"usableColumn\":false},{\"capJavaField\":\"Name\",\"columnComment\":\"酒店名称\",\"columnId\":34,\"columnName\":\"name\",\"columnType\":\"varchar(255)\",\"createBy\":\"admin\",\"createTime\":\"2024-07-05 21:51:15\",\"dictType\":\"\",\"edit\":true,\"htmlType\":\"input\",\"increment\":false,\"insert\":true,\"isEdit\":\"1\",\"isIncrement\":\"0\",\"isInsert\":\"1\",\"isList\":\"1\",\"isPk\":\"0\",\"isQuery\":\"1\",\"isRequired\":\"1\",\"javaField\":\"name\",\"javaType\":\"String\",\"list\":true,\"params\":{},\"pk\":false,\"query\":true,\"queryType\":\"LIKE\",\"required\":true,\"sort\":2,\"superColumn\":false,\"tableId\":7,\"updateBy\":\"\",\"usableColumn\":false},{\"capJavaField\":\"StarLevel\",\"columnComment\":\"酒店星级\",\"columnId\":35,\"columnName\":\"star_level\",\"columnType\":\"int\",\"createBy\":\"admin\",\"createTime\":\"2024-07-05 21:51:15\",\"dictType\":\"\",\"edit\":true,\"htmlType\":\"input\",\"increment\":false,\"insert\":true,\"isEdit\":\"1\",\"isIncrement\":\"0\",\"isInsert\":\"1\",\"isList\":\"1\",\"isPk\":\"0\",\"isQuery\":\"0\",\"isRequired\":\"1\",\"javaField\":\"starLevel\",\"javaType\":\"Long\",\"list\":true,\"params\":{},\"pk\":false,\"query\":false,\"queryType\":\"EQ\",\"required\":true,\"sort\":3,\"superColumn\":false,\"tableId\":7,\"updateBy\":\"\",\"usableColumn\":false},{\"capJavaField\":\"MinPrice\",\"columnComment\":\"最低价\",\"columnId\":36,\"columnName\":\"min_price\",\"columnType\":\"int\",\"createBy\":\"admin\",\"createTime\":\"2024-07-05 21:51:15\",\"dictType\":\"\",\"edit\":true,\"htmlType\":\"input\",\"increment\":false,\"insert\":true,\"isEdit\":\"1\",\"isIncrement\":\"0\",\"isInsert\":\"1\",\"isList\":\"1\",\"isPk\":\"0\",\"isQuery\":\"0\",\"isRequired\":\"1\",\"javaField\":\"minPrice\",\"javaType\":\"Long\",\"lis', '{\"msg\":\"操作成功\",\"code\":200}', 0, NULL, '2024-07-05 23:21:29', 17);
INSERT INTO `sys_oper_log` VALUES (133, '代码生成', 2, 'com.ruoyi.gen.controller.GenController.editSave()', 'PUT', 1, 'admin', NULL, '/gen', '127.0.0.1', '', '{\"businessName\":\"nonstarroomtypes\",\"className\":\"Nonstarroomtypes\",\"columns\":[{\"capJavaField\":\"Id\",\"columnComment\":\"非星级放行id\",\"columnId\":5,\"columnName\":\"id\",\"columnType\":\"int\",\"createBy\":\"admin\",\"createTime\":\"2024-07-05 21:51:15\",\"dictType\":\"\",\"edit\":false,\"htmlType\":\"input\",\"increment\":false,\"insert\":false,\"isIncrement\":\"0\",\"isInsert\":\"0\",\"isPk\":\"1\",\"javaField\":\"id\",\"javaType\":\"Long\",\"list\":false,\"params\":{},\"pk\":true,\"query\":false,\"queryType\":\"EQ\",\"required\":false,\"sort\":1,\"superColumn\":false,\"tableId\":2,\"updateBy\":\"\",\"updateTime\":\"2024-07-05 23:19:55\",\"usableColumn\":false},{\"capJavaField\":\"HotelId\",\"columnComment\":\"酒店id\",\"columnId\":6,\"columnName\":\"hotel_id\",\"columnType\":\"int\",\"createBy\":\"admin\",\"createTime\":\"2024-07-05 21:51:15\",\"dictType\":\"\",\"edit\":true,\"htmlType\":\"input\",\"increment\":false,\"insert\":true,\"isEdit\":\"1\",\"isIncrement\":\"0\",\"isInsert\":\"1\",\"isList\":\"1\",\"isPk\":\"0\",\"isQuery\":\"1\",\"javaField\":\"hotelId\",\"javaType\":\"Long\",\"list\":true,\"params\":{},\"pk\":false,\"query\":true,\"queryType\":\"EQ\",\"required\":false,\"sort\":2,\"superColumn\":false,\"tableId\":2,\"updateBy\":\"\",\"updateTime\":\"2024-07-05 23:19:55\",\"usableColumn\":false},{\"capJavaField\":\"Name\",\"columnComment\":\"房型名称\",\"columnId\":7,\"columnName\":\"name\",\"columnType\":\"varchar(255)\",\"createBy\":\"admin\",\"createTime\":\"2024-07-05 21:51:15\",\"dictType\":\"\",\"edit\":true,\"htmlType\":\"input\",\"increment\":false,\"insert\":true,\"isEdit\":\"1\",\"isIncrement\":\"0\",\"isInsert\":\"1\",\"isList\":\"1\",\"isPk\":\"0\",\"isQuery\":\"1\",\"isRequired\":\"1\",\"javaField\":\"name\",\"javaType\":\"String\",\"list\":true,\"params\":{},\"pk\":false,\"query\":true,\"queryType\":\"LIKE\",\"required\":true,\"sort\":3,\"superColumn\":false,\"tableId\":2,\"updateBy\":\"\",\"updateTime\":\"2024-07-05 23:19:55\",\"usableColumn\":false},{\"capJavaField\":\"Price\",\"columnComment\":\"价格\",\"columnId\":8,\"columnName\":\"price\",\"columnType\":\"decimal(10,2)\",\"createBy\":\"admin\",\"createTime\":\"2024-07-05 21:51:15\",\"dictType\":\"\",\"edit\":true,\"htmlType\":\"input\",\"increment\":false,\"insert\":true,\"isEdit\":\"1\",\"isIncrement\":\"0\",\"isInsert\":\"1\",\"isList', '{\"msg\":\"操作成功\",\"code\":200}', 0, NULL, '2024-07-05 23:21:37', 14);
INSERT INTO `sys_oper_log` VALUES (134, '代码生成', 2, 'com.ruoyi.gen.controller.GenController.editSave()', 'PUT', 1, 'admin', NULL, '/gen', '127.0.0.1', '', '{\"businessName\":\"nonstarmarketingrecords\",\"className\":\"Nonstarmarketingrecords\",\"columns\":[{\"capJavaField\":\"Id\",\"columnComment\":\"营销数据id\",\"columnId\":1,\"columnName\":\"id\",\"columnType\":\"int\",\"createBy\":\"admin\",\"createTime\":\"2024-07-05 21:51:15\",\"dictType\":\"\",\"edit\":false,\"htmlType\":\"input\",\"increment\":false,\"insert\":false,\"isIncrement\":\"0\",\"isInsert\":\"0\",\"isPk\":\"1\",\"javaField\":\"id\",\"javaType\":\"Long\",\"list\":false,\"params\":{},\"pk\":true,\"query\":false,\"queryType\":\"EQ\",\"required\":false,\"sort\":1,\"superColumn\":false,\"tableId\":1,\"updateBy\":\"\",\"updateTime\":\"2024-07-05 23:19:50\",\"usableColumn\":false},{\"capJavaField\":\"HotelId\",\"columnComment\":\"酒店id\",\"columnId\":2,\"columnName\":\"hotel_id\",\"columnType\":\"int\",\"createBy\":\"admin\",\"createTime\":\"2024-07-05 21:51:15\",\"dictType\":\"\",\"edit\":true,\"htmlType\":\"input\",\"increment\":false,\"insert\":true,\"isEdit\":\"1\",\"isIncrement\":\"0\",\"isInsert\":\"1\",\"isList\":\"1\",\"isPk\":\"0\",\"isQuery\":\"1\",\"isRequired\":\"1\",\"javaField\":\"hotelId\",\"javaType\":\"Long\",\"list\":true,\"params\":{},\"pk\":false,\"query\":true,\"queryType\":\"EQ\",\"required\":true,\"sort\":2,\"superColumn\":false,\"tableId\":1,\"updateBy\":\"\",\"updateTime\":\"2024-07-05 23:19:50\",\"usableColumn\":false},{\"capJavaField\":\"RoomTypeId\",\"columnComment\":\"房型id\",\"columnId\":3,\"columnName\":\"room_type_id\",\"columnType\":\"int\",\"createBy\":\"admin\",\"createTime\":\"2024-07-05 21:51:15\",\"dictType\":\"\",\"edit\":true,\"htmlType\":\"input\",\"increment\":false,\"insert\":true,\"isEdit\":\"1\",\"isIncrement\":\"0\",\"isInsert\":\"1\",\"isList\":\"1\",\"isPk\":\"0\",\"isQuery\":\"1\",\"isRequired\":\"1\",\"javaField\":\"roomTypeId\",\"javaType\":\"Long\",\"list\":true,\"params\":{},\"pk\":false,\"query\":true,\"queryType\":\"EQ\",\"required\":true,\"sort\":3,\"superColumn\":false,\"tableId\":1,\"updateBy\":\"\",\"updateTime\":\"2024-07-05 23:19:50\",\"usableColumn\":false},{\"capJavaField\":\"TotalSales\",\"columnComment\":\"总销量\",\"columnId\":4,\"columnName\":\"total_sales\",\"columnType\":\"int\",\"createBy\":\"admin\",\"createTime\":\"2024-07-05 21:51:15\",\"dictType\":\"\",\"edit\":true,\"htmlType\":\"input\",\"increment\":false,\"insert\":true,\"isEdit\":\"1\",\"i', '{\"msg\":\"操作成功\",\"code\":200}', 0, NULL, '2024-07-05 23:21:43', 13);
INSERT INTO `sys_oper_log` VALUES (135, '代码生成', 2, 'com.ruoyi.gen.controller.GenController.editSave()', 'PUT', 1, 'admin', NULL, '/gen', '127.0.0.1', '', '{\"businessName\":\"starbookings\",\"className\":\"Starbookings\",\"columns\":[{\"capJavaField\":\"Id\",\"columnComment\":\"酒店预定信息id\",\"columnId\":22,\"columnName\":\"id\",\"columnType\":\"int\",\"createBy\":\"admin\",\"createTime\":\"2024-07-05 21:51:15\",\"dictType\":\"\",\"edit\":false,\"htmlType\":\"input\",\"increment\":false,\"insert\":false,\"isIncrement\":\"0\",\"isInsert\":\"0\",\"isPk\":\"1\",\"javaField\":\"id\",\"javaType\":\"Long\",\"list\":false,\"params\":{},\"pk\":true,\"query\":false,\"queryType\":\"EQ\",\"required\":false,\"sort\":1,\"superColumn\":false,\"tableId\":5,\"updateBy\":\"\",\"updateTime\":\"2024-07-05 23:20:01\",\"usableColumn\":false},{\"capJavaField\":\"HotelId\",\"columnComment\":\"酒店id\",\"columnId\":23,\"columnName\":\"hotel_id\",\"columnType\":\"int\",\"createBy\":\"admin\",\"createTime\":\"2024-07-05 21:51:15\",\"dictType\":\"\",\"edit\":true,\"htmlType\":\"input\",\"increment\":false,\"insert\":true,\"isEdit\":\"1\",\"isIncrement\":\"0\",\"isInsert\":\"1\",\"isList\":\"1\",\"isPk\":\"0\",\"isQuery\":\"1\",\"isRequired\":\"1\",\"javaField\":\"hotelId\",\"javaType\":\"Long\",\"list\":true,\"params\":{},\"pk\":false,\"query\":true,\"queryType\":\"EQ\",\"required\":true,\"sort\":2,\"superColumn\":false,\"tableId\":5,\"updateBy\":\"\",\"updateTime\":\"2024-07-05 23:20:01\",\"usableColumn\":false},{\"capJavaField\":\"RoomTypeId\",\"columnComment\":\"房型id\",\"columnId\":24,\"columnName\":\"room_type_id\",\"columnType\":\"int\",\"createBy\":\"admin\",\"createTime\":\"2024-07-05 21:51:15\",\"dictType\":\"\",\"edit\":true,\"htmlType\":\"input\",\"increment\":false,\"insert\":true,\"isEdit\":\"1\",\"isIncrement\":\"0\",\"isInsert\":\"1\",\"isList\":\"1\",\"isPk\":\"0\",\"isQuery\":\"1\",\"isRequired\":\"1\",\"javaField\":\"roomTypeId\",\"javaType\":\"Long\",\"list\":true,\"params\":{},\"pk\":false,\"query\":true,\"queryType\":\"EQ\",\"required\":true,\"sort\":3,\"superColumn\":false,\"tableId\":5,\"updateBy\":\"\",\"updateTime\":\"2024-07-05 23:20:01\",\"usableColumn\":false},{\"capJavaField\":\"GuestName\",\"columnComment\":\"用户名称\",\"columnId\":25,\"columnName\":\"guest_name\",\"columnType\":\"varchar(255)\",\"createBy\":\"admin\",\"createTime\":\"2024-07-05 21:51:15\",\"dictType\":\"\",\"edit\":true,\"htmlType\":\"input\",\"increment\":false,\"insert\":true,\"isEdit\":\"1\",\"isIncreme', '{\"msg\":\"操作成功\",\"code\":200}', 0, NULL, '2024-07-05 23:21:49', 17);
INSERT INTO `sys_oper_log` VALUES (136, '代码生成', 2, 'com.ruoyi.gen.controller.GenController.editSave()', 'PUT', 1, 'admin', NULL, '/gen', '127.0.0.1', '', '{\"businessName\":\"starmarketingrecords\",\"className\":\"Starmarketingrecords\",\"columns\":[{\"capJavaField\":\"Id\",\"columnComment\":\"星级酒店营销id\",\"columnId\":39,\"columnName\":\"id\",\"columnType\":\"int\",\"createBy\":\"admin\",\"createTime\":\"2024-07-05 21:51:15\",\"dictType\":\"\",\"edit\":false,\"htmlType\":\"input\",\"increment\":false,\"insert\":false,\"isIncrement\":\"0\",\"isInsert\":\"0\",\"isPk\":\"1\",\"javaField\":\"id\",\"javaType\":\"Long\",\"list\":false,\"params\":{},\"pk\":true,\"query\":false,\"queryType\":\"EQ\",\"required\":false,\"sort\":1,\"superColumn\":false,\"tableId\":8,\"updateBy\":\"\",\"usableColumn\":false},{\"capJavaField\":\"HotelId\",\"columnComment\":\"酒店id\",\"columnId\":40,\"columnName\":\"hotel_id\",\"columnType\":\"int\",\"createBy\":\"admin\",\"createTime\":\"2024-07-05 21:51:15\",\"dictType\":\"\",\"edit\":true,\"htmlType\":\"input\",\"increment\":false,\"insert\":true,\"isEdit\":\"1\",\"isIncrement\":\"0\",\"isInsert\":\"1\",\"isList\":\"1\",\"isPk\":\"0\",\"isQuery\":\"1\",\"isRequired\":\"1\",\"javaField\":\"hotelId\",\"javaType\":\"Long\",\"list\":true,\"params\":{},\"pk\":false,\"query\":true,\"queryType\":\"EQ\",\"required\":true,\"sort\":2,\"superColumn\":false,\"tableId\":8,\"updateBy\":\"\",\"usableColumn\":false},{\"capJavaField\":\"RoomTypeId\",\"columnComment\":\"房型id\",\"columnId\":41,\"columnName\":\"room_type_id\",\"columnType\":\"int\",\"createBy\":\"admin\",\"createTime\":\"2024-07-05 21:51:15\",\"dictType\":\"\",\"edit\":true,\"htmlType\":\"input\",\"increment\":false,\"insert\":true,\"isEdit\":\"1\",\"isIncrement\":\"0\",\"isInsert\":\"1\",\"isList\":\"1\",\"isPk\":\"0\",\"isQuery\":\"1\",\"isRequired\":\"1\",\"javaField\":\"roomTypeId\",\"javaType\":\"Long\",\"list\":true,\"params\":{},\"pk\":false,\"query\":true,\"queryType\":\"EQ\",\"required\":true,\"sort\":3,\"superColumn\":false,\"tableId\":8,\"updateBy\":\"\",\"usableColumn\":false},{\"capJavaField\":\"TotalSales\",\"columnComment\":\"总销量\",\"columnId\":42,\"columnName\":\"total_sales\",\"columnType\":\"int\",\"createBy\":\"admin\",\"createTime\":\"2024-07-05 21:51:15\",\"dictType\":\"\",\"edit\":true,\"htmlType\":\"input\",\"increment\":false,\"insert\":true,\"isEdit\":\"1\",\"isIncrement\":\"0\",\"isInsert\":\"1\",\"isList\":\"1\",\"isPk\":\"0\",\"isQuery\":\"0\",\"javaField\":\"totalSales\",\"javaType\":', '{\"msg\":\"操作成功\",\"code\":200}', 0, NULL, '2024-07-05 23:23:20', 11);
INSERT INTO `sys_oper_log` VALUES (137, '代码生成', 2, 'com.ruoyi.gen.controller.GenController.editSave()', 'PUT', 1, 'admin', NULL, '/gen', '127.0.0.1', '', '{\"businessName\":\"starroomtypes\",\"className\":\"Starroomtypes\",\"columns\":[{\"capJavaField\":\"Id\",\"columnComment\":\"星级酒店房型id\",\"columnId\":43,\"columnName\":\"id\",\"columnType\":\"int\",\"createBy\":\"admin\",\"createTime\":\"2024-07-05 21:51:15\",\"dictType\":\"\",\"edit\":false,\"htmlType\":\"input\",\"increment\":false,\"insert\":false,\"isIncrement\":\"0\",\"isInsert\":\"0\",\"isPk\":\"1\",\"javaField\":\"id\",\"javaType\":\"Long\",\"list\":false,\"params\":{},\"pk\":true,\"query\":false,\"queryType\":\"EQ\",\"required\":false,\"sort\":1,\"superColumn\":false,\"tableId\":9,\"updateBy\":\"\",\"usableColumn\":false},{\"capJavaField\":\"HotelId\",\"columnComment\":\"酒店id\",\"columnId\":44,\"columnName\":\"hotel_id\",\"columnType\":\"int\",\"createBy\":\"admin\",\"createTime\":\"2024-07-05 21:51:15\",\"dictType\":\"\",\"edit\":true,\"htmlType\":\"input\",\"increment\":false,\"insert\":true,\"isEdit\":\"1\",\"isIncrement\":\"0\",\"isInsert\":\"1\",\"isList\":\"1\",\"isPk\":\"0\",\"isQuery\":\"1\",\"isRequired\":\"1\",\"javaField\":\"hotelId\",\"javaType\":\"Long\",\"list\":true,\"params\":{},\"pk\":false,\"query\":true,\"queryType\":\"EQ\",\"required\":true,\"sort\":2,\"superColumn\":false,\"tableId\":9,\"updateBy\":\"\",\"usableColumn\":false},{\"capJavaField\":\"Name\",\"columnComment\":\"房型名称\",\"columnId\":45,\"columnName\":\"name\",\"columnType\":\"varchar(255)\",\"createBy\":\"admin\",\"createTime\":\"2024-07-05 21:51:15\",\"dictType\":\"\",\"edit\":true,\"htmlType\":\"input\",\"increment\":false,\"insert\":true,\"isEdit\":\"1\",\"isIncrement\":\"0\",\"isInsert\":\"1\",\"isList\":\"1\",\"isPk\":\"0\",\"isQuery\":\"1\",\"isRequired\":\"1\",\"javaField\":\"name\",\"javaType\":\"String\",\"list\":true,\"params\":{},\"pk\":false,\"query\":true,\"queryType\":\"LIKE\",\"required\":true,\"sort\":3,\"superColumn\":false,\"tableId\":9,\"updateBy\":\"\",\"usableColumn\":false},{\"capJavaField\":\"Price\",\"columnComment\":\"价格\",\"columnId\":46,\"columnName\":\"price\",\"columnType\":\"int\",\"createBy\":\"admin\",\"createTime\":\"2024-07-05 21:51:15\",\"dictType\":\"\",\"edit\":true,\"htmlType\":\"input\",\"increment\":false,\"insert\":true,\"isEdit\":\"1\",\"isIncrement\":\"0\",\"isInsert\":\"1\",\"isList\":\"1\",\"isPk\":\"0\",\"isQuery\":\"0\",\"isRequired\":\"1\",\"javaField\":\"price\",\"javaType\":\"Long\",\"list\":true,\"p', '{\"msg\":\"操作成功\",\"code\":200}', 0, NULL, '2024-07-05 23:25:33', 17);
INSERT INTO `sys_oper_log` VALUES (138, '代码生成', 2, 'com.ruoyi.gen.controller.GenController.editSave()', 'PUT', 1, 'admin', NULL, '/gen', '127.0.0.1', '', '{\"businessName\":\"starroomtypes\",\"className\":\"Starroomtypes\",\"columns\":[{\"capJavaField\":\"Id\",\"columnComment\":\"星级酒店房型id\",\"columnId\":43,\"columnName\":\"id\",\"columnType\":\"int\",\"createBy\":\"admin\",\"createTime\":\"2024-07-05 21:51:15\",\"dictType\":\"\",\"edit\":false,\"htmlType\":\"input\",\"increment\":false,\"insert\":false,\"isIncrement\":\"0\",\"isInsert\":\"0\",\"isPk\":\"1\",\"javaField\":\"id\",\"javaType\":\"Long\",\"list\":false,\"params\":{},\"pk\":true,\"query\":false,\"queryType\":\"EQ\",\"required\":false,\"sort\":1,\"superColumn\":false,\"tableId\":9,\"updateBy\":\"\",\"updateTime\":\"2024-07-05 23:25:33\",\"usableColumn\":false},{\"capJavaField\":\"HotelId\",\"columnComment\":\"酒店id\",\"columnId\":44,\"columnName\":\"hotel_id\",\"columnType\":\"int\",\"createBy\":\"admin\",\"createTime\":\"2024-07-05 21:51:15\",\"dictType\":\"\",\"edit\":true,\"htmlType\":\"input\",\"increment\":false,\"insert\":true,\"isEdit\":\"1\",\"isIncrement\":\"0\",\"isInsert\":\"1\",\"isList\":\"1\",\"isPk\":\"0\",\"isQuery\":\"1\",\"isRequired\":\"1\",\"javaField\":\"hotelId\",\"javaType\":\"Long\",\"list\":true,\"params\":{},\"pk\":false,\"query\":true,\"queryType\":\"EQ\",\"required\":true,\"sort\":2,\"superColumn\":false,\"tableId\":9,\"updateBy\":\"\",\"updateTime\":\"2024-07-05 23:25:33\",\"usableColumn\":false},{\"capJavaField\":\"Name\",\"columnComment\":\"房型名称\",\"columnId\":45,\"columnName\":\"name\",\"columnType\":\"varchar(255)\",\"createBy\":\"admin\",\"createTime\":\"2024-07-05 21:51:15\",\"dictType\":\"\",\"edit\":true,\"htmlType\":\"input\",\"increment\":false,\"insert\":true,\"isEdit\":\"1\",\"isIncrement\":\"0\",\"isInsert\":\"1\",\"isList\":\"1\",\"isPk\":\"0\",\"isQuery\":\"1\",\"isRequired\":\"1\",\"javaField\":\"name\",\"javaType\":\"String\",\"list\":true,\"params\":{},\"pk\":false,\"query\":true,\"queryType\":\"LIKE\",\"required\":true,\"sort\":3,\"superColumn\":false,\"tableId\":9,\"updateBy\":\"\",\"updateTime\":\"2024-07-05 23:25:33\",\"usableColumn\":false},{\"capJavaField\":\"Price\",\"columnComment\":\"价格\",\"columnId\":46,\"columnName\":\"price\",\"columnType\":\"int\",\"createBy\":\"admin\",\"createTime\":\"2024-07-05 21:51:15\",\"dictType\":\"\",\"edit\":true,\"htmlType\":\"input\",\"increment\":false,\"insert\":true,\"isEdit\":\"1\",\"isIncrement\":\"0\",\"isInsert\":\"1\",\"i', '{\"msg\":\"操作成功\",\"code\":200}', 0, NULL, '2024-07-05 23:27:13', 14);
INSERT INTO `sys_oper_log` VALUES (139, '代码生成', 3, 'com.ruoyi.gen.controller.GenController.remove()', 'DELETE', 1, 'admin', NULL, '/gen/5,15', '127.0.0.1', '', '{}', '{\"msg\":\"操作成功\",\"code\":200}', 0, NULL, '2024-07-05 23:29:07', 17);
INSERT INTO `sys_oper_log` VALUES (140, '代码生成', 2, 'com.ruoyi.gen.controller.GenController.editSave()', 'PUT', 1, 'admin', NULL, '/gen', '127.0.0.1', '', '{\"businessName\":\"nonstarhotels\",\"className\":\"Nonstarhotels\",\"columns\":[{\"capJavaField\":\"Id\",\"columnComment\":\"非星级酒店id\",\"columnId\":87,\"columnName\":\"id\",\"columnType\":\"int\",\"createBy\":\"admin\",\"createTime\":\"2024-07-05 21:52:28\",\"dictType\":\"\",\"edit\":false,\"htmlType\":\"input\",\"increment\":false,\"insert\":false,\"isIncrement\":\"0\",\"isInsert\":\"0\",\"isPk\":\"1\",\"javaField\":\"id\",\"javaType\":\"Long\",\"list\":false,\"params\":{},\"pk\":true,\"query\":false,\"queryType\":\"EQ\",\"required\":false,\"sort\":1,\"superColumn\":false,\"tableId\":17,\"updateBy\":\"\",\"usableColumn\":false},{\"capJavaField\":\"Name\",\"columnComment\":\"酒店名称\",\"columnId\":88,\"columnName\":\"name\",\"columnType\":\"varchar(255)\",\"createBy\":\"admin\",\"createTime\":\"2024-07-05 21:52:28\",\"dictType\":\"\",\"edit\":true,\"htmlType\":\"input\",\"increment\":false,\"insert\":true,\"isEdit\":\"1\",\"isIncrement\":\"0\",\"isInsert\":\"1\",\"isList\":\"1\",\"isPk\":\"0\",\"isQuery\":\"1\",\"isRequired\":\"1\",\"javaField\":\"name\",\"javaType\":\"String\",\"list\":true,\"params\":{},\"pk\":false,\"query\":true,\"queryType\":\"LIKE\",\"required\":true,\"sort\":2,\"superColumn\":false,\"tableId\":17,\"updateBy\":\"\",\"usableColumn\":false},{\"capJavaField\":\"MinPrice\",\"columnComment\":\"最低价\",\"columnId\":89,\"columnName\":\"min_price\",\"columnType\":\"decimal(10,2)\",\"createBy\":\"admin\",\"createTime\":\"2024-07-05 21:52:28\",\"dictType\":\"\",\"edit\":true,\"htmlType\":\"input\",\"increment\":false,\"insert\":true,\"isEdit\":\"1\",\"isIncrement\":\"0\",\"isInsert\":\"1\",\"isList\":\"1\",\"isPk\":\"0\",\"isQuery\":\"0\",\"isRequired\":\"1\",\"javaField\":\"minPrice\",\"javaType\":\"BigDecimal\",\"list\":true,\"params\":{},\"pk\":false,\"query\":false,\"queryType\":\"EQ\",\"required\":true,\"sort\":3,\"superColumn\":false,\"tableId\":17,\"updateBy\":\"\",\"usableColumn\":false},{\"capJavaField\":\"TotalQuantity\",\"columnComment\":\"总剩余量\",\"columnId\":90,\"columnName\":\"total_quantity\",\"columnType\":\"int\",\"createBy\":\"admin\",\"createTime\":\"2024-07-05 21:52:28\",\"dictType\":\"\",\"edit\":true,\"htmlType\":\"input\",\"increment\":false,\"insert\":true,\"isEdit\":\"1\",\"isIncrement\":\"0\",\"isInsert\":\"1\",\"isList\":\"1\",\"isPk\":\"0\",\"isQuery\":\"0\",\"isRequired\":\"1\",\"javaField\":', '{\"msg\":\"操作成功\",\"code\":200}', 0, NULL, '2024-07-05 23:31:07', 11);
INSERT INTO `sys_oper_log` VALUES (141, '代码生成', 2, 'com.ruoyi.gen.controller.GenController.editSave()', 'PUT', 1, 'admin', NULL, '/gen', '127.0.0.1', '', '{\"businessName\":\"reviews\",\"className\":\"NonstarhotelReviews\",\"columns\":[{\"capJavaField\":\"Id\",\"columnComment\":\"非星级酒店评价id\",\"columnId\":100,\"columnName\":\"id\",\"columnType\":\"int\",\"createBy\":\"admin\",\"createTime\":\"2024-07-05 23:19:38\",\"dictType\":\"\",\"edit\":false,\"htmlType\":\"input\",\"increment\":false,\"insert\":false,\"isIncrement\":\"0\",\"isInsert\":\"0\",\"isPk\":\"1\",\"javaField\":\"id\",\"javaType\":\"Long\",\"list\":false,\"params\":{},\"pk\":true,\"query\":false,\"queryType\":\"EQ\",\"required\":false,\"sort\":1,\"superColumn\":false,\"tableId\":20,\"updateBy\":\"\",\"usableColumn\":false},{\"capJavaField\":\"HotelId\",\"columnComment\":\"酒店id\",\"columnId\":101,\"columnName\":\"hotel_id\",\"columnType\":\"int\",\"createBy\":\"admin\",\"createTime\":\"2024-07-05 23:19:38\",\"dictType\":\"\",\"edit\":true,\"htmlType\":\"input\",\"increment\":false,\"insert\":true,\"isEdit\":\"1\",\"isIncrement\":\"0\",\"isInsert\":\"1\",\"isList\":\"1\",\"isPk\":\"0\",\"isQuery\":\"1\",\"javaField\":\"hotelId\",\"javaType\":\"Long\",\"list\":true,\"params\":{},\"pk\":false,\"query\":true,\"queryType\":\"EQ\",\"required\":false,\"sort\":2,\"superColumn\":false,\"tableId\":20,\"updateBy\":\"\",\"usableColumn\":false},{\"capJavaField\":\"Content\",\"columnComment\":\"内容\",\"columnId\":102,\"columnName\":\"content\",\"columnType\":\"varchar(255)\",\"createBy\":\"admin\",\"createTime\":\"2024-07-05 23:19:38\",\"dictType\":\"\",\"edit\":true,\"htmlType\":\"editor\",\"increment\":false,\"insert\":true,\"isEdit\":\"1\",\"isIncrement\":\"0\",\"isInsert\":\"1\",\"isList\":\"1\",\"isPk\":\"0\",\"isQuery\":\"0\",\"isRequired\":\"1\",\"javaField\":\"content\",\"javaType\":\"String\",\"list\":true,\"params\":{},\"pk\":false,\"query\":false,\"queryType\":\"EQ\",\"required\":true,\"sort\":3,\"superColumn\":false,\"tableId\":20,\"updateBy\":\"\",\"usableColumn\":false},{\"capJavaField\":\"GuestId\",\"columnComment\":\"用户id\",\"columnId\":103,\"columnName\":\"guest_id\",\"columnType\":\"bigint\",\"createBy\":\"admin\",\"createTime\":\"2024-07-05 23:19:38\",\"dictType\":\"\",\"edit\":true,\"htmlType\":\"input\",\"increment\":false,\"insert\":true,\"isEdit\":\"1\",\"isIncrement\":\"0\",\"isInsert\":\"1\",\"isList\":\"1\",\"isPk\":\"0\",\"isQuery\":\"0\",\"isRequired\":\"1\",\"javaField\":\"guestId\",\"javaType\":\"Long\",\"li', '{\"msg\":\"操作成功\",\"code\":200}', 0, NULL, '2024-07-05 23:32:42', 43);
INSERT INTO `sys_oper_log` VALUES (142, '代码生成', 2, 'com.ruoyi.gen.controller.GenController.editSave()', 'PUT', 1, 'admin', NULL, '/gen', '127.0.0.1', '', '{\"businessName\":\"starhotelreviews\",\"className\":\"Starhotelreviews\",\"columns\":[{\"capJavaField\":\"Id\",\"columnComment\":\"星级酒店评价id\",\"columnId\":105,\"columnName\":\"id\",\"columnType\":\"int\",\"createBy\":\"admin\",\"createTime\":\"2024-07-05 23:19:38\",\"dictType\":\"\",\"edit\":false,\"htmlType\":\"input\",\"increment\":false,\"insert\":false,\"isIncrement\":\"0\",\"isInsert\":\"0\",\"isPk\":\"1\",\"javaField\":\"id\",\"javaType\":\"Long\",\"list\":false,\"params\":{},\"pk\":true,\"query\":false,\"queryType\":\"EQ\",\"required\":false,\"sort\":1,\"superColumn\":false,\"tableId\":21,\"updateBy\":\"\",\"usableColumn\":false},{\"capJavaField\":\"HotelId\",\"columnComment\":\"酒店id\",\"columnId\":106,\"columnName\":\"hotel_id\",\"columnType\":\"int\",\"createBy\":\"admin\",\"createTime\":\"2024-07-05 23:19:38\",\"dictType\":\"\",\"edit\":true,\"htmlType\":\"input\",\"increment\":false,\"insert\":true,\"isEdit\":\"1\",\"isIncrement\":\"0\",\"isInsert\":\"1\",\"isList\":\"1\",\"isPk\":\"0\",\"isQuery\":\"1\",\"javaField\":\"hotelId\",\"javaType\":\"Long\",\"list\":true,\"params\":{},\"pk\":false,\"query\":true,\"queryType\":\"EQ\",\"required\":false,\"sort\":2,\"superColumn\":false,\"tableId\":21,\"updateBy\":\"\",\"usableColumn\":false},{\"capJavaField\":\"Content\",\"columnComment\":\"内容\",\"columnId\":107,\"columnName\":\"content\",\"columnType\":\"varchar(255)\",\"createBy\":\"admin\",\"createTime\":\"2024-07-05 23:19:38\",\"dictType\":\"\",\"edit\":true,\"htmlType\":\"editor\",\"increment\":false,\"insert\":true,\"isEdit\":\"1\",\"isIncrement\":\"0\",\"isInsert\":\"1\",\"isList\":\"1\",\"isPk\":\"0\",\"isQuery\":\"0\",\"isRequired\":\"1\",\"javaField\":\"content\",\"javaType\":\"String\",\"list\":true,\"params\":{},\"pk\":false,\"query\":false,\"queryType\":\"EQ\",\"required\":true,\"sort\":3,\"superColumn\":false,\"tableId\":21,\"updateBy\":\"\",\"usableColumn\":false},{\"capJavaField\":\"GuestId\",\"columnComment\":\"用户id\",\"columnId\":108,\"columnName\":\"guest_id\",\"columnType\":\"bigint\",\"createBy\":\"admin\",\"createTime\":\"2024-07-05 23:19:38\",\"dictType\":\"\",\"edit\":true,\"htmlType\":\"input\",\"increment\":false,\"insert\":true,\"isEdit\":\"1\",\"isIncrement\":\"0\",\"isInsert\":\"1\",\"isList\":\"1\",\"isPk\":\"0\",\"isQuery\":\"0\",\"isRequired\":\"1\",\"javaField\":\"guestId\",\"javaType\":\"Long', '{\"msg\":\"操作成功\",\"code\":200}', 0, NULL, '2024-07-05 23:35:12', 44);
INSERT INTO `sys_oper_log` VALUES (143, '代码生成', 2, 'com.ruoyi.gen.controller.GenController.editSave()', 'PUT', 1, 'admin', NULL, '/gen', '127.0.0.1', '', '{\"businessName\":\"reviews\",\"className\":\"NonstarhotelReviews\",\"columns\":[{\"capJavaField\":\"Id\",\"columnComment\":\"非星级酒店评价id\",\"columnId\":100,\"columnName\":\"id\",\"columnType\":\"int\",\"createBy\":\"admin\",\"createTime\":\"2024-07-05 23:19:38\",\"dictType\":\"\",\"edit\":false,\"htmlType\":\"input\",\"increment\":false,\"insert\":false,\"isIncrement\":\"0\",\"isInsert\":\"0\",\"isPk\":\"1\",\"javaField\":\"id\",\"javaType\":\"Long\",\"list\":false,\"params\":{},\"pk\":true,\"query\":false,\"queryType\":\"EQ\",\"required\":false,\"sort\":1,\"superColumn\":false,\"tableId\":20,\"updateBy\":\"\",\"updateTime\":\"2024-07-05 23:32:42\",\"usableColumn\":false},{\"capJavaField\":\"HotelId\",\"columnComment\":\"酒店id\",\"columnId\":101,\"columnName\":\"hotel_id\",\"columnType\":\"int\",\"createBy\":\"admin\",\"createTime\":\"2024-07-05 23:19:38\",\"dictType\":\"\",\"edit\":true,\"htmlType\":\"input\",\"increment\":false,\"insert\":true,\"isEdit\":\"1\",\"isIncrement\":\"0\",\"isInsert\":\"1\",\"isList\":\"1\",\"isPk\":\"0\",\"isQuery\":\"1\",\"javaField\":\"hotelId\",\"javaType\":\"Long\",\"list\":true,\"params\":{},\"pk\":false,\"query\":true,\"queryType\":\"EQ\",\"required\":false,\"sort\":2,\"superColumn\":false,\"tableId\":20,\"updateBy\":\"\",\"updateTime\":\"2024-07-05 23:32:42\",\"usableColumn\":false},{\"capJavaField\":\"Content\",\"columnComment\":\"内容\",\"columnId\":102,\"columnName\":\"content\",\"columnType\":\"varchar(255)\",\"createBy\":\"admin\",\"createTime\":\"2024-07-05 23:19:38\",\"dictType\":\"\",\"edit\":true,\"htmlType\":\"editor\",\"increment\":false,\"insert\":true,\"isEdit\":\"1\",\"isIncrement\":\"0\",\"isInsert\":\"1\",\"isList\":\"1\",\"isPk\":\"0\",\"isQuery\":\"0\",\"isRequired\":\"1\",\"javaField\":\"content\",\"javaType\":\"String\",\"list\":true,\"params\":{},\"pk\":false,\"query\":false,\"queryType\":\"EQ\",\"required\":true,\"sort\":3,\"superColumn\":false,\"tableId\":20,\"updateBy\":\"\",\"updateTime\":\"2024-07-05 23:32:42\",\"usableColumn\":false},{\"capJavaField\":\"GuestId\",\"columnComment\":\"用户id\",\"columnId\":103,\"columnName\":\"guest_id\",\"columnType\":\"bigint\",\"createBy\":\"admin\",\"createTime\":\"2024-07-05 23:19:38\",\"dictType\":\"\",\"edit\":true,\"htmlType\":\"input\",\"increment\":false,\"insert\":true,\"isEdit\":\"1\",\"isIncrement\":\"0\",\"isInser', '{\"msg\":\"操作成功\",\"code\":200}', 0, NULL, '2024-07-05 23:35:21', 10);
INSERT INTO `sys_oper_log` VALUES (144, '代码生成', 2, 'com.ruoyi.gen.controller.GenController.editSave()', 'PUT', 1, 'admin', NULL, '/gen', '127.0.0.1', '', '{\"businessName\":\"nonstarhotels\",\"className\":\"Nonstarhotels\",\"columns\":[{\"capJavaField\":\"Id\",\"columnComment\":\"非星级酒店id\",\"columnId\":87,\"columnName\":\"id\",\"columnType\":\"int\",\"createBy\":\"admin\",\"createTime\":\"2024-07-05 21:52:28\",\"dictType\":\"\",\"edit\":false,\"htmlType\":\"input\",\"increment\":false,\"insert\":false,\"isIncrement\":\"0\",\"isInsert\":\"0\",\"isPk\":\"1\",\"javaField\":\"id\",\"javaType\":\"Long\",\"list\":false,\"params\":{},\"pk\":true,\"query\":false,\"queryType\":\"EQ\",\"required\":false,\"sort\":1,\"superColumn\":false,\"tableId\":17,\"updateBy\":\"\",\"updateTime\":\"2024-07-05 23:31:07\",\"usableColumn\":false},{\"capJavaField\":\"Name\",\"columnComment\":\"酒店名称\",\"columnId\":88,\"columnName\":\"name\",\"columnType\":\"varchar(255)\",\"createBy\":\"admin\",\"createTime\":\"2024-07-05 21:52:28\",\"dictType\":\"\",\"edit\":true,\"htmlType\":\"input\",\"increment\":false,\"insert\":true,\"isEdit\":\"1\",\"isIncrement\":\"0\",\"isInsert\":\"1\",\"isList\":\"1\",\"isPk\":\"0\",\"isQuery\":\"1\",\"isRequired\":\"1\",\"javaField\":\"name\",\"javaType\":\"String\",\"list\":true,\"params\":{},\"pk\":false,\"query\":true,\"queryType\":\"LIKE\",\"required\":true,\"sort\":2,\"superColumn\":false,\"tableId\":17,\"updateBy\":\"\",\"updateTime\":\"2024-07-05 23:31:07\",\"usableColumn\":false},{\"capJavaField\":\"MinPrice\",\"columnComment\":\"最低价\",\"columnId\":89,\"columnName\":\"min_price\",\"columnType\":\"decimal(10,2)\",\"createBy\":\"admin\",\"createTime\":\"2024-07-05 21:52:28\",\"dictType\":\"\",\"edit\":true,\"htmlType\":\"input\",\"increment\":false,\"insert\":true,\"isEdit\":\"1\",\"isIncrement\":\"0\",\"isInsert\":\"1\",\"isList\":\"1\",\"isPk\":\"0\",\"isQuery\":\"0\",\"isRequired\":\"1\",\"javaField\":\"minPrice\",\"javaType\":\"BigDecimal\",\"list\":true,\"params\":{},\"pk\":false,\"query\":false,\"queryType\":\"EQ\",\"required\":true,\"sort\":3,\"superColumn\":false,\"tableId\":17,\"updateBy\":\"\",\"updateTime\":\"2024-07-05 23:31:07\",\"usableColumn\":false},{\"capJavaField\":\"TotalQuantity\",\"columnComment\":\"总剩余量\",\"columnId\":90,\"columnName\":\"total_quantity\",\"columnType\":\"int\",\"createBy\":\"admin\",\"createTime\":\"2024-07-05 21:52:28\",\"dictType\":\"\",\"edit\":true,\"htmlType\":\"input\",\"increment\":false,\"insert\":true,\"isEdit\"', '{\"msg\":\"操作成功\",\"code\":200}', 0, NULL, '2024-07-05 23:35:29', 54);
INSERT INTO `sys_oper_log` VALUES (145, '代码生成', 2, 'com.ruoyi.gen.controller.GenController.editSave()', 'PUT', 1, 'admin', NULL, '/gen', '127.0.0.1', '', '{\"businessName\":\"nonstarmarketingrecords\",\"className\":\"Nonstarmarketingrecords\",\"columns\":[{\"capJavaField\":\"Id\",\"columnComment\":\"营销数据id\",\"columnId\":1,\"columnName\":\"id\",\"columnType\":\"int\",\"createBy\":\"admin\",\"createTime\":\"2024-07-05 21:51:15\",\"dictType\":\"\",\"edit\":false,\"htmlType\":\"input\",\"increment\":false,\"insert\":false,\"isIncrement\":\"0\",\"isInsert\":\"0\",\"isPk\":\"1\",\"javaField\":\"id\",\"javaType\":\"Long\",\"list\":false,\"params\":{},\"pk\":true,\"query\":false,\"queryType\":\"EQ\",\"required\":false,\"sort\":1,\"superColumn\":false,\"tableId\":1,\"updateBy\":\"\",\"updateTime\":\"2024-07-05 23:21:43\",\"usableColumn\":false},{\"capJavaField\":\"HotelId\",\"columnComment\":\"酒店id\",\"columnId\":2,\"columnName\":\"hotel_id\",\"columnType\":\"int\",\"createBy\":\"admin\",\"createTime\":\"2024-07-05 21:51:15\",\"dictType\":\"\",\"edit\":true,\"htmlType\":\"input\",\"increment\":false,\"insert\":true,\"isEdit\":\"1\",\"isIncrement\":\"0\",\"isInsert\":\"1\",\"isList\":\"1\",\"isPk\":\"0\",\"isQuery\":\"1\",\"isRequired\":\"1\",\"javaField\":\"hotelId\",\"javaType\":\"Long\",\"list\":true,\"params\":{},\"pk\":false,\"query\":true,\"queryType\":\"EQ\",\"required\":true,\"sort\":2,\"superColumn\":false,\"tableId\":1,\"updateBy\":\"\",\"updateTime\":\"2024-07-05 23:21:43\",\"usableColumn\":false},{\"capJavaField\":\"RoomTypeId\",\"columnComment\":\"房型id\",\"columnId\":3,\"columnName\":\"room_type_id\",\"columnType\":\"int\",\"createBy\":\"admin\",\"createTime\":\"2024-07-05 21:51:15\",\"dictType\":\"\",\"edit\":true,\"htmlType\":\"input\",\"increment\":false,\"insert\":true,\"isEdit\":\"1\",\"isIncrement\":\"0\",\"isInsert\":\"1\",\"isList\":\"1\",\"isPk\":\"0\",\"isQuery\":\"1\",\"isRequired\":\"1\",\"javaField\":\"roomTypeId\",\"javaType\":\"Long\",\"list\":true,\"params\":{},\"pk\":false,\"query\":true,\"queryType\":\"EQ\",\"required\":true,\"sort\":3,\"superColumn\":false,\"tableId\":1,\"updateBy\":\"\",\"updateTime\":\"2024-07-05 23:21:43\",\"usableColumn\":false},{\"capJavaField\":\"TotalSales\",\"columnComment\":\"总销量\",\"columnId\":4,\"columnName\":\"total_sales\",\"columnType\":\"int\",\"createBy\":\"admin\",\"createTime\":\"2024-07-05 21:51:15\",\"dictType\":\"\",\"edit\":true,\"htmlType\":\"input\",\"increment\":false,\"insert\":true,\"isEdit\":\"1\",\"i', '{\"msg\":\"操作成功\",\"code\":200}', 0, NULL, '2024-07-05 23:36:10', 11);
INSERT INTO `sys_oper_log` VALUES (146, '代码生成', 2, 'com.ruoyi.gen.controller.GenController.editSave()', 'PUT', 1, 'admin', NULL, '/gen', '127.0.0.1', '', '{\"businessName\":\"nonstarroomtypes\",\"className\":\"Nonstarroomtypes\",\"columns\":[{\"capJavaField\":\"Id\",\"columnComment\":\"非星级放行id\",\"columnId\":5,\"columnName\":\"id\",\"columnType\":\"int\",\"createBy\":\"admin\",\"createTime\":\"2024-07-05 21:51:15\",\"dictType\":\"\",\"edit\":false,\"htmlType\":\"input\",\"increment\":false,\"insert\":false,\"isIncrement\":\"0\",\"isInsert\":\"0\",\"isPk\":\"1\",\"javaField\":\"id\",\"javaType\":\"Long\",\"list\":false,\"params\":{},\"pk\":true,\"query\":false,\"queryType\":\"EQ\",\"required\":false,\"sort\":1,\"superColumn\":false,\"tableId\":2,\"updateBy\":\"\",\"updateTime\":\"2024-07-05 23:21:37\",\"usableColumn\":false},{\"capJavaField\":\"HotelId\",\"columnComment\":\"酒店id\",\"columnId\":6,\"columnName\":\"hotel_id\",\"columnType\":\"int\",\"createBy\":\"admin\",\"createTime\":\"2024-07-05 21:51:15\",\"dictType\":\"\",\"edit\":true,\"htmlType\":\"input\",\"increment\":false,\"insert\":true,\"isEdit\":\"1\",\"isIncrement\":\"0\",\"isInsert\":\"1\",\"isList\":\"1\",\"isPk\":\"0\",\"isQuery\":\"1\",\"javaField\":\"hotelId\",\"javaType\":\"Long\",\"list\":true,\"params\":{},\"pk\":false,\"query\":true,\"queryType\":\"EQ\",\"required\":false,\"sort\":2,\"superColumn\":false,\"tableId\":2,\"updateBy\":\"\",\"updateTime\":\"2024-07-05 23:21:37\",\"usableColumn\":false},{\"capJavaField\":\"Name\",\"columnComment\":\"房型名称\",\"columnId\":7,\"columnName\":\"name\",\"columnType\":\"varchar(255)\",\"createBy\":\"admin\",\"createTime\":\"2024-07-05 21:51:15\",\"dictType\":\"\",\"edit\":true,\"htmlType\":\"input\",\"increment\":false,\"insert\":true,\"isEdit\":\"1\",\"isIncrement\":\"0\",\"isInsert\":\"1\",\"isList\":\"1\",\"isPk\":\"0\",\"isQuery\":\"1\",\"isRequired\":\"1\",\"javaField\":\"name\",\"javaType\":\"String\",\"list\":true,\"params\":{},\"pk\":false,\"query\":true,\"queryType\":\"LIKE\",\"required\":true,\"sort\":3,\"superColumn\":false,\"tableId\":2,\"updateBy\":\"\",\"updateTime\":\"2024-07-05 23:21:37\",\"usableColumn\":false},{\"capJavaField\":\"Price\",\"columnComment\":\"价格\",\"columnId\":8,\"columnName\":\"price\",\"columnType\":\"decimal(10,2)\",\"createBy\":\"admin\",\"createTime\":\"2024-07-05 21:51:15\",\"dictType\":\"\",\"edit\":true,\"htmlType\":\"input\",\"increment\":false,\"insert\":true,\"isEdit\":\"1\",\"isIncrement\":\"0\",\"isInsert\":\"1\",\"isList', '{\"msg\":\"操作成功\",\"code\":200}', 0, NULL, '2024-07-05 23:36:18', 44);
INSERT INTO `sys_oper_log` VALUES (147, '代码生成', 2, 'com.ruoyi.gen.controller.GenController.editSave()', 'PUT', 1, 'admin', NULL, '/gen', '127.0.0.1', '', '{\"businessName\":\"starhotels\",\"className\":\"Starhotels\",\"columns\":[{\"capJavaField\":\"Id\",\"columnComment\":\"星级酒店id\",\"columnId\":33,\"columnName\":\"id\",\"columnType\":\"int\",\"createBy\":\"admin\",\"createTime\":\"2024-07-05 21:51:15\",\"dictType\":\"\",\"edit\":false,\"htmlType\":\"input\",\"increment\":false,\"insert\":false,\"isIncrement\":\"0\",\"isInsert\":\"0\",\"isPk\":\"1\",\"javaField\":\"id\",\"javaType\":\"Long\",\"list\":false,\"params\":{},\"pk\":true,\"query\":false,\"queryType\":\"EQ\",\"required\":false,\"sort\":1,\"superColumn\":false,\"tableId\":7,\"updateBy\":\"\",\"updateTime\":\"2024-07-05 23:21:29\",\"usableColumn\":false},{\"capJavaField\":\"Name\",\"columnComment\":\"酒店名称\",\"columnId\":34,\"columnName\":\"name\",\"columnType\":\"varchar(255)\",\"createBy\":\"admin\",\"createTime\":\"2024-07-05 21:51:15\",\"dictType\":\"\",\"edit\":true,\"htmlType\":\"input\",\"increment\":false,\"insert\":true,\"isEdit\":\"1\",\"isIncrement\":\"0\",\"isInsert\":\"1\",\"isList\":\"1\",\"isPk\":\"0\",\"isQuery\":\"1\",\"isRequired\":\"1\",\"javaField\":\"name\",\"javaType\":\"String\",\"list\":true,\"params\":{},\"pk\":false,\"query\":true,\"queryType\":\"LIKE\",\"required\":true,\"sort\":2,\"superColumn\":false,\"tableId\":7,\"updateBy\":\"\",\"updateTime\":\"2024-07-05 23:21:29\",\"usableColumn\":false},{\"capJavaField\":\"StarLevel\",\"columnComment\":\"酒店星级\",\"columnId\":35,\"columnName\":\"star_level\",\"columnType\":\"int\",\"createBy\":\"admin\",\"createTime\":\"2024-07-05 21:51:15\",\"dictType\":\"\",\"edit\":true,\"htmlType\":\"input\",\"increment\":false,\"insert\":true,\"isEdit\":\"1\",\"isIncrement\":\"0\",\"isInsert\":\"1\",\"isList\":\"1\",\"isPk\":\"0\",\"isQuery\":\"0\",\"isRequired\":\"1\",\"javaField\":\"starLevel\",\"javaType\":\"Long\",\"list\":true,\"params\":{},\"pk\":false,\"query\":false,\"queryType\":\"EQ\",\"required\":true,\"sort\":3,\"superColumn\":false,\"tableId\":7,\"updateBy\":\"\",\"updateTime\":\"2024-07-05 23:21:29\",\"usableColumn\":false},{\"capJavaField\":\"MinPrice\",\"columnComment\":\"最低价\",\"columnId\":36,\"columnName\":\"min_price\",\"columnType\":\"int\",\"createBy\":\"admin\",\"createTime\":\"2024-07-05 21:51:15\",\"dictType\":\"\",\"edit\":true,\"htmlType\":\"input\",\"increment\":false,\"insert\":true,\"isEdit\":\"1\",\"isIncrement\":\"0\",\"isInsert\"', '{\"msg\":\"操作成功\",\"code\":200}', 0, NULL, '2024-07-05 23:36:34', 45);
INSERT INTO `sys_oper_log` VALUES (148, '代码生成', 2, 'com.ruoyi.gen.controller.GenController.editSave()', 'PUT', 1, 'admin', NULL, '/gen', '127.0.0.1', '', '{\"businessName\":\"starmarketingrecords\",\"className\":\"Starmarketingrecords\",\"columns\":[{\"capJavaField\":\"Id\",\"columnComment\":\"星级酒店营销id\",\"columnId\":39,\"columnName\":\"id\",\"columnType\":\"int\",\"createBy\":\"admin\",\"createTime\":\"2024-07-05 21:51:15\",\"dictType\":\"\",\"edit\":false,\"htmlType\":\"input\",\"increment\":false,\"insert\":false,\"isIncrement\":\"0\",\"isInsert\":\"0\",\"isPk\":\"1\",\"javaField\":\"id\",\"javaType\":\"Long\",\"list\":false,\"params\":{},\"pk\":true,\"query\":false,\"queryType\":\"EQ\",\"required\":false,\"sort\":1,\"superColumn\":false,\"tableId\":8,\"updateBy\":\"\",\"updateTime\":\"2024-07-05 23:23:20\",\"usableColumn\":false},{\"capJavaField\":\"HotelId\",\"columnComment\":\"酒店id\",\"columnId\":40,\"columnName\":\"hotel_id\",\"columnType\":\"int\",\"createBy\":\"admin\",\"createTime\":\"2024-07-05 21:51:15\",\"dictType\":\"\",\"edit\":true,\"htmlType\":\"input\",\"increment\":false,\"insert\":true,\"isEdit\":\"1\",\"isIncrement\":\"0\",\"isInsert\":\"1\",\"isList\":\"1\",\"isPk\":\"0\",\"isQuery\":\"1\",\"isRequired\":\"1\",\"javaField\":\"hotelId\",\"javaType\":\"Long\",\"list\":true,\"params\":{},\"pk\":false,\"query\":true,\"queryType\":\"EQ\",\"required\":true,\"sort\":2,\"superColumn\":false,\"tableId\":8,\"updateBy\":\"\",\"updateTime\":\"2024-07-05 23:23:20\",\"usableColumn\":false},{\"capJavaField\":\"RoomTypeId\",\"columnComment\":\"房型id\",\"columnId\":41,\"columnName\":\"room_type_id\",\"columnType\":\"int\",\"createBy\":\"admin\",\"createTime\":\"2024-07-05 21:51:15\",\"dictType\":\"\",\"edit\":true,\"htmlType\":\"input\",\"increment\":false,\"insert\":true,\"isEdit\":\"1\",\"isIncrement\":\"0\",\"isInsert\":\"1\",\"isList\":\"1\",\"isPk\":\"0\",\"isQuery\":\"1\",\"isRequired\":\"1\",\"javaField\":\"roomTypeId\",\"javaType\":\"Long\",\"list\":true,\"params\":{},\"pk\":false,\"query\":true,\"queryType\":\"EQ\",\"required\":true,\"sort\":3,\"superColumn\":false,\"tableId\":8,\"updateBy\":\"\",\"updateTime\":\"2024-07-05 23:23:20\",\"usableColumn\":false},{\"capJavaField\":\"TotalSales\",\"columnComment\":\"总销量\",\"columnId\":42,\"columnName\":\"total_sales\",\"columnType\":\"int\",\"createBy\":\"admin\",\"createTime\":\"2024-07-05 21:51:15\",\"dictType\":\"\",\"edit\":true,\"htmlType\":\"input\",\"increment\":false,\"insert\":true,\"isEdit\":\"1\",\"i', '{\"msg\":\"操作成功\",\"code\":200}', 0, NULL, '2024-07-05 23:37:18', 43);
INSERT INTO `sys_oper_log` VALUES (149, '代码生成', 2, 'com.ruoyi.gen.controller.GenController.editSave()', 'PUT', 1, 'admin', NULL, '/gen', '127.0.0.1', '', '{\"businessName\":\"starroomtypes\",\"className\":\"Starroomtypes\",\"columns\":[{\"capJavaField\":\"Id\",\"columnComment\":\"星级酒店房型id\",\"columnId\":43,\"columnName\":\"id\",\"columnType\":\"int\",\"createBy\":\"admin\",\"createTime\":\"2024-07-05 21:51:15\",\"dictType\":\"\",\"edit\":false,\"htmlType\":\"input\",\"increment\":false,\"insert\":false,\"isIncrement\":\"0\",\"isInsert\":\"0\",\"isPk\":\"1\",\"javaField\":\"id\",\"javaType\":\"Long\",\"list\":false,\"params\":{},\"pk\":true,\"query\":false,\"queryType\":\"EQ\",\"required\":false,\"sort\":1,\"superColumn\":false,\"tableId\":9,\"updateBy\":\"\",\"updateTime\":\"2024-07-05 23:27:13\",\"usableColumn\":false},{\"capJavaField\":\"HotelId\",\"columnComment\":\"酒店id\",\"columnId\":44,\"columnName\":\"hotel_id\",\"columnType\":\"int\",\"createBy\":\"admin\",\"createTime\":\"2024-07-05 21:51:15\",\"dictType\":\"\",\"edit\":true,\"htmlType\":\"input\",\"increment\":false,\"insert\":true,\"isEdit\":\"1\",\"isIncrement\":\"0\",\"isInsert\":\"1\",\"isList\":\"1\",\"isPk\":\"0\",\"isQuery\":\"1\",\"isRequired\":\"1\",\"javaField\":\"hotelId\",\"javaType\":\"Long\",\"list\":true,\"params\":{},\"pk\":false,\"query\":true,\"queryType\":\"EQ\",\"required\":true,\"sort\":2,\"superColumn\":false,\"tableId\":9,\"updateBy\":\"\",\"updateTime\":\"2024-07-05 23:27:13\",\"usableColumn\":false},{\"capJavaField\":\"Name\",\"columnComment\":\"房型名称\",\"columnId\":45,\"columnName\":\"name\",\"columnType\":\"varchar(255)\",\"createBy\":\"admin\",\"createTime\":\"2024-07-05 21:51:15\",\"dictType\":\"\",\"edit\":true,\"htmlType\":\"input\",\"increment\":false,\"insert\":true,\"isEdit\":\"1\",\"isIncrement\":\"0\",\"isInsert\":\"1\",\"isList\":\"1\",\"isPk\":\"0\",\"isQuery\":\"1\",\"isRequired\":\"1\",\"javaField\":\"name\",\"javaType\":\"String\",\"list\":true,\"params\":{},\"pk\":false,\"query\":true,\"queryType\":\"LIKE\",\"required\":true,\"sort\":3,\"superColumn\":false,\"tableId\":9,\"updateBy\":\"\",\"updateTime\":\"2024-07-05 23:27:13\",\"usableColumn\":false},{\"capJavaField\":\"Price\",\"columnComment\":\"价格\",\"columnId\":46,\"columnName\":\"price\",\"columnType\":\"int\",\"createBy\":\"admin\",\"createTime\":\"2024-07-05 21:51:15\",\"dictType\":\"\",\"edit\":true,\"htmlType\":\"input\",\"increment\":false,\"insert\":true,\"isEdit\":\"1\",\"isIncrement\":\"0\",\"isInsert\":\"1\",\"i', '{\"msg\":\"操作成功\",\"code\":200}', 0, NULL, '2024-07-05 23:37:27', 52);
INSERT INTO `sys_oper_log` VALUES (150, '代码生成', 2, 'com.ruoyi.gen.controller.GenController.editSave()', 'PUT', 1, 'admin', NULL, '/gen', '127.0.0.1', '', '{\"businessName\":\"starmarketingrecords\",\"className\":\"Starmarketingrecords\",\"columns\":[{\"capJavaField\":\"Id\",\"columnComment\":\"星级酒店营销id\",\"columnId\":39,\"columnName\":\"id\",\"columnType\":\"int\",\"createBy\":\"admin\",\"createTime\":\"2024-07-05 21:51:15\",\"dictType\":\"\",\"edit\":false,\"htmlType\":\"input\",\"increment\":false,\"insert\":false,\"isIncrement\":\"0\",\"isInsert\":\"0\",\"isPk\":\"1\",\"javaField\":\"id\",\"javaType\":\"Long\",\"list\":false,\"params\":{},\"pk\":true,\"query\":false,\"queryType\":\"EQ\",\"required\":false,\"sort\":1,\"superColumn\":false,\"tableId\":8,\"updateBy\":\"\",\"updateTime\":\"2024-07-05 23:37:18\",\"usableColumn\":false},{\"capJavaField\":\"HotelId\",\"columnComment\":\"酒店id\",\"columnId\":40,\"columnName\":\"hotel_id\",\"columnType\":\"int\",\"createBy\":\"admin\",\"createTime\":\"2024-07-05 21:51:15\",\"dictType\":\"\",\"edit\":true,\"htmlType\":\"input\",\"increment\":false,\"insert\":true,\"isEdit\":\"1\",\"isIncrement\":\"0\",\"isInsert\":\"1\",\"isList\":\"1\",\"isPk\":\"0\",\"isQuery\":\"1\",\"isRequired\":\"1\",\"javaField\":\"hotelId\",\"javaType\":\"Long\",\"list\":true,\"params\":{},\"pk\":false,\"query\":true,\"queryType\":\"EQ\",\"required\":true,\"sort\":2,\"superColumn\":false,\"tableId\":8,\"updateBy\":\"\",\"updateTime\":\"2024-07-05 23:37:18\",\"usableColumn\":false},{\"capJavaField\":\"RoomTypeId\",\"columnComment\":\"房型id\",\"columnId\":41,\"columnName\":\"room_type_id\",\"columnType\":\"int\",\"createBy\":\"admin\",\"createTime\":\"2024-07-05 21:51:15\",\"dictType\":\"\",\"edit\":true,\"htmlType\":\"input\",\"increment\":false,\"insert\":true,\"isEdit\":\"1\",\"isIncrement\":\"0\",\"isInsert\":\"1\",\"isList\":\"1\",\"isPk\":\"0\",\"isQuery\":\"1\",\"isRequired\":\"1\",\"javaField\":\"roomTypeId\",\"javaType\":\"Long\",\"list\":true,\"params\":{},\"pk\":false,\"query\":true,\"queryType\":\"EQ\",\"required\":true,\"sort\":3,\"superColumn\":false,\"tableId\":8,\"updateBy\":\"\",\"updateTime\":\"2024-07-05 23:37:18\",\"usableColumn\":false},{\"capJavaField\":\"TotalSales\",\"columnComment\":\"总销量\",\"columnId\":42,\"columnName\":\"total_sales\",\"columnType\":\"int\",\"createBy\":\"admin\",\"createTime\":\"2024-07-05 21:51:15\",\"dictType\":\"\",\"edit\":true,\"htmlType\":\"input\",\"increment\":false,\"insert\":true,\"isEdit\":\"1\",\"i', '{\"msg\":\"操作成功\",\"code\":200}', 0, NULL, '2024-07-05 23:37:37', 45);
INSERT INTO `sys_oper_log` VALUES (151, '代码生成', 2, 'com.ruoyi.gen.controller.GenController.editSave()', 'PUT', 1, 'admin', NULL, '/gen', '127.0.0.1', '', '{\"businessName\":\"starhotels\",\"className\":\"Starhotels\",\"columns\":[{\"capJavaField\":\"Id\",\"columnComment\":\"星级酒店id\",\"columnId\":33,\"columnName\":\"id\",\"columnType\":\"int\",\"createBy\":\"admin\",\"createTime\":\"2024-07-05 21:51:15\",\"dictType\":\"\",\"edit\":false,\"htmlType\":\"input\",\"increment\":false,\"insert\":false,\"isIncrement\":\"0\",\"isInsert\":\"0\",\"isPk\":\"1\",\"javaField\":\"id\",\"javaType\":\"Long\",\"list\":false,\"params\":{},\"pk\":true,\"query\":false,\"queryType\":\"EQ\",\"required\":false,\"sort\":1,\"superColumn\":false,\"tableId\":7,\"updateBy\":\"\",\"updateTime\":\"2024-07-05 23:36:34\",\"usableColumn\":false},{\"capJavaField\":\"Name\",\"columnComment\":\"酒店名称\",\"columnId\":34,\"columnName\":\"name\",\"columnType\":\"varchar(255)\",\"createBy\":\"admin\",\"createTime\":\"2024-07-05 21:51:15\",\"dictType\":\"\",\"edit\":true,\"htmlType\":\"input\",\"increment\":false,\"insert\":true,\"isEdit\":\"1\",\"isIncrement\":\"0\",\"isInsert\":\"1\",\"isList\":\"1\",\"isPk\":\"0\",\"isQuery\":\"1\",\"isRequired\":\"1\",\"javaField\":\"name\",\"javaType\":\"String\",\"list\":true,\"params\":{},\"pk\":false,\"query\":true,\"queryType\":\"LIKE\",\"required\":true,\"sort\":2,\"superColumn\":false,\"tableId\":7,\"updateBy\":\"\",\"updateTime\":\"2024-07-05 23:36:34\",\"usableColumn\":false},{\"capJavaField\":\"StarLevel\",\"columnComment\":\"酒店星级\",\"columnId\":35,\"columnName\":\"star_level\",\"columnType\":\"int\",\"createBy\":\"admin\",\"createTime\":\"2024-07-05 21:51:15\",\"dictType\":\"\",\"edit\":true,\"htmlType\":\"input\",\"increment\":false,\"insert\":true,\"isEdit\":\"1\",\"isIncrement\":\"0\",\"isInsert\":\"1\",\"isList\":\"1\",\"isPk\":\"0\",\"isQuery\":\"0\",\"isRequired\":\"1\",\"javaField\":\"starLevel\",\"javaType\":\"Long\",\"list\":true,\"params\":{},\"pk\":false,\"query\":false,\"queryType\":\"EQ\",\"required\":true,\"sort\":3,\"superColumn\":false,\"tableId\":7,\"updateBy\":\"\",\"updateTime\":\"2024-07-05 23:36:34\",\"usableColumn\":false},{\"capJavaField\":\"MinPrice\",\"columnComment\":\"最低价\",\"columnId\":36,\"columnName\":\"min_price\",\"columnType\":\"int\",\"createBy\":\"admin\",\"createTime\":\"2024-07-05 21:51:15\",\"dictType\":\"\",\"edit\":true,\"htmlType\":\"input\",\"increment\":false,\"insert\":true,\"isEdit\":\"1\",\"isIncrement\":\"0\",\"isInsert\"', '{\"msg\":\"操作成功\",\"code\":200}', 0, NULL, '2024-07-05 23:37:42', 49);
INSERT INTO `sys_oper_log` VALUES (152, '代码生成', 2, 'com.ruoyi.gen.controller.GenController.editSave()', 'PUT', 1, 'admin', NULL, '/gen', '127.0.0.1', '', '{\"businessName\":\"nonstarhotels\",\"className\":\"Nonstarhotels\",\"columns\":[{\"capJavaField\":\"Id\",\"columnComment\":\"非星级酒店id\",\"columnId\":87,\"columnName\":\"id\",\"columnType\":\"int\",\"createBy\":\"admin\",\"createTime\":\"2024-07-05 21:52:28\",\"dictType\":\"\",\"edit\":false,\"htmlType\":\"input\",\"increment\":false,\"insert\":false,\"isIncrement\":\"0\",\"isInsert\":\"0\",\"isPk\":\"1\",\"javaField\":\"id\",\"javaType\":\"Long\",\"list\":false,\"params\":{},\"pk\":true,\"query\":false,\"queryType\":\"EQ\",\"required\":false,\"sort\":1,\"superColumn\":false,\"tableId\":17,\"updateBy\":\"\",\"updateTime\":\"2024-07-05 23:35:29\",\"usableColumn\":false},{\"capJavaField\":\"Name\",\"columnComment\":\"酒店名称\",\"columnId\":88,\"columnName\":\"name\",\"columnType\":\"varchar(255)\",\"createBy\":\"admin\",\"createTime\":\"2024-07-05 21:52:28\",\"dictType\":\"\",\"edit\":true,\"htmlType\":\"input\",\"increment\":false,\"insert\":true,\"isEdit\":\"1\",\"isIncrement\":\"0\",\"isInsert\":\"1\",\"isList\":\"1\",\"isPk\":\"0\",\"isQuery\":\"1\",\"isRequired\":\"1\",\"javaField\":\"name\",\"javaType\":\"String\",\"list\":true,\"params\":{},\"pk\":false,\"query\":true,\"queryType\":\"LIKE\",\"required\":true,\"sort\":2,\"superColumn\":false,\"tableId\":17,\"updateBy\":\"\",\"updateTime\":\"2024-07-05 23:35:29\",\"usableColumn\":false},{\"capJavaField\":\"MinPrice\",\"columnComment\":\"最低价\",\"columnId\":89,\"columnName\":\"min_price\",\"columnType\":\"decimal(10,2)\",\"createBy\":\"admin\",\"createTime\":\"2024-07-05 21:52:28\",\"dictType\":\"\",\"edit\":true,\"htmlType\":\"input\",\"increment\":false,\"insert\":true,\"isEdit\":\"1\",\"isIncrement\":\"0\",\"isInsert\":\"1\",\"isList\":\"1\",\"isPk\":\"0\",\"isQuery\":\"0\",\"isRequired\":\"1\",\"javaField\":\"minPrice\",\"javaType\":\"BigDecimal\",\"list\":true,\"params\":{},\"pk\":false,\"query\":false,\"queryType\":\"EQ\",\"required\":true,\"sort\":3,\"superColumn\":false,\"tableId\":17,\"updateBy\":\"\",\"updateTime\":\"2024-07-05 23:35:29\",\"usableColumn\":false},{\"capJavaField\":\"TotalQuantity\",\"columnComment\":\"总剩余量\",\"columnId\":90,\"columnName\":\"total_quantity\",\"columnType\":\"int\",\"createBy\":\"admin\",\"createTime\":\"2024-07-05 21:52:28\",\"dictType\":\"\",\"edit\":true,\"htmlType\":\"input\",\"increment\":false,\"insert\":true,\"isEdit\"', '{\"msg\":\"操作成功\",\"code\":200}', 0, NULL, '2024-07-05 23:37:47', 37);
INSERT INTO `sys_oper_log` VALUES (153, '代码生成', 2, 'com.ruoyi.gen.controller.GenController.editSave()', 'PUT', 1, 'admin', NULL, '/gen', '127.0.0.1', '', '{\"businessName\":\"reviews\",\"className\":\"NonstarhotelReviews\",\"columns\":[{\"capJavaField\":\"Id\",\"columnComment\":\"非星级酒店评价id\",\"columnId\":100,\"columnName\":\"id\",\"columnType\":\"int\",\"createBy\":\"admin\",\"createTime\":\"2024-07-05 23:19:38\",\"dictType\":\"\",\"edit\":false,\"htmlType\":\"input\",\"increment\":false,\"insert\":false,\"isIncrement\":\"0\",\"isInsert\":\"0\",\"isPk\":\"1\",\"javaField\":\"id\",\"javaType\":\"Long\",\"list\":false,\"params\":{},\"pk\":true,\"query\":false,\"queryType\":\"EQ\",\"required\":false,\"sort\":1,\"superColumn\":false,\"tableId\":20,\"updateBy\":\"\",\"updateTime\":\"2024-07-05 23:35:21\",\"usableColumn\":false},{\"capJavaField\":\"HotelId\",\"columnComment\":\"酒店id\",\"columnId\":101,\"columnName\":\"hotel_id\",\"columnType\":\"int\",\"createBy\":\"admin\",\"createTime\":\"2024-07-05 23:19:38\",\"dictType\":\"\",\"edit\":true,\"htmlType\":\"input\",\"increment\":false,\"insert\":true,\"isEdit\":\"1\",\"isIncrement\":\"0\",\"isInsert\":\"1\",\"isList\":\"1\",\"isPk\":\"0\",\"isQuery\":\"1\",\"javaField\":\"hotelId\",\"javaType\":\"Long\",\"list\":true,\"params\":{},\"pk\":false,\"query\":true,\"queryType\":\"EQ\",\"required\":false,\"sort\":2,\"superColumn\":false,\"tableId\":20,\"updateBy\":\"\",\"updateTime\":\"2024-07-05 23:35:21\",\"usableColumn\":false},{\"capJavaField\":\"Content\",\"columnComment\":\"内容\",\"columnId\":102,\"columnName\":\"content\",\"columnType\":\"varchar(255)\",\"createBy\":\"admin\",\"createTime\":\"2024-07-05 23:19:38\",\"dictType\":\"\",\"edit\":true,\"htmlType\":\"editor\",\"increment\":false,\"insert\":true,\"isEdit\":\"1\",\"isIncrement\":\"0\",\"isInsert\":\"1\",\"isList\":\"1\",\"isPk\":\"0\",\"isQuery\":\"0\",\"isRequired\":\"1\",\"javaField\":\"content\",\"javaType\":\"String\",\"list\":true,\"params\":{},\"pk\":false,\"query\":false,\"queryType\":\"EQ\",\"required\":true,\"sort\":3,\"superColumn\":false,\"tableId\":20,\"updateBy\":\"\",\"updateTime\":\"2024-07-05 23:35:21\",\"usableColumn\":false},{\"capJavaField\":\"GuestId\",\"columnComment\":\"用户id\",\"columnId\":103,\"columnName\":\"guest_id\",\"columnType\":\"bigint\",\"createBy\":\"admin\",\"createTime\":\"2024-07-05 23:19:38\",\"dictType\":\"\",\"edit\":true,\"htmlType\":\"input\",\"increment\":false,\"insert\":true,\"isEdit\":\"1\",\"isIncrement\":\"0\",\"isInser', '{\"msg\":\"操作成功\",\"code\":200}', 0, NULL, '2024-07-05 23:37:54', 40);
INSERT INTO `sys_oper_log` VALUES (154, '代码生成', 2, 'com.ruoyi.gen.controller.GenController.editSave()', 'PUT', 1, 'admin', NULL, '/gen', '127.0.0.1', '', '{\"businessName\":\"starhotelreviews\",\"className\":\"Starhotelreviews\",\"columns\":[{\"capJavaField\":\"Id\",\"columnComment\":\"星级酒店评价id\",\"columnId\":105,\"columnName\":\"id\",\"columnType\":\"int\",\"createBy\":\"admin\",\"createTime\":\"2024-07-05 23:19:38\",\"dictType\":\"\",\"edit\":false,\"htmlType\":\"input\",\"increment\":false,\"insert\":false,\"isIncrement\":\"0\",\"isInsert\":\"0\",\"isPk\":\"1\",\"javaField\":\"id\",\"javaType\":\"Long\",\"list\":false,\"params\":{},\"pk\":true,\"query\":false,\"queryType\":\"EQ\",\"required\":false,\"sort\":1,\"superColumn\":false,\"tableId\":21,\"updateBy\":\"\",\"updateTime\":\"2024-07-05 23:35:12\",\"usableColumn\":false},{\"capJavaField\":\"HotelId\",\"columnComment\":\"酒店id\",\"columnId\":106,\"columnName\":\"hotel_id\",\"columnType\":\"int\",\"createBy\":\"admin\",\"createTime\":\"2024-07-05 23:19:38\",\"dictType\":\"\",\"edit\":true,\"htmlType\":\"input\",\"increment\":false,\"insert\":true,\"isEdit\":\"1\",\"isIncrement\":\"0\",\"isInsert\":\"1\",\"isList\":\"1\",\"isPk\":\"0\",\"isQuery\":\"1\",\"javaField\":\"hotelId\",\"javaType\":\"Long\",\"list\":true,\"params\":{},\"pk\":false,\"query\":true,\"queryType\":\"EQ\",\"required\":false,\"sort\":2,\"superColumn\":false,\"tableId\":21,\"updateBy\":\"\",\"updateTime\":\"2024-07-05 23:35:12\",\"usableColumn\":false},{\"capJavaField\":\"Content\",\"columnComment\":\"内容\",\"columnId\":107,\"columnName\":\"content\",\"columnType\":\"varchar(255)\",\"createBy\":\"admin\",\"createTime\":\"2024-07-05 23:19:38\",\"dictType\":\"\",\"edit\":true,\"htmlType\":\"editor\",\"increment\":false,\"insert\":true,\"isEdit\":\"1\",\"isIncrement\":\"0\",\"isInsert\":\"1\",\"isList\":\"1\",\"isPk\":\"0\",\"isQuery\":\"0\",\"isRequired\":\"1\",\"javaField\":\"content\",\"javaType\":\"String\",\"list\":true,\"params\":{},\"pk\":false,\"query\":false,\"queryType\":\"EQ\",\"required\":true,\"sort\":3,\"superColumn\":false,\"tableId\":21,\"updateBy\":\"\",\"updateTime\":\"2024-07-05 23:35:12\",\"usableColumn\":false},{\"capJavaField\":\"GuestId\",\"columnComment\":\"用户id\",\"columnId\":108,\"columnName\":\"guest_id\",\"columnType\":\"bigint\",\"createBy\":\"admin\",\"createTime\":\"2024-07-05 23:19:38\",\"dictType\":\"\",\"edit\":true,\"htmlType\":\"input\",\"increment\":false,\"insert\":true,\"isEdit\":\"1\",\"isIncrement\":\"0\",\"is', '{\"msg\":\"操作成功\",\"code\":200}', 0, NULL, '2024-07-05 23:37:58', 43);
INSERT INTO `sys_oper_log` VALUES (155, '代码生成', 6, 'com.ruoyi.gen.controller.GenController.importTableSave()', 'POST', 1, 'admin', NULL, '/gen/importTable', '127.0.0.1', '', '{\"tables\":\"starbookings,nonstarbookings\"}', '{\"msg\":\"操作成功\",\"code\":200}', 0, NULL, '2024-07-05 23:40:06', 50);
INSERT INTO `sys_oper_log` VALUES (156, '代码生成', 2, 'com.ruoyi.gen.controller.GenController.editSave()', 'PUT', 1, 'admin', NULL, '/gen', '127.0.0.1', '', '{\"businessName\":\"nonstarbookings\",\"className\":\"Nonstarbookings\",\"columns\":[{\"capJavaField\":\"Id\",\"columnComment\":\"非星级酒店预定id\",\"columnId\":110,\"columnName\":\"id\",\"columnType\":\"int\",\"createBy\":\"admin\",\"createTime\":\"2024-07-05 23:40:05\",\"dictType\":\"\",\"edit\":false,\"htmlType\":\"input\",\"increment\":false,\"insert\":false,\"isIncrement\":\"0\",\"isInsert\":\"0\",\"isPk\":\"1\",\"javaField\":\"id\",\"javaType\":\"Long\",\"list\":false,\"params\":{},\"pk\":true,\"query\":false,\"queryType\":\"EQ\",\"required\":false,\"sort\":1,\"superColumn\":false,\"tableId\":22,\"updateBy\":\"\",\"usableColumn\":false},{\"capJavaField\":\"HotelId\",\"columnComment\":\"酒店id\",\"columnId\":111,\"columnName\":\"hotel_id\",\"columnType\":\"int\",\"createBy\":\"admin\",\"createTime\":\"2024-07-05 23:40:05\",\"dictType\":\"\",\"edit\":true,\"htmlType\":\"input\",\"increment\":false,\"insert\":true,\"isEdit\":\"1\",\"isIncrement\":\"0\",\"isInsert\":\"1\",\"isList\":\"1\",\"isPk\":\"0\",\"isQuery\":\"1\",\"isRequired\":\"1\",\"javaField\":\"hotelId\",\"javaType\":\"Long\",\"list\":true,\"params\":{},\"pk\":false,\"query\":true,\"queryType\":\"EQ\",\"required\":true,\"sort\":2,\"superColumn\":false,\"tableId\":22,\"updateBy\":\"\",\"usableColumn\":false},{\"capJavaField\":\"RoomTypeId\",\"columnComment\":\"房型id\",\"columnId\":112,\"columnName\":\"room_type_id\",\"columnType\":\"int\",\"createBy\":\"admin\",\"createTime\":\"2024-07-05 23:40:05\",\"dictType\":\"\",\"edit\":true,\"htmlType\":\"input\",\"increment\":false,\"insert\":true,\"isEdit\":\"1\",\"isIncrement\":\"0\",\"isInsert\":\"1\",\"isList\":\"1\",\"isPk\":\"0\",\"isQuery\":\"0\",\"isRequired\":\"1\",\"javaField\":\"roomTypeId\",\"javaType\":\"Long\",\"list\":true,\"params\":{},\"pk\":false,\"query\":false,\"queryType\":\"EQ\",\"required\":true,\"sort\":3,\"superColumn\":false,\"tableId\":22,\"updateBy\":\"\",\"usableColumn\":false},{\"capJavaField\":\"GuestName\",\"columnComment\":\"用户id\",\"columnId\":113,\"columnName\":\"guest_name\",\"columnType\":\"bigint\",\"createBy\":\"admin\",\"createTime\":\"2024-07-05 23:40:05\",\"dictType\":\"\",\"edit\":true,\"htmlType\":\"input\",\"increment\":false,\"insert\":true,\"isEdit\":\"1\",\"isIncrement\":\"0\",\"isInsert\":\"1\",\"isList\":\"1\",\"isPk\":\"0\",\"isQuery\":\"1\",\"isRequired\":\"1\",\"javaField\":\"guest', '{\"msg\":\"操作成功\",\"code\":200}', 0, NULL, '2024-07-05 23:42:41', 43);
INSERT INTO `sys_oper_log` VALUES (157, '代码生成', 2, 'com.ruoyi.gen.controller.GenController.editSave()', 'PUT', 1, 'admin', NULL, '/gen', '127.0.0.1', '', '{\"businessName\":\"starbookings\",\"className\":\"Starbookings\",\"columns\":[{\"capJavaField\":\"Id\",\"columnComment\":\"星级酒店预定id\",\"columnId\":116,\"columnName\":\"id\",\"columnType\":\"int\",\"createBy\":\"admin\",\"createTime\":\"2024-07-05 23:40:05\",\"dictType\":\"\",\"edit\":false,\"htmlType\":\"input\",\"increment\":false,\"insert\":false,\"isIncrement\":\"0\",\"isInsert\":\"0\",\"isPk\":\"1\",\"javaField\":\"id\",\"javaType\":\"Long\",\"list\":false,\"params\":{},\"pk\":true,\"query\":false,\"queryType\":\"EQ\",\"required\":false,\"sort\":1,\"superColumn\":false,\"tableId\":23,\"updateBy\":\"\",\"usableColumn\":false},{\"capJavaField\":\"HotelId\",\"columnComment\":\"酒店id\",\"columnId\":117,\"columnName\":\"hotel_id\",\"columnType\":\"int\",\"createBy\":\"admin\",\"createTime\":\"2024-07-05 23:40:05\",\"dictType\":\"\",\"edit\":true,\"htmlType\":\"input\",\"increment\":false,\"insert\":true,\"isEdit\":\"1\",\"isIncrement\":\"0\",\"isInsert\":\"1\",\"isList\":\"1\",\"isPk\":\"0\",\"isQuery\":\"1\",\"isRequired\":\"1\",\"javaField\":\"hotelId\",\"javaType\":\"Long\",\"list\":true,\"params\":{},\"pk\":false,\"query\":true,\"queryType\":\"EQ\",\"required\":true,\"sort\":2,\"superColumn\":false,\"tableId\":23,\"updateBy\":\"\",\"usableColumn\":false},{\"capJavaField\":\"RoomTypeId\",\"columnComment\":\"房型id\",\"columnId\":118,\"columnName\":\"room_type_id\",\"columnType\":\"int\",\"createBy\":\"admin\",\"createTime\":\"2024-07-05 23:40:05\",\"dictType\":\"\",\"edit\":true,\"htmlType\":\"input\",\"increment\":false,\"insert\":true,\"isEdit\":\"1\",\"isIncrement\":\"0\",\"isInsert\":\"1\",\"isList\":\"1\",\"isPk\":\"0\",\"isQuery\":\"0\",\"isRequired\":\"1\",\"javaField\":\"roomTypeId\",\"javaType\":\"Long\",\"list\":true,\"params\":{},\"pk\":false,\"query\":false,\"queryType\":\"EQ\",\"required\":true,\"sort\":3,\"superColumn\":false,\"tableId\":23,\"updateBy\":\"\",\"usableColumn\":false},{\"capJavaField\":\"GuestName\",\"columnComment\":\"用户id\",\"columnId\":119,\"columnName\":\"guest_name\",\"columnType\":\"bigint\",\"createBy\":\"admin\",\"createTime\":\"2024-07-05 23:40:05\",\"dictType\":\"\",\"edit\":true,\"htmlType\":\"input\",\"increment\":false,\"insert\":true,\"isEdit\":\"1\",\"isIncrement\":\"0\",\"isInsert\":\"1\",\"isList\":\"1\",\"isPk\":\"0\",\"isQuery\":\"1\",\"isRequired\":\"1\",\"javaField\":\"guestName\",\"', '{\"msg\":\"操作成功\",\"code\":200}', 0, NULL, '2024-07-05 23:44:05', 13);
INSERT INTO `sys_oper_log` VALUES (158, '代码生成', 8, 'com.ruoyi.gen.controller.GenController.batchGenCode()', 'GET', 1, 'admin', NULL, '/gen/batchGenCode', '127.0.0.1', '', '{\"tables\":\"nonstarmarketingrecords,nonstarroomtypes,starhotels,starmarketingrecords,starroomtypes,nonstarhotels,nonstarhotel_reviews,starhotelreviews,nonstarbookings,starbookings\"}', NULL, 0, NULL, '2024-07-05 23:44:31', 756);
INSERT INTO `sys_oper_log` VALUES (159, '代码生成', 2, 'com.ruoyi.gen.controller.GenController.editSave()', 'PUT', 1, 'admin', NULL, '/gen', '127.0.0.1', '', '{\"businessName\":\"complaints\",\"className\":\"Complaints\",\"columns\":[{\"capJavaField\":\"Id\",\"columnComment\":\"投诉id\",\"columnId\":49,\"columnName\":\"id\",\"columnType\":\"int\",\"createBy\":\"admin\",\"createTime\":\"2024-07-05 21:52:28\",\"dictType\":\"\",\"edit\":false,\"htmlType\":\"input\",\"increment\":false,\"insert\":false,\"isIncrement\":\"0\",\"isInsert\":\"0\",\"isPk\":\"1\",\"javaField\":\"id\",\"javaType\":\"Long\",\"list\":false,\"params\":{},\"pk\":true,\"query\":false,\"queryType\":\"EQ\",\"required\":false,\"sort\":1,\"superColumn\":false,\"tableId\":10,\"updateBy\":\"\",\"usableColumn\":false},{\"capJavaField\":\"Content\",\"columnComment\":\"内容\",\"columnId\":50,\"columnName\":\"content\",\"columnType\":\"text\",\"createBy\":\"admin\",\"createTime\":\"2024-07-05 21:52:28\",\"dictType\":\"\",\"edit\":true,\"htmlType\":\"editor\",\"increment\":false,\"insert\":true,\"isEdit\":\"1\",\"isIncrement\":\"0\",\"isInsert\":\"1\",\"isList\":\"1\",\"isPk\":\"0\",\"isQuery\":\"1\",\"isRequired\":\"1\",\"javaField\":\"content\",\"javaType\":\"String\",\"list\":true,\"params\":{},\"pk\":false,\"query\":true,\"queryType\":\"EQ\",\"required\":true,\"sort\":2,\"superColumn\":false,\"tableId\":10,\"updateBy\":\"\",\"usableColumn\":false},{\"capJavaField\":\"SubmitTime\",\"columnComment\":\"提交时间\",\"columnId\":51,\"columnName\":\"submit_time\",\"columnType\":\"datetime\",\"createBy\":\"admin\",\"createTime\":\"2024-07-05 21:52:28\",\"dictType\":\"\",\"edit\":true,\"htmlType\":\"datetime\",\"increment\":false,\"insert\":true,\"isEdit\":\"1\",\"isIncrement\":\"0\",\"isInsert\":\"1\",\"isList\":\"1\",\"isPk\":\"0\",\"isQuery\":\"1\",\"isRequired\":\"1\",\"javaField\":\"submitTime\",\"javaType\":\"Date\",\"list\":true,\"params\":{},\"pk\":false,\"query\":true,\"queryType\":\"EQ\",\"required\":true,\"sort\":3,\"superColumn\":false,\"tableId\":10,\"updateBy\":\"\",\"usableColumn\":false},{\"capJavaField\":\"Status\",\"columnComment\":\"0为待审批，1为已经审批待处理，2为已处理待确认，3为已经结案\",\"columnId\":52,\"columnName\":\"status\",\"columnType\":\"int\",\"createBy\":\"admin\",\"createTime\":\"2024-07-05 21:52:28\",\"dictType\":\"\",\"edit\":true,\"htmlType\":\"radio\",\"increment\":false,\"insert\":true,\"isEdit\":\"1\",\"isIncrement\":\"0\",\"isInsert\":\"1\",\"isList\":\"1\",\"isPk\":\"0\",\"isQuery\":\"1\",\"isRequired\":\"1\",\"javaField\":\"', '{\"msg\":\"操作成功\",\"code\":200}', 0, NULL, '2024-07-05 23:50:24', 53);
INSERT INTO `sys_oper_log` VALUES (160, '代码生成', 2, 'com.ruoyi.gen.controller.GenController.editSave()', 'PUT', 1, 'admin', NULL, '/gen', '127.0.0.1', '', '{\"businessName\":\"handlingresults\",\"className\":\"Handlingresults\",\"columns\":[{\"capJavaField\":\"Id\",\"columnComment\":\"处理结果id\",\"columnId\":71,\"columnName\":\"id\",\"columnType\":\"int\",\"createBy\":\"admin\",\"createTime\":\"2024-07-05 21:52:28\",\"dictType\":\"\",\"edit\":false,\"htmlType\":\"input\",\"increment\":false,\"insert\":false,\"isIncrement\":\"0\",\"isInsert\":\"0\",\"isPk\":\"1\",\"javaField\":\"id\",\"javaType\":\"Long\",\"list\":false,\"params\":{},\"pk\":true,\"query\":false,\"queryType\":\"EQ\",\"required\":false,\"sort\":1,\"superColumn\":false,\"tableId\":14,\"updateBy\":\"\",\"usableColumn\":false},{\"capJavaField\":\"ComplaintId\",\"columnComment\":\"投诉id\",\"columnId\":72,\"columnName\":\"complaint_id\",\"columnType\":\"int\",\"createBy\":\"admin\",\"createTime\":\"2024-07-05 21:52:28\",\"dictType\":\"\",\"edit\":true,\"htmlType\":\"input\",\"increment\":false,\"insert\":true,\"isEdit\":\"1\",\"isIncrement\":\"0\",\"isInsert\":\"1\",\"isList\":\"1\",\"isPk\":\"0\",\"isQuery\":\"1\",\"isRequired\":\"1\",\"javaField\":\"complaintId\",\"javaType\":\"Long\",\"list\":true,\"params\":{},\"pk\":false,\"query\":true,\"queryType\":\"EQ\",\"required\":true,\"sort\":2,\"superColumn\":false,\"tableId\":14,\"updateBy\":\"\",\"usableColumn\":false},{\"capJavaField\":\"Result\",\"columnComment\":\"结果\",\"columnId\":73,\"columnName\":\"result\",\"columnType\":\"text\",\"createBy\":\"admin\",\"createTime\":\"2024-07-05 21:52:28\",\"dictType\":\"\",\"edit\":true,\"htmlType\":\"textarea\",\"increment\":false,\"insert\":true,\"isEdit\":\"1\",\"isIncrement\":\"0\",\"isInsert\":\"1\",\"isList\":\"1\",\"isPk\":\"0\",\"isQuery\":\"0\",\"isRequired\":\"1\",\"javaField\":\"result\",\"javaType\":\"String\",\"list\":true,\"params\":{},\"pk\":false,\"query\":false,\"queryType\":\"EQ\",\"required\":true,\"sort\":3,\"superColumn\":false,\"tableId\":14,\"updateBy\":\"\",\"usableColumn\":false},{\"capJavaField\":\"HandleTime\",\"columnComment\":\"处理时间\",\"columnId\":74,\"columnName\":\"handle_time\",\"columnType\":\"datetime\",\"createBy\":\"admin\",\"createTime\":\"2024-07-05 21:52:28\",\"dictType\":\"\",\"edit\":true,\"htmlType\":\"datetime\",\"increment\":false,\"insert\":true,\"isEdit\":\"1\",\"isIncrement\":\"0\",\"isInsert\":\"1\",\"isList\":\"1\",\"isPk\":\"0\",\"isQuery\":\"0\",\"isRequired\":\"1\",\"javaField\":\"han', '{\"msg\":\"操作成功\",\"code\":200}', 0, NULL, '2024-07-05 23:52:22', 43);
INSERT INTO `sys_oper_log` VALUES (161, '代码生成', 2, 'com.ruoyi.gen.controller.GenController.editSave()', 'PUT', 1, 'admin', NULL, '/gen', '127.0.0.1', '', '{\"businessName\":\"complaints\",\"className\":\"Complaints\",\"columns\":[{\"capJavaField\":\"Id\",\"columnComment\":\"投诉id\",\"columnId\":49,\"columnName\":\"id\",\"columnType\":\"int\",\"createBy\":\"admin\",\"createTime\":\"2024-07-05 21:52:28\",\"dictType\":\"\",\"edit\":false,\"htmlType\":\"input\",\"increment\":false,\"insert\":false,\"isIncrement\":\"0\",\"isInsert\":\"0\",\"isPk\":\"1\",\"javaField\":\"id\",\"javaType\":\"Long\",\"list\":false,\"params\":{},\"pk\":true,\"query\":false,\"queryType\":\"EQ\",\"required\":false,\"sort\":1,\"superColumn\":false,\"tableId\":10,\"updateBy\":\"\",\"updateTime\":\"2024-07-05 23:50:24\",\"usableColumn\":false},{\"capJavaField\":\"Content\",\"columnComment\":\"内容\",\"columnId\":50,\"columnName\":\"content\",\"columnType\":\"text\",\"createBy\":\"admin\",\"createTime\":\"2024-07-05 21:52:28\",\"dictType\":\"\",\"edit\":true,\"htmlType\":\"editor\",\"increment\":false,\"insert\":true,\"isEdit\":\"1\",\"isIncrement\":\"0\",\"isInsert\":\"1\",\"isList\":\"1\",\"isPk\":\"0\",\"isQuery\":\"1\",\"isRequired\":\"1\",\"javaField\":\"content\",\"javaType\":\"String\",\"list\":true,\"params\":{},\"pk\":false,\"query\":true,\"queryType\":\"EQ\",\"required\":true,\"sort\":2,\"superColumn\":false,\"tableId\":10,\"updateBy\":\"\",\"updateTime\":\"2024-07-05 23:50:24\",\"usableColumn\":false},{\"capJavaField\":\"SubmitTime\",\"columnComment\":\"提交时间\",\"columnId\":51,\"columnName\":\"submit_time\",\"columnType\":\"datetime\",\"createBy\":\"admin\",\"createTime\":\"2024-07-05 21:52:28\",\"dictType\":\"\",\"edit\":true,\"htmlType\":\"datetime\",\"increment\":false,\"insert\":true,\"isEdit\":\"1\",\"isIncrement\":\"0\",\"isInsert\":\"1\",\"isList\":\"1\",\"isPk\":\"0\",\"isQuery\":\"1\",\"isRequired\":\"1\",\"javaField\":\"submitTime\",\"javaType\":\"Date\",\"list\":true,\"params\":{},\"pk\":false,\"query\":true,\"queryType\":\"EQ\",\"required\":true,\"sort\":3,\"superColumn\":false,\"tableId\":10,\"updateBy\":\"\",\"updateTime\":\"2024-07-05 23:50:24\",\"usableColumn\":false},{\"capJavaField\":\"Status\",\"columnComment\":\"0为待审批，1为已经审批待处理，2为已处理待确认，3为已经结案\",\"columnId\":52,\"columnName\":\"status\",\"columnType\":\"int\",\"createBy\":\"admin\",\"createTime\":\"2024-07-05 21:52:28\",\"dictType\":\"\",\"edit\":true,\"htmlType\":\"radio\",\"increment\":false,\"insert\":true,\"isEdit\":', '{\"msg\":\"操作成功\",\"code\":200}', 0, NULL, '2024-07-05 23:52:35', 44);
INSERT INTO `sys_oper_log` VALUES (162, '代码生成', 2, 'com.ruoyi.gen.controller.GenController.editSave()', 'PUT', 1, 'admin', NULL, '/gen', '127.0.0.1', '', '{\"businessName\":\"handlingresults\",\"className\":\"Handlingresults\",\"columns\":[{\"capJavaField\":\"Id\",\"columnComment\":\"处理结果id\",\"columnId\":71,\"columnName\":\"id\",\"columnType\":\"int\",\"createBy\":\"admin\",\"createTime\":\"2024-07-05 21:52:28\",\"dictType\":\"\",\"edit\":false,\"htmlType\":\"input\",\"increment\":false,\"insert\":false,\"isIncrement\":\"0\",\"isInsert\":\"0\",\"isPk\":\"1\",\"javaField\":\"id\",\"javaType\":\"Long\",\"list\":false,\"params\":{},\"pk\":true,\"query\":false,\"queryType\":\"EQ\",\"required\":false,\"sort\":1,\"superColumn\":false,\"tableId\":14,\"updateBy\":\"\",\"updateTime\":\"2024-07-05 23:52:22\",\"usableColumn\":false},{\"capJavaField\":\"ComplaintId\",\"columnComment\":\"投诉id\",\"columnId\":72,\"columnName\":\"complaint_id\",\"columnType\":\"int\",\"createBy\":\"admin\",\"createTime\":\"2024-07-05 21:52:28\",\"dictType\":\"\",\"edit\":true,\"htmlType\":\"input\",\"increment\":false,\"insert\":true,\"isEdit\":\"1\",\"isIncrement\":\"0\",\"isInsert\":\"1\",\"isList\":\"1\",\"isPk\":\"0\",\"isQuery\":\"1\",\"isRequired\":\"1\",\"javaField\":\"complaintId\",\"javaType\":\"Long\",\"list\":true,\"params\":{},\"pk\":false,\"query\":true,\"queryType\":\"EQ\",\"required\":true,\"sort\":2,\"superColumn\":false,\"tableId\":14,\"updateBy\":\"\",\"updateTime\":\"2024-07-05 23:52:22\",\"usableColumn\":false},{\"capJavaField\":\"Result\",\"columnComment\":\"结果\",\"columnId\":73,\"columnName\":\"result\",\"columnType\":\"text\",\"createBy\":\"admin\",\"createTime\":\"2024-07-05 21:52:28\",\"dictType\":\"\",\"edit\":true,\"htmlType\":\"textarea\",\"increment\":false,\"insert\":true,\"isEdit\":\"1\",\"isIncrement\":\"0\",\"isInsert\":\"1\",\"isList\":\"1\",\"isPk\":\"0\",\"isQuery\":\"0\",\"isRequired\":\"1\",\"javaField\":\"result\",\"javaType\":\"String\",\"list\":true,\"params\":{},\"pk\":false,\"query\":false,\"queryType\":\"EQ\",\"required\":true,\"sort\":3,\"superColumn\":false,\"tableId\":14,\"updateBy\":\"\",\"updateTime\":\"2024-07-05 23:52:22\",\"usableColumn\":false},{\"capJavaField\":\"HandleTime\",\"columnComment\":\"处理时间\",\"columnId\":74,\"columnName\":\"handle_time\",\"columnType\":\"datetime\",\"createBy\":\"admin\",\"createTime\":\"2024-07-05 21:52:28\",\"dictType\":\"\",\"edit\":true,\"htmlType\":\"datetime\",\"increment\":false,\"insert\":true,\"isEdit\":\"1\"', '{\"msg\":\"操作成功\",\"code\":200}', 0, NULL, '2024-07-05 23:52:53', 43);
INSERT INTO `sys_oper_log` VALUES (163, '代码生成', 2, 'com.ruoyi.gen.controller.GenController.editSave()', 'PUT', 1, 'admin', NULL, '/gen', '127.0.0.1', '', '{\"businessName\":\"feedbackresults\",\"className\":\"Feedbackresults\",\"columns\":[{\"capJavaField\":\"Id\",\"columnComment\":\"投诉处理结果反馈id\",\"columnId\":68,\"columnName\":\"id\",\"columnType\":\"int\",\"createBy\":\"admin\",\"createTime\":\"2024-07-05 21:52:28\",\"dictType\":\"\",\"edit\":false,\"htmlType\":\"input\",\"increment\":false,\"insert\":false,\"isIncrement\":\"0\",\"isInsert\":\"0\",\"isPk\":\"1\",\"javaField\":\"id\",\"javaType\":\"Long\",\"list\":false,\"params\":{},\"pk\":true,\"query\":false,\"queryType\":\"EQ\",\"required\":false,\"sort\":1,\"superColumn\":false,\"tableId\":13,\"updateBy\":\"\",\"usableColumn\":false},{\"capJavaField\":\"HandleResultId\",\"columnComment\":\"处理结果id\",\"columnId\":69,\"columnName\":\"handle_result_id\",\"columnType\":\"int\",\"createBy\":\"admin\",\"createTime\":\"2024-07-05 21:52:28\",\"dictType\":\"\",\"edit\":true,\"htmlType\":\"input\",\"increment\":false,\"insert\":true,\"isEdit\":\"1\",\"isIncrement\":\"0\",\"isInsert\":\"1\",\"isList\":\"1\",\"isPk\":\"0\",\"isQuery\":\"1\",\"isRequired\":\"1\",\"javaField\":\"handleResultId\",\"javaType\":\"Long\",\"list\":true,\"params\":{},\"pk\":false,\"query\":true,\"queryType\":\"EQ\",\"required\":true,\"sort\":2,\"superColumn\":false,\"tableId\":13,\"updateBy\":\"\",\"usableColumn\":false},{\"capJavaField\":\"Rating\",\"columnComment\":\"评分\",\"columnId\":70,\"columnName\":\"rating\",\"columnType\":\"int\",\"createBy\":\"admin\",\"createTime\":\"2024-07-05 21:52:28\",\"dictType\":\"\",\"edit\":true,\"htmlType\":\"input\",\"increment\":false,\"insert\":true,\"isEdit\":\"1\",\"isIncrement\":\"0\",\"isInsert\":\"1\",\"isList\":\"1\",\"isPk\":\"0\",\"isQuery\":\"1\",\"isRequired\":\"1\",\"javaField\":\"rating\",\"javaType\":\"Long\",\"list\":true,\"params\":{},\"pk\":false,\"query\":true,\"queryType\":\"EQ\",\"required\":true,\"sort\":3,\"superColumn\":false,\"tableId\":13,\"updateBy\":\"\",\"usableColumn\":false}],\"crud\":true,\"functionAuthor\":\"ningf\",\"functionName\":\"投诉处理结果反馈\",\"genPath\":\"/\",\"genType\":\"0\",\"moduleName\":\"complaint\",\"options\":\"{\\\"parentMenuId\\\":2000}\",\"packageName\":\"com.ningf.complaint\",\"params\":{\"parentMenuId\":2000},\"parentMenuId\":\"2000\",\"sub\":false,\"tableComment\":\"投诉处理反馈\",\"tableId\":13,\"tableName\":\"feedbackresults\",\"tplCategory\":\"crud\",\"tplWebType\":\"ele', '{\"msg\":\"操作成功\",\"code\":200}', 0, NULL, '2024-07-05 23:54:50', 42);
INSERT INTO `sys_oper_log` VALUES (164, '代码生成', 8, 'com.ruoyi.gen.controller.GenController.batchGenCode()', 'GET', 1, 'admin', NULL, '/gen/batchGenCode', '127.0.0.1', '', '{\"tables\":\"complaints,feedbackresults,handlingresults\"}', NULL, 0, NULL, '2024-07-05 23:55:51', 70);
INSERT INTO `sys_oper_log` VALUES (165, '代码生成', 2, 'com.ruoyi.gen.controller.GenController.editSave()', 'PUT', 1, 'admin', NULL, '/gen', '127.0.0.1', '', '{\"businessName\":\"scenicareas\",\"className\":\"Scenicareas\",\"columns\":[{\"capJavaField\":\"Id\",\"columnComment\":\"景区id\",\"columnId\":18,\"columnName\":\"id\",\"columnType\":\"int\",\"createBy\":\"admin\",\"createTime\":\"2024-07-05 21:51:15\",\"dictType\":\"\",\"edit\":false,\"htmlType\":\"input\",\"increment\":false,\"insert\":false,\"isIncrement\":\"0\",\"isInsert\":\"0\",\"isPk\":\"1\",\"javaField\":\"id\",\"javaType\":\"Long\",\"list\":false,\"params\":{},\"pk\":true,\"query\":false,\"queryType\":\"EQ\",\"required\":false,\"sort\":1,\"superColumn\":false,\"tableId\":4,\"updateBy\":\"\",\"usableColumn\":false},{\"capJavaField\":\"City\",\"columnComment\":\"城市\",\"columnId\":19,\"columnName\":\"city\",\"columnType\":\"varchar(255)\",\"createBy\":\"admin\",\"createTime\":\"2024-07-05 21:51:15\",\"dictType\":\"\",\"edit\":true,\"htmlType\":\"input\",\"increment\":false,\"insert\":true,\"isEdit\":\"1\",\"isIncrement\":\"0\",\"isInsert\":\"1\",\"isList\":\"1\",\"isPk\":\"0\",\"isQuery\":\"1\",\"isRequired\":\"1\",\"javaField\":\"city\",\"javaType\":\"String\",\"list\":true,\"params\":{},\"pk\":false,\"query\":true,\"queryType\":\"EQ\",\"required\":true,\"sort\":2,\"superColumn\":false,\"tableId\":4,\"updateBy\":\"\",\"usableColumn\":false},{\"capJavaField\":\"Name\",\"columnComment\":\"景区名称\",\"columnId\":20,\"columnName\":\"name\",\"columnType\":\"varchar(255)\",\"createBy\":\"admin\",\"createTime\":\"2024-07-05 21:51:15\",\"dictType\":\"\",\"edit\":true,\"htmlType\":\"input\",\"increment\":false,\"insert\":true,\"isEdit\":\"1\",\"isIncrement\":\"0\",\"isInsert\":\"1\",\"isList\":\"1\",\"isPk\":\"0\",\"isQuery\":\"1\",\"isRequired\":\"1\",\"javaField\":\"name\",\"javaType\":\"String\",\"list\":true,\"params\":{},\"pk\":false,\"query\":true,\"queryType\":\"LIKE\",\"required\":true,\"sort\":3,\"superColumn\":false,\"tableId\":4,\"updateBy\":\"\",\"usableColumn\":false},{\"capJavaField\":\"Address\",\"columnComment\":\"地址\",\"columnId\":21,\"columnName\":\"address\",\"columnType\":\"varchar(255)\",\"createBy\":\"admin\",\"createTime\":\"2024-07-05 21:51:15\",\"dictType\":\"\",\"edit\":true,\"htmlType\":\"input\",\"increment\":false,\"insert\":true,\"isEdit\":\"1\",\"isIncrement\":\"0\",\"isInsert\":\"1\",\"isList\":\"1\",\"isPk\":\"0\",\"isQuery\":\"1\",\"isRequired\":\"1\",\"javaField\":\"address\",\"javaType\":\"String\",\"list\"', '{\"msg\":\"操作成功\",\"code\":200}', 0, NULL, '2024-07-05 23:57:50', 17);
INSERT INTO `sys_oper_log` VALUES (166, '代码生成', 3, 'com.ruoyi.gen.controller.GenController.remove()', 'DELETE', 1, 'admin', NULL, '/gen/19', '127.0.0.1', '', '{}', '{\"msg\":\"操作成功\",\"code\":200}', 0, NULL, '2024-07-05 23:58:39', 43);
INSERT INTO `sys_oper_log` VALUES (167, '代码生成', 6, 'com.ruoyi.gen.controller.GenController.importTableSave()', 'POST', 1, 'admin', NULL, '/gen/importTable', '127.0.0.1', '', '{\"tables\":\"scenicspots\"}', '{\"msg\":\"操作成功\",\"code\":200}', 0, NULL, '2024-07-05 23:59:26', 50);
INSERT INTO `sys_oper_log` VALUES (168, '代码生成', 2, 'com.ruoyi.gen.controller.GenController.editSave()', 'PUT', 1, 'admin', NULL, '/gen', '127.0.0.1', '', '{\"businessName\":\"scenicspots\",\"className\":\"Scenicspots\",\"columns\":[{\"capJavaField\":\"Id\",\"columnComment\":\"景点id\",\"columnId\":122,\"columnName\":\"id\",\"columnType\":\"bigint\",\"createBy\":\"admin\",\"createTime\":\"2024-07-05 23:59:26\",\"dictType\":\"\",\"edit\":false,\"htmlType\":\"input\",\"increment\":false,\"insert\":false,\"isIncrement\":\"0\",\"isInsert\":\"0\",\"isPk\":\"1\",\"javaField\":\"id\",\"javaType\":\"Long\",\"list\":false,\"params\":{},\"pk\":true,\"query\":false,\"queryType\":\"EQ\",\"required\":false,\"sort\":1,\"superColumn\":false,\"tableId\":24,\"updateBy\":\"\",\"usableColumn\":false},{\"capJavaField\":\"ScenicAreaId\",\"columnComment\":\"景区id\",\"columnId\":123,\"columnName\":\"scenic_area_id\",\"columnType\":\"int\",\"createBy\":\"admin\",\"createTime\":\"2024-07-05 23:59:26\",\"dictType\":\"\",\"edit\":true,\"htmlType\":\"input\",\"increment\":false,\"insert\":true,\"isEdit\":\"1\",\"isIncrement\":\"0\",\"isInsert\":\"1\",\"isList\":\"1\",\"isPk\":\"0\",\"isQuery\":\"0\",\"javaField\":\"scenicAreaId\",\"javaType\":\"Long\",\"list\":true,\"params\":{},\"pk\":false,\"query\":false,\"queryType\":\"EQ\",\"required\":false,\"sort\":2,\"superColumn\":false,\"tableId\":24,\"updateBy\":\"\",\"usableColumn\":false},{\"capJavaField\":\"Address\",\"columnComment\":\"地址\",\"columnId\":124,\"columnName\":\"address\",\"columnType\":\"varchar(255)\",\"createBy\":\"admin\",\"createTime\":\"2024-07-05 23:59:26\",\"dictType\":\"\",\"edit\":true,\"htmlType\":\"input\",\"increment\":false,\"insert\":true,\"isEdit\":\"1\",\"isIncrement\":\"0\",\"isInsert\":\"1\",\"isList\":\"1\",\"isPk\":\"0\",\"isQuery\":\"1\",\"isRequired\":\"1\",\"javaField\":\"address\",\"javaType\":\"String\",\"list\":true,\"params\":{},\"pk\":false,\"query\":true,\"queryType\":\"EQ\",\"required\":true,\"sort\":3,\"superColumn\":false,\"tableId\":24,\"updateBy\":\"\",\"usableColumn\":false},{\"capJavaField\":\"Name\",\"columnComment\":\"景点名称\",\"columnId\":125,\"columnName\":\"name\",\"columnType\":\"varchar(50)\",\"createBy\":\"admin\",\"createTime\":\"2024-07-05 23:59:26\",\"dictType\":\"\",\"edit\":true,\"htmlType\":\"input\",\"increment\":false,\"insert\":true,\"isEdit\":\"1\",\"isIncrement\":\"0\",\"isInsert\":\"1\",\"isList\":\"1\",\"isPk\":\"0\",\"isQuery\":\"1\",\"javaField\":\"name\",\"javaType\":\"String\",\"list\":true,\"p', '{\"msg\":\"操作成功\",\"code\":200}', 0, NULL, '2024-07-06 00:00:36', 12);
INSERT INTO `sys_oper_log` VALUES (169, '代码生成', 8, 'com.ruoyi.gen.controller.GenController.batchGenCode()', 'GET', 1, 'admin', NULL, '/gen/batchGenCode', '127.0.0.1', '', '{\"tables\":\"scenicareas,scenicspots\"}', NULL, 0, NULL, '2024-07-06 00:00:55', 46);
INSERT INTO `sys_oper_log` VALUES (170, '代码生成', 2, 'com.ruoyi.gen.controller.GenController.editSave()', 'PUT', 1, 'admin', NULL, '/gen', '127.0.0.1', '', '{\"businessName\":\"performancegroups\",\"className\":\"Performancegroups\",\"columns\":[{\"capJavaField\":\"Id\",\"columnComment\":\"演出团体id\",\"columnId\":11,\"columnName\":\"id\",\"columnType\":\"int\",\"createBy\":\"admin\",\"createTime\":\"2024-07-05 21:51:15\",\"dictType\":\"\",\"edit\":false,\"htmlType\":\"input\",\"increment\":false,\"insert\":false,\"isIncrement\":\"0\",\"isInsert\":\"0\",\"isPk\":\"1\",\"javaField\":\"id\",\"javaType\":\"Long\",\"list\":false,\"params\":{},\"pk\":true,\"query\":false,\"queryType\":\"EQ\",\"required\":false,\"sort\":1,\"superColumn\":false,\"tableId\":3,\"updateBy\":\"\",\"usableColumn\":false},{\"capJavaField\":\"Name\",\"columnComment\":\"团体名称\",\"columnId\":12,\"columnName\":\"name\",\"columnType\":\"varchar(255)\",\"createBy\":\"admin\",\"createTime\":\"2024-07-05 21:51:15\",\"dictType\":\"\",\"edit\":true,\"htmlType\":\"input\",\"increment\":false,\"insert\":true,\"isEdit\":\"1\",\"isIncrement\":\"0\",\"isInsert\":\"1\",\"isList\":\"1\",\"isPk\":\"0\",\"isQuery\":\"1\",\"isRequired\":\"1\",\"javaField\":\"name\",\"javaType\":\"String\",\"list\":true,\"params\":{},\"pk\":false,\"query\":true,\"queryType\":\"LIKE\",\"required\":true,\"sort\":2,\"superColumn\":false,\"tableId\":3,\"updateBy\":\"\",\"usableColumn\":false},{\"capJavaField\":\"StartTime\",\"columnComment\":\"开始时间\",\"columnId\":13,\"columnName\":\"start_time\",\"columnType\":\"datetime\",\"createBy\":\"admin\",\"createTime\":\"2024-07-05 21:51:15\",\"dictType\":\"\",\"edit\":true,\"htmlType\":\"datetime\",\"increment\":false,\"insert\":true,\"isEdit\":\"1\",\"isIncrement\":\"0\",\"isInsert\":\"1\",\"isList\":\"1\",\"isPk\":\"0\",\"isQuery\":\"1\",\"isRequired\":\"1\",\"javaField\":\"startTime\",\"javaType\":\"Date\",\"list\":true,\"params\":{},\"pk\":false,\"query\":true,\"queryType\":\"EQ\",\"required\":true,\"sort\":3,\"superColumn\":false,\"tableId\":3,\"updateBy\":\"\",\"usableColumn\":false},{\"capJavaField\":\"Duration\",\"columnComment\":\"演出单场时长\",\"columnId\":14,\"columnName\":\"duration\",\"columnType\":\"int\",\"createBy\":\"admin\",\"createTime\":\"2024-07-05 21:51:15\",\"dictType\":\"\",\"edit\":true,\"htmlType\":\"input\",\"increment\":false,\"insert\":true,\"isEdit\":\"1\",\"isIncrement\":\"0\",\"isInsert\":\"1\",\"isList\":\"1\",\"isPk\":\"0\",\"isQuery\":\"0\",\"isRequired\":\"1\",\"javaField\":\"duration\"', '{\"msg\":\"操作成功\",\"code\":200}', 0, NULL, '2024-07-06 00:04:37', 22);
INSERT INTO `sys_oper_log` VALUES (171, '代码生成', 2, 'com.ruoyi.gen.controller.GenController.editSave()', 'PUT', 1, 'admin', NULL, '/gen', '127.0.0.1', '', '{\"businessName\":\"diningentertainment\",\"className\":\"Diningentertainment\",\"columns\":[{\"capJavaField\":\"Id\",\"columnComment\":\"餐饮娱乐id\",\"columnId\":56,\"columnName\":\"id\",\"columnType\":\"int\",\"createBy\":\"admin\",\"createTime\":\"2024-07-05 21:52:28\",\"dictType\":\"\",\"edit\":false,\"htmlType\":\"input\",\"increment\":false,\"insert\":false,\"isIncrement\":\"0\",\"isInsert\":\"0\",\"isPk\":\"1\",\"javaField\":\"id\",\"javaType\":\"Long\",\"list\":false,\"params\":{},\"pk\":true,\"query\":false,\"queryType\":\"EQ\",\"required\":false,\"sort\":1,\"superColumn\":false,\"tableId\":11,\"updateBy\":\"\",\"usableColumn\":false},{\"capJavaField\":\"Type\",\"columnComment\":\"类型\",\"columnId\":57,\"columnName\":\"type\",\"columnType\":\"varchar(50)\",\"createBy\":\"admin\",\"createTime\":\"2024-07-05 21:52:28\",\"dictType\":\"\",\"edit\":true,\"htmlType\":\"select\",\"increment\":false,\"insert\":true,\"isEdit\":\"1\",\"isIncrement\":\"0\",\"isInsert\":\"1\",\"isList\":\"1\",\"isPk\":\"0\",\"isQuery\":\"1\",\"isRequired\":\"1\",\"javaField\":\"type\",\"javaType\":\"String\",\"list\":true,\"params\":{},\"pk\":false,\"query\":true,\"queryType\":\"EQ\",\"required\":true,\"sort\":2,\"superColumn\":false,\"tableId\":11,\"updateBy\":\"\",\"usableColumn\":false},{\"capJavaField\":\"Name\",\"columnComment\":\"名称\",\"columnId\":58,\"columnName\":\"name\",\"columnType\":\"varchar(255)\",\"createBy\":\"admin\",\"createTime\":\"2024-07-05 21:52:28\",\"dictType\":\"\",\"edit\":true,\"htmlType\":\"input\",\"increment\":false,\"insert\":true,\"isEdit\":\"1\",\"isIncrement\":\"0\",\"isInsert\":\"1\",\"isList\":\"1\",\"isPk\":\"0\",\"isQuery\":\"1\",\"isRequired\":\"1\",\"javaField\":\"name\",\"javaType\":\"String\",\"list\":true,\"params\":{},\"pk\":false,\"query\":true,\"queryType\":\"LIKE\",\"required\":true,\"sort\":3,\"superColumn\":false,\"tableId\":11,\"updateBy\":\"\",\"usableColumn\":false},{\"capJavaField\":\"OpeningTime\",\"columnComment\":\"营业开始时间\",\"columnId\":59,\"columnName\":\"opening_time\",\"columnType\":\"time\",\"createBy\":\"admin\",\"createTime\":\"2024-07-05 21:52:28\",\"dictType\":\"\",\"edit\":true,\"htmlType\":\"datetime\",\"increment\":false,\"insert\":true,\"isEdit\":\"1\",\"isIncrement\":\"0\",\"isInsert\":\"1\",\"isList\":\"1\",\"isPk\":\"0\",\"isQuery\":\"0\",\"javaField\":\"openingTime\",\"javaType\":\"', '{\"msg\":\"操作成功\",\"code\":200}', 0, NULL, '2024-07-06 00:06:20', 16);
INSERT INTO `sys_oper_log` VALUES (172, '代码生成', 2, 'com.ruoyi.gen.controller.GenController.editSave()', 'PUT', 1, 'admin', NULL, '/gen', '127.0.0.1', '', '{\"businessName\":\"reviews\",\"className\":\"Reviews\",\"columns\":[{\"capJavaField\":\"Id\",\"columnComment\":\"餐饮娱乐评价id\",\"columnId\":92,\"columnName\":\"id\",\"columnType\":\"int\",\"createBy\":\"admin\",\"createTime\":\"2024-07-05 21:52:28\",\"dictType\":\"\",\"edit\":false,\"htmlType\":\"input\",\"increment\":false,\"insert\":false,\"isIncrement\":\"0\",\"isInsert\":\"0\",\"isPk\":\"1\",\"javaField\":\"id\",\"javaType\":\"Long\",\"list\":false,\"params\":{},\"pk\":true,\"query\":false,\"queryType\":\"EQ\",\"required\":false,\"sort\":1,\"superColumn\":false,\"tableId\":18,\"updateBy\":\"\",\"usableColumn\":false},{\"capJavaField\":\"DiningEntertainmentId\",\"columnComment\":\"餐饮娱乐id\",\"columnId\":93,\"columnName\":\"dining_entertainment_id\",\"columnType\":\"int\",\"createBy\":\"admin\",\"createTime\":\"2024-07-05 21:52:28\",\"dictType\":\"\",\"edit\":true,\"htmlType\":\"input\",\"increment\":false,\"insert\":true,\"isEdit\":\"1\",\"isIncrement\":\"0\",\"isInsert\":\"1\",\"isList\":\"1\",\"isPk\":\"0\",\"isQuery\":\"1\",\"javaField\":\"diningEntertainmentId\",\"javaType\":\"Long\",\"list\":true,\"params\":{},\"pk\":false,\"query\":true,\"queryType\":\"EQ\",\"required\":false,\"sort\":2,\"superColumn\":false,\"tableId\":18,\"updateBy\":\"\",\"usableColumn\":false},{\"capJavaField\":\"Content\",\"columnComment\":\"内容\",\"columnId\":94,\"columnName\":\"content\",\"columnType\":\"varchar(255)\",\"createBy\":\"admin\",\"createTime\":\"2024-07-05 21:52:28\",\"dictType\":\"\",\"edit\":true,\"htmlType\":\"editor\",\"increment\":false,\"insert\":true,\"isEdit\":\"1\",\"isIncrement\":\"0\",\"isInsert\":\"1\",\"isList\":\"1\",\"isPk\":\"0\",\"isQuery\":\"0\",\"isRequired\":\"1\",\"javaField\":\"content\",\"javaType\":\"String\",\"list\":true,\"params\":{},\"pk\":false,\"query\":false,\"queryType\":\"EQ\",\"required\":true,\"sort\":3,\"superColumn\":false,\"tableId\":18,\"updateBy\":\"\",\"usableColumn\":false},{\"capJavaField\":\"GuestName\",\"columnComment\":\"用户id\",\"columnId\":95,\"columnName\":\"guest_name\",\"columnType\":\"bigint\",\"createBy\":\"admin\",\"createTime\":\"2024-07-05 21:52:28\",\"dictType\":\"\",\"edit\":true,\"htmlType\":\"input\",\"increment\":false,\"insert\":true,\"isEdit\":\"1\",\"isIncrement\":\"0\",\"isInsert\":\"1\",\"isList\":\"1\",\"isPk\":\"0\",\"isQuery\":\"1\",\"isRequired\":\"1\",\"javaField\"', '{\"msg\":\"操作成功\",\"code\":200}', 0, NULL, '2024-07-06 00:07:55', 9);
INSERT INTO `sys_oper_log` VALUES (173, '代码生成', 8, 'com.ruoyi.gen.controller.GenController.batchGenCode()', 'GET', 1, 'admin', NULL, '/gen/batchGenCode', '127.0.0.1', '', '{\"tables\":\"diningentertainment,performancegroups,reviews\"}', NULL, 0, NULL, '2024-07-06 00:08:05', 112);
INSERT INTO `sys_oper_log` VALUES (174, '代码生成', 2, 'com.ruoyi.gen.controller.GenController.editSave()', 'PUT', 1, 'admin', NULL, '/gen', '127.0.0.1', '', '{\"businessName\":\"emergencyinfo\",\"className\":\"Emergencyinfo\",\"columns\":[{\"capJavaField\":\"Id\",\"columnComment\":\"应急信息id\",\"columnId\":62,\"columnName\":\"id\",\"columnType\":\"int\",\"createBy\":\"admin\",\"createTime\":\"2024-07-05 21:52:28\",\"dictType\":\"\",\"edit\":false,\"htmlType\":\"input\",\"increment\":false,\"insert\":false,\"isIncrement\":\"0\",\"isInsert\":\"0\",\"isPk\":\"1\",\"javaField\":\"id\",\"javaType\":\"Long\",\"list\":false,\"params\":{},\"pk\":true,\"query\":false,\"queryType\":\"EQ\",\"required\":false,\"sort\":1,\"superColumn\":false,\"tableId\":12,\"updateBy\":\"\",\"usableColumn\":false},{\"capJavaField\":\"Priority\",\"columnComment\":\"优先级\",\"columnId\":63,\"columnName\":\"priority\",\"columnType\":\"int\",\"createBy\":\"admin\",\"createTime\":\"2024-07-05 21:52:28\",\"dictType\":\"\",\"edit\":true,\"htmlType\":\"input\",\"increment\":false,\"insert\":true,\"isEdit\":\"1\",\"isIncrement\":\"0\",\"isInsert\":\"1\",\"isList\":\"1\",\"isPk\":\"0\",\"isQuery\":\"1\",\"isRequired\":\"1\",\"javaField\":\"priority\",\"javaType\":\"Long\",\"list\":true,\"params\":{},\"pk\":false,\"query\":true,\"queryType\":\"EQ\",\"required\":true,\"sort\":2,\"superColumn\":false,\"tableId\":12,\"updateBy\":\"\",\"usableColumn\":false},{\"capJavaField\":\"Validity\",\"columnComment\":\"截止日期\",\"columnId\":64,\"columnName\":\"validity\",\"columnType\":\"datetime\",\"createBy\":\"admin\",\"createTime\":\"2024-07-05 21:52:28\",\"dictType\":\"\",\"edit\":true,\"htmlType\":\"datetime\",\"increment\":false,\"insert\":true,\"isEdit\":\"1\",\"isIncrement\":\"0\",\"isInsert\":\"1\",\"isList\":\"1\",\"isPk\":\"0\",\"isQuery\":\"0\",\"isRequired\":\"1\",\"javaField\":\"validity\",\"javaType\":\"Date\",\"list\":true,\"params\":{},\"pk\":false,\"query\":false,\"queryType\":\"EQ\",\"required\":true,\"sort\":3,\"superColumn\":false,\"tableId\":12,\"updateBy\":\"\",\"usableColumn\":false},{\"capJavaField\":\"Content\",\"columnComment\":\"内容\",\"columnId\":65,\"columnName\":\"content\",\"columnType\":\"varchar(255)\",\"createBy\":\"admin\",\"createTime\":\"2024-07-05 21:52:28\",\"dictType\":\"\",\"edit\":true,\"htmlType\":\"editor\",\"increment\":false,\"insert\":true,\"isEdit\":\"1\",\"isIncrement\":\"0\",\"isInsert\":\"1\",\"isList\":\"1\",\"isPk\":\"0\",\"isQuery\":\"1\",\"isRequired\":\"1\",\"javaField\":\"content\",\"javaT', '{\"msg\":\"操作成功\",\"code\":200}', 0, NULL, '2024-07-06 00:09:34', 10);
INSERT INTO `sys_oper_log` VALUES (175, '代码生成', 8, 'com.ruoyi.gen.controller.GenController.batchGenCode()', 'GET', 1, 'admin', NULL, '/gen/batchGenCode', '127.0.0.1', '', '{\"tables\":\"emergencyinfo\"}', NULL, 0, NULL, '2024-07-06 00:09:40', 45);
INSERT INTO `sys_oper_log` VALUES (176, '代码生成', 2, 'com.ruoyi.gen.controller.GenController.editSave()', 'PUT', 1, 'admin', NULL, '/gen', '127.0.0.1', '', '{\"businessName\":\"nonstarmarketingrecords\",\"className\":\"Nonstarmarketingrecords\",\"columns\":[{\"capJavaField\":\"Id\",\"columnComment\":\"营销数据id\",\"columnId\":1,\"columnName\":\"id\",\"columnType\":\"int\",\"createBy\":\"admin\",\"createTime\":\"2024-07-05 21:51:15\",\"dictType\":\"\",\"edit\":false,\"htmlType\":\"input\",\"increment\":false,\"insert\":false,\"isIncrement\":\"0\",\"isInsert\":\"0\",\"isPk\":\"1\",\"javaField\":\"id\",\"javaType\":\"Long\",\"list\":false,\"params\":{},\"pk\":true,\"query\":false,\"queryType\":\"EQ\",\"required\":false,\"sort\":1,\"superColumn\":false,\"tableId\":1,\"updateBy\":\"\",\"updateTime\":\"2024-07-05 23:36:10\",\"usableColumn\":false},{\"capJavaField\":\"HotelId\",\"columnComment\":\"酒店id\",\"columnId\":2,\"columnName\":\"hotel_id\",\"columnType\":\"int\",\"createBy\":\"admin\",\"createTime\":\"2024-07-05 21:51:15\",\"dictType\":\"\",\"edit\":true,\"htmlType\":\"input\",\"increment\":false,\"insert\":true,\"isEdit\":\"1\",\"isIncrement\":\"0\",\"isInsert\":\"1\",\"isList\":\"1\",\"isPk\":\"0\",\"isQuery\":\"1\",\"isRequired\":\"1\",\"javaField\":\"hotelId\",\"javaType\":\"Long\",\"list\":true,\"params\":{},\"pk\":false,\"query\":true,\"queryType\":\"EQ\",\"required\":true,\"sort\":2,\"superColumn\":false,\"tableId\":1,\"updateBy\":\"\",\"updateTime\":\"2024-07-05 23:36:10\",\"usableColumn\":false},{\"capJavaField\":\"RoomTypeId\",\"columnComment\":\"房型id\",\"columnId\":3,\"columnName\":\"room_type_id\",\"columnType\":\"int\",\"createBy\":\"admin\",\"createTime\":\"2024-07-05 21:51:15\",\"dictType\":\"\",\"edit\":true,\"htmlType\":\"input\",\"increment\":false,\"insert\":true,\"isEdit\":\"1\",\"isIncrement\":\"0\",\"isInsert\":\"1\",\"isList\":\"1\",\"isPk\":\"0\",\"isQuery\":\"1\",\"isRequired\":\"1\",\"javaField\":\"roomTypeId\",\"javaType\":\"Long\",\"list\":true,\"params\":{},\"pk\":false,\"query\":true,\"queryType\":\"EQ\",\"required\":true,\"sort\":3,\"superColumn\":false,\"tableId\":1,\"updateBy\":\"\",\"updateTime\":\"2024-07-05 23:36:10\",\"usableColumn\":false},{\"capJavaField\":\"TotalSales\",\"columnComment\":\"总销量\",\"columnId\":4,\"columnName\":\"total_sales\",\"columnType\":\"int\",\"createBy\":\"admin\",\"createTime\":\"2024-07-05 21:51:15\",\"dictType\":\"\",\"edit\":true,\"htmlType\":\"input\",\"increment\":false,\"insert\":true,\"isEdit\":\"1\",\"i', '{\"msg\":\"操作成功\",\"code\":200}', 0, NULL, '2024-07-06 15:26:49', 79);
INSERT INTO `sys_oper_log` VALUES (177, '代码生成', 2, 'com.ruoyi.gen.controller.GenController.editSave()', 'PUT', 1, 'admin', NULL, '/gen', '127.0.0.1', '', '{\"businessName\":\"nonstarroomtypes\",\"className\":\"Nonstarroomtypes\",\"columns\":[{\"capJavaField\":\"Id\",\"columnComment\":\"非星级放行id\",\"columnId\":5,\"columnName\":\"id\",\"columnType\":\"int\",\"createBy\":\"admin\",\"createTime\":\"2024-07-05 21:51:15\",\"dictType\":\"\",\"edit\":false,\"htmlType\":\"input\",\"increment\":false,\"insert\":false,\"isIncrement\":\"0\",\"isInsert\":\"0\",\"isPk\":\"1\",\"javaField\":\"id\",\"javaType\":\"Long\",\"list\":false,\"params\":{},\"pk\":true,\"query\":false,\"queryType\":\"EQ\",\"required\":false,\"sort\":1,\"superColumn\":false,\"tableId\":2,\"updateBy\":\"\",\"updateTime\":\"2024-07-05 23:36:18\",\"usableColumn\":false},{\"capJavaField\":\"HotelId\",\"columnComment\":\"酒店id\",\"columnId\":6,\"columnName\":\"hotel_id\",\"columnType\":\"int\",\"createBy\":\"admin\",\"createTime\":\"2024-07-05 21:51:15\",\"dictType\":\"\",\"edit\":true,\"htmlType\":\"input\",\"increment\":false,\"insert\":true,\"isEdit\":\"1\",\"isIncrement\":\"0\",\"isInsert\":\"1\",\"isList\":\"1\",\"isPk\":\"0\",\"isQuery\":\"1\",\"javaField\":\"hotelId\",\"javaType\":\"Long\",\"list\":true,\"params\":{},\"pk\":false,\"query\":true,\"queryType\":\"EQ\",\"required\":false,\"sort\":2,\"superColumn\":false,\"tableId\":2,\"updateBy\":\"\",\"updateTime\":\"2024-07-05 23:36:18\",\"usableColumn\":false},{\"capJavaField\":\"Name\",\"columnComment\":\"房型名称\",\"columnId\":7,\"columnName\":\"name\",\"columnType\":\"varchar(255)\",\"createBy\":\"admin\",\"createTime\":\"2024-07-05 21:51:15\",\"dictType\":\"\",\"edit\":true,\"htmlType\":\"input\",\"increment\":false,\"insert\":true,\"isEdit\":\"1\",\"isIncrement\":\"0\",\"isInsert\":\"1\",\"isList\":\"1\",\"isPk\":\"0\",\"isQuery\":\"1\",\"isRequired\":\"1\",\"javaField\":\"name\",\"javaType\":\"String\",\"list\":true,\"params\":{},\"pk\":false,\"query\":true,\"queryType\":\"LIKE\",\"required\":true,\"sort\":3,\"superColumn\":false,\"tableId\":2,\"updateBy\":\"\",\"updateTime\":\"2024-07-05 23:36:18\",\"usableColumn\":false},{\"capJavaField\":\"Price\",\"columnComment\":\"价格\",\"columnId\":8,\"columnName\":\"price\",\"columnType\":\"decimal(10,2)\",\"createBy\":\"admin\",\"createTime\":\"2024-07-05 21:51:15\",\"dictType\":\"\",\"edit\":true,\"htmlType\":\"input\",\"increment\":false,\"insert\":true,\"isEdit\":\"1\",\"isIncrement\":\"0\",\"isInsert\":\"1\",\"isList', '{\"msg\":\"操作成功\",\"code\":200}', 0, NULL, '2024-07-06 15:27:04', 27);
INSERT INTO `sys_oper_log` VALUES (178, '代码生成', 2, 'com.ruoyi.gen.controller.GenController.editSave()', 'PUT', 1, 'admin', NULL, '/gen', '127.0.0.1', '', '{\"businessName\":\"performancegroups\",\"className\":\"Performancegroups\",\"columns\":[{\"capJavaField\":\"Id\",\"columnComment\":\"演出团体id\",\"columnId\":11,\"columnName\":\"id\",\"columnType\":\"int\",\"createBy\":\"admin\",\"createTime\":\"2024-07-05 21:51:15\",\"dictType\":\"\",\"edit\":false,\"htmlType\":\"input\",\"increment\":false,\"insert\":false,\"isIncrement\":\"0\",\"isInsert\":\"0\",\"isPk\":\"1\",\"javaField\":\"id\",\"javaType\":\"Long\",\"list\":false,\"params\":{},\"pk\":true,\"query\":false,\"queryType\":\"EQ\",\"required\":false,\"sort\":1,\"superColumn\":false,\"tableId\":3,\"updateBy\":\"\",\"updateTime\":\"2024-07-06 00:04:37\",\"usableColumn\":false},{\"capJavaField\":\"Name\",\"columnComment\":\"团体名称\",\"columnId\":12,\"columnName\":\"name\",\"columnType\":\"varchar(255)\",\"createBy\":\"admin\",\"createTime\":\"2024-07-05 21:51:15\",\"dictType\":\"\",\"edit\":true,\"htmlType\":\"input\",\"increment\":false,\"insert\":true,\"isEdit\":\"1\",\"isIncrement\":\"0\",\"isInsert\":\"1\",\"isList\":\"1\",\"isPk\":\"0\",\"isQuery\":\"1\",\"isRequired\":\"1\",\"javaField\":\"name\",\"javaType\":\"String\",\"list\":true,\"params\":{},\"pk\":false,\"query\":true,\"queryType\":\"LIKE\",\"required\":true,\"sort\":2,\"superColumn\":false,\"tableId\":3,\"updateBy\":\"\",\"updateTime\":\"2024-07-06 00:04:37\",\"usableColumn\":false},{\"capJavaField\":\"StartTime\",\"columnComment\":\"开始时间\",\"columnId\":13,\"columnName\":\"start_time\",\"columnType\":\"datetime\",\"createBy\":\"admin\",\"createTime\":\"2024-07-05 21:51:15\",\"dictType\":\"\",\"edit\":true,\"htmlType\":\"datetime\",\"increment\":false,\"insert\":true,\"isEdit\":\"1\",\"isIncrement\":\"0\",\"isInsert\":\"1\",\"isList\":\"1\",\"isPk\":\"0\",\"isQuery\":\"1\",\"isRequired\":\"1\",\"javaField\":\"startTime\",\"javaType\":\"Date\",\"list\":true,\"params\":{},\"pk\":false,\"query\":true,\"queryType\":\"EQ\",\"required\":true,\"sort\":3,\"superColumn\":false,\"tableId\":3,\"updateBy\":\"\",\"updateTime\":\"2024-07-06 00:04:37\",\"usableColumn\":false},{\"capJavaField\":\"Duration\",\"columnComment\":\"演出单场时长\",\"columnId\":14,\"columnName\":\"duration\",\"columnType\":\"int\",\"createBy\":\"admin\",\"createTime\":\"2024-07-05 21:51:15\",\"dictType\":\"\",\"edit\":true,\"htmlType\":\"input\",\"increment\":false,\"insert\":true,\"isEdit\":\"1\",\"isIn', '{\"msg\":\"操作成功\",\"code\":200}', 0, NULL, '2024-07-06 15:27:20', 41);
INSERT INTO `sys_oper_log` VALUES (179, '代码生成', 2, 'com.ruoyi.gen.controller.GenController.editSave()', 'PUT', 1, 'admin', NULL, '/gen', '127.0.0.1', '', '{\"businessName\":\"scenicareas\",\"className\":\"Scenicareas\",\"columns\":[{\"capJavaField\":\"Id\",\"columnComment\":\"景区id\",\"columnId\":18,\"columnName\":\"id\",\"columnType\":\"int\",\"createBy\":\"admin\",\"createTime\":\"2024-07-05 21:51:15\",\"dictType\":\"\",\"edit\":false,\"htmlType\":\"input\",\"increment\":false,\"insert\":false,\"isIncrement\":\"0\",\"isInsert\":\"0\",\"isPk\":\"1\",\"javaField\":\"id\",\"javaType\":\"Long\",\"list\":false,\"params\":{},\"pk\":true,\"query\":false,\"queryType\":\"EQ\",\"required\":false,\"sort\":1,\"superColumn\":false,\"tableId\":4,\"updateBy\":\"\",\"updateTime\":\"2024-07-05 23:57:50\",\"usableColumn\":false},{\"capJavaField\":\"City\",\"columnComment\":\"城市\",\"columnId\":19,\"columnName\":\"city\",\"columnType\":\"varchar(255)\",\"createBy\":\"admin\",\"createTime\":\"2024-07-05 21:51:15\",\"dictType\":\"\",\"edit\":true,\"htmlType\":\"input\",\"increment\":false,\"insert\":true,\"isEdit\":\"1\",\"isIncrement\":\"0\",\"isInsert\":\"1\",\"isList\":\"1\",\"isPk\":\"0\",\"isQuery\":\"1\",\"isRequired\":\"1\",\"javaField\":\"city\",\"javaType\":\"String\",\"list\":true,\"params\":{},\"pk\":false,\"query\":true,\"queryType\":\"EQ\",\"required\":true,\"sort\":2,\"superColumn\":false,\"tableId\":4,\"updateBy\":\"\",\"updateTime\":\"2024-07-05 23:57:50\",\"usableColumn\":false},{\"capJavaField\":\"Name\",\"columnComment\":\"景区名称\",\"columnId\":20,\"columnName\":\"name\",\"columnType\":\"varchar(255)\",\"createBy\":\"admin\",\"createTime\":\"2024-07-05 21:51:15\",\"dictType\":\"\",\"edit\":true,\"htmlType\":\"input\",\"increment\":false,\"insert\":true,\"isEdit\":\"1\",\"isIncrement\":\"0\",\"isInsert\":\"1\",\"isList\":\"1\",\"isPk\":\"0\",\"isQuery\":\"1\",\"isRequired\":\"1\",\"javaField\":\"name\",\"javaType\":\"String\",\"list\":true,\"params\":{},\"pk\":false,\"query\":true,\"queryType\":\"LIKE\",\"required\":true,\"sort\":3,\"superColumn\":false,\"tableId\":4,\"updateBy\":\"\",\"updateTime\":\"2024-07-05 23:57:50\",\"usableColumn\":false},{\"capJavaField\":\"Address\",\"columnComment\":\"地址\",\"columnId\":21,\"columnName\":\"address\",\"columnType\":\"varchar(255)\",\"createBy\":\"admin\",\"createTime\":\"2024-07-05 21:51:15\",\"dictType\":\"\",\"edit\":true,\"htmlType\":\"input\",\"increment\":false,\"insert\":true,\"isEdit\":\"1\",\"isIncrement\":\"0\",\"isInsert\":\"1', '{\"msg\":\"操作成功\",\"code\":200}', 0, NULL, '2024-07-06 15:27:29', 18);
INSERT INTO `sys_oper_log` VALUES (180, '代码生成', 2, 'com.ruoyi.gen.controller.GenController.editSave()', 'PUT', 1, 'admin', NULL, '/gen', '127.0.0.1', '', '{\"businessName\":\"starhotels\",\"className\":\"Starhotels\",\"columns\":[{\"capJavaField\":\"Id\",\"columnComment\":\"星级酒店id\",\"columnId\":33,\"columnName\":\"id\",\"columnType\":\"int\",\"createBy\":\"admin\",\"createTime\":\"2024-07-05 21:51:15\",\"dictType\":\"\",\"edit\":false,\"htmlType\":\"input\",\"increment\":false,\"insert\":false,\"isIncrement\":\"0\",\"isInsert\":\"0\",\"isPk\":\"1\",\"javaField\":\"id\",\"javaType\":\"Long\",\"list\":false,\"params\":{},\"pk\":true,\"query\":false,\"queryType\":\"EQ\",\"required\":false,\"sort\":1,\"superColumn\":false,\"tableId\":7,\"updateBy\":\"\",\"updateTime\":\"2024-07-05 23:37:42\",\"usableColumn\":false},{\"capJavaField\":\"Name\",\"columnComment\":\"酒店名称\",\"columnId\":34,\"columnName\":\"name\",\"columnType\":\"varchar(255)\",\"createBy\":\"admin\",\"createTime\":\"2024-07-05 21:51:15\",\"dictType\":\"\",\"edit\":true,\"htmlType\":\"input\",\"increment\":false,\"insert\":true,\"isEdit\":\"1\",\"isIncrement\":\"0\",\"isInsert\":\"1\",\"isList\":\"1\",\"isPk\":\"0\",\"isQuery\":\"1\",\"isRequired\":\"1\",\"javaField\":\"name\",\"javaType\":\"String\",\"list\":true,\"params\":{},\"pk\":false,\"query\":true,\"queryType\":\"LIKE\",\"required\":true,\"sort\":2,\"superColumn\":false,\"tableId\":7,\"updateBy\":\"\",\"updateTime\":\"2024-07-05 23:37:42\",\"usableColumn\":false},{\"capJavaField\":\"StarLevel\",\"columnComment\":\"酒店星级\",\"columnId\":35,\"columnName\":\"star_level\",\"columnType\":\"int\",\"createBy\":\"admin\",\"createTime\":\"2024-07-05 21:51:15\",\"dictType\":\"\",\"edit\":true,\"htmlType\":\"input\",\"increment\":false,\"insert\":true,\"isEdit\":\"1\",\"isIncrement\":\"0\",\"isInsert\":\"1\",\"isList\":\"1\",\"isPk\":\"0\",\"isQuery\":\"0\",\"isRequired\":\"1\",\"javaField\":\"starLevel\",\"javaType\":\"Long\",\"list\":true,\"params\":{},\"pk\":false,\"query\":false,\"queryType\":\"EQ\",\"required\":true,\"sort\":3,\"superColumn\":false,\"tableId\":7,\"updateBy\":\"\",\"updateTime\":\"2024-07-05 23:37:42\",\"usableColumn\":false},{\"capJavaField\":\"MinPrice\",\"columnComment\":\"最低价\",\"columnId\":36,\"columnName\":\"min_price\",\"columnType\":\"int\",\"createBy\":\"admin\",\"createTime\":\"2024-07-05 21:51:15\",\"dictType\":\"\",\"edit\":true,\"htmlType\":\"input\",\"increment\":false,\"insert\":true,\"isEdit\":\"1\",\"isIncrement\":\"0\",\"isInsert\"', '{\"msg\":\"操作成功\",\"code\":200}', 0, NULL, '2024-07-06 15:28:31', 25);
INSERT INTO `sys_oper_log` VALUES (181, '代码生成', 2, 'com.ruoyi.gen.controller.GenController.editSave()', 'PUT', 1, 'admin', NULL, '/gen', '127.0.0.1', '', '{\"businessName\":\"starmarketingrecords\",\"className\":\"Starmarketingrecords\",\"columns\":[{\"capJavaField\":\"Id\",\"columnComment\":\"星级酒店营销id\",\"columnId\":39,\"columnName\":\"id\",\"columnType\":\"int\",\"createBy\":\"admin\",\"createTime\":\"2024-07-05 21:51:15\",\"dictType\":\"\",\"edit\":false,\"htmlType\":\"input\",\"increment\":false,\"insert\":false,\"isIncrement\":\"0\",\"isInsert\":\"0\",\"isPk\":\"1\",\"javaField\":\"id\",\"javaType\":\"Long\",\"list\":false,\"params\":{},\"pk\":true,\"query\":false,\"queryType\":\"EQ\",\"required\":false,\"sort\":1,\"superColumn\":false,\"tableId\":8,\"updateBy\":\"\",\"updateTime\":\"2024-07-05 23:37:37\",\"usableColumn\":false},{\"capJavaField\":\"HotelId\",\"columnComment\":\"酒店id\",\"columnId\":40,\"columnName\":\"hotel_id\",\"columnType\":\"int\",\"createBy\":\"admin\",\"createTime\":\"2024-07-05 21:51:15\",\"dictType\":\"\",\"edit\":true,\"htmlType\":\"input\",\"increment\":false,\"insert\":true,\"isEdit\":\"1\",\"isIncrement\":\"0\",\"isInsert\":\"1\",\"isList\":\"1\",\"isPk\":\"0\",\"isQuery\":\"1\",\"isRequired\":\"1\",\"javaField\":\"hotelId\",\"javaType\":\"Long\",\"list\":true,\"params\":{},\"pk\":false,\"query\":true,\"queryType\":\"EQ\",\"required\":true,\"sort\":2,\"superColumn\":false,\"tableId\":8,\"updateBy\":\"\",\"updateTime\":\"2024-07-05 23:37:37\",\"usableColumn\":false},{\"capJavaField\":\"RoomTypeId\",\"columnComment\":\"房型id\",\"columnId\":41,\"columnName\":\"room_type_id\",\"columnType\":\"int\",\"createBy\":\"admin\",\"createTime\":\"2024-07-05 21:51:15\",\"dictType\":\"\",\"edit\":true,\"htmlType\":\"input\",\"increment\":false,\"insert\":true,\"isEdit\":\"1\",\"isIncrement\":\"0\",\"isInsert\":\"1\",\"isList\":\"1\",\"isPk\":\"0\",\"isQuery\":\"1\",\"isRequired\":\"1\",\"javaField\":\"roomTypeId\",\"javaType\":\"Long\",\"list\":true,\"params\":{},\"pk\":false,\"query\":true,\"queryType\":\"EQ\",\"required\":true,\"sort\":3,\"superColumn\":false,\"tableId\":8,\"updateBy\":\"\",\"updateTime\":\"2024-07-05 23:37:37\",\"usableColumn\":false},{\"capJavaField\":\"TotalSales\",\"columnComment\":\"总销量\",\"columnId\":42,\"columnName\":\"total_sales\",\"columnType\":\"int\",\"createBy\":\"admin\",\"createTime\":\"2024-07-05 21:51:15\",\"dictType\":\"\",\"edit\":true,\"htmlType\":\"input\",\"increment\":false,\"insert\":true,\"isEdit\":\"1\",\"i', '{\"msg\":\"操作成功\",\"code\":200}', 0, NULL, '2024-07-06 15:28:42', 15);
INSERT INTO `sys_oper_log` VALUES (182, '代码生成', 2, 'com.ruoyi.gen.controller.GenController.editSave()', 'PUT', 1, 'admin', NULL, '/gen', '127.0.0.1', '', '{\"businessName\":\"starroomtypes\",\"className\":\"Starroomtypes\",\"columns\":[{\"capJavaField\":\"Id\",\"columnComment\":\"星级酒店房型id\",\"columnId\":43,\"columnName\":\"id\",\"columnType\":\"int\",\"createBy\":\"admin\",\"createTime\":\"2024-07-05 21:51:15\",\"dictType\":\"\",\"edit\":false,\"htmlType\":\"input\",\"increment\":false,\"insert\":false,\"isIncrement\":\"0\",\"isInsert\":\"0\",\"isPk\":\"1\",\"javaField\":\"id\",\"javaType\":\"Long\",\"list\":false,\"params\":{},\"pk\":true,\"query\":false,\"queryType\":\"EQ\",\"required\":false,\"sort\":1,\"superColumn\":false,\"tableId\":9,\"updateBy\":\"\",\"updateTime\":\"2024-07-05 23:37:27\",\"usableColumn\":false},{\"capJavaField\":\"HotelId\",\"columnComment\":\"酒店id\",\"columnId\":44,\"columnName\":\"hotel_id\",\"columnType\":\"int\",\"createBy\":\"admin\",\"createTime\":\"2024-07-05 21:51:15\",\"dictType\":\"\",\"edit\":true,\"htmlType\":\"input\",\"increment\":false,\"insert\":true,\"isEdit\":\"1\",\"isIncrement\":\"0\",\"isInsert\":\"1\",\"isList\":\"1\",\"isPk\":\"0\",\"isQuery\":\"1\",\"isRequired\":\"1\",\"javaField\":\"hotelId\",\"javaType\":\"Long\",\"list\":true,\"params\":{},\"pk\":false,\"query\":true,\"queryType\":\"EQ\",\"required\":true,\"sort\":2,\"superColumn\":false,\"tableId\":9,\"updateBy\":\"\",\"updateTime\":\"2024-07-05 23:37:27\",\"usableColumn\":false},{\"capJavaField\":\"Name\",\"columnComment\":\"房型名称\",\"columnId\":45,\"columnName\":\"name\",\"columnType\":\"varchar(255)\",\"createBy\":\"admin\",\"createTime\":\"2024-07-05 21:51:15\",\"dictType\":\"\",\"edit\":true,\"htmlType\":\"input\",\"increment\":false,\"insert\":true,\"isEdit\":\"1\",\"isIncrement\":\"0\",\"isInsert\":\"1\",\"isList\":\"1\",\"isPk\":\"0\",\"isQuery\":\"1\",\"isRequired\":\"1\",\"javaField\":\"name\",\"javaType\":\"String\",\"list\":true,\"params\":{},\"pk\":false,\"query\":true,\"queryType\":\"LIKE\",\"required\":true,\"sort\":3,\"superColumn\":false,\"tableId\":9,\"updateBy\":\"\",\"updateTime\":\"2024-07-05 23:37:27\",\"usableColumn\":false},{\"capJavaField\":\"Price\",\"columnComment\":\"价格\",\"columnId\":46,\"columnName\":\"price\",\"columnType\":\"int\",\"createBy\":\"admin\",\"createTime\":\"2024-07-05 21:51:15\",\"dictType\":\"\",\"edit\":true,\"htmlType\":\"input\",\"increment\":false,\"insert\":true,\"isEdit\":\"1\",\"isIncrement\":\"0\",\"isInsert\":\"1\",\"i', '{\"msg\":\"操作成功\",\"code\":200}', 0, NULL, '2024-07-06 15:28:53', 24);
INSERT INTO `sys_oper_log` VALUES (183, '代码生成', 2, 'com.ruoyi.gen.controller.GenController.editSave()', 'PUT', 1, 'admin', NULL, '/gen', '127.0.0.1', '', '{\"businessName\":\"complaints\",\"className\":\"Complaints\",\"columns\":[{\"capJavaField\":\"Id\",\"columnComment\":\"投诉id\",\"columnId\":49,\"columnName\":\"id\",\"columnType\":\"int\",\"createBy\":\"admin\",\"createTime\":\"2024-07-05 21:52:28\",\"dictType\":\"\",\"edit\":false,\"htmlType\":\"input\",\"increment\":false,\"insert\":false,\"isIncrement\":\"0\",\"isInsert\":\"0\",\"isPk\":\"1\",\"javaField\":\"id\",\"javaType\":\"Long\",\"list\":false,\"params\":{},\"pk\":true,\"query\":false,\"queryType\":\"EQ\",\"required\":false,\"sort\":1,\"superColumn\":false,\"tableId\":10,\"updateBy\":\"\",\"updateTime\":\"2024-07-05 23:52:35\",\"usableColumn\":false},{\"capJavaField\":\"Content\",\"columnComment\":\"内容\",\"columnId\":50,\"columnName\":\"content\",\"columnType\":\"text\",\"createBy\":\"admin\",\"createTime\":\"2024-07-05 21:52:28\",\"dictType\":\"\",\"edit\":true,\"htmlType\":\"editor\",\"increment\":false,\"insert\":true,\"isEdit\":\"1\",\"isIncrement\":\"0\",\"isInsert\":\"1\",\"isList\":\"1\",\"isPk\":\"0\",\"isQuery\":\"1\",\"isRequired\":\"1\",\"javaField\":\"content\",\"javaType\":\"String\",\"list\":true,\"params\":{},\"pk\":false,\"query\":true,\"queryType\":\"EQ\",\"required\":true,\"sort\":2,\"superColumn\":false,\"tableId\":10,\"updateBy\":\"\",\"updateTime\":\"2024-07-05 23:52:35\",\"usableColumn\":false},{\"capJavaField\":\"SubmitTime\",\"columnComment\":\"提交时间\",\"columnId\":51,\"columnName\":\"submit_time\",\"columnType\":\"datetime\",\"createBy\":\"admin\",\"createTime\":\"2024-07-05 21:52:28\",\"dictType\":\"\",\"edit\":true,\"htmlType\":\"datetime\",\"increment\":false,\"insert\":true,\"isEdit\":\"1\",\"isIncrement\":\"0\",\"isInsert\":\"1\",\"isList\":\"1\",\"isPk\":\"0\",\"isQuery\":\"1\",\"isRequired\":\"1\",\"javaField\":\"submitTime\",\"javaType\":\"Date\",\"list\":true,\"params\":{},\"pk\":false,\"query\":true,\"queryType\":\"EQ\",\"required\":true,\"sort\":3,\"superColumn\":false,\"tableId\":10,\"updateBy\":\"\",\"updateTime\":\"2024-07-05 23:52:35\",\"usableColumn\":false},{\"capJavaField\":\"Status\",\"columnComment\":\"0为待审批，1为已经审批待处理，2为已处理待确认，3为已经结案\",\"columnId\":52,\"columnName\":\"status\",\"columnType\":\"int\",\"createBy\":\"admin\",\"createTime\":\"2024-07-05 21:52:28\",\"dictType\":\"\",\"edit\":true,\"htmlType\":\"radio\",\"increment\":false,\"insert\":true,\"isEdit\":', '{\"msg\":\"操作成功\",\"code\":200}', 0, NULL, '2024-07-06 15:29:02', 23);
INSERT INTO `sys_oper_log` VALUES (184, '代码生成', 2, 'com.ruoyi.gen.controller.GenController.editSave()', 'PUT', 1, 'admin', NULL, '/gen', '127.0.0.1', '', '{\"businessName\":\"diningentertainment\",\"className\":\"Diningentertainment\",\"columns\":[{\"capJavaField\":\"Id\",\"columnComment\":\"餐饮娱乐id\",\"columnId\":56,\"columnName\":\"id\",\"columnType\":\"int\",\"createBy\":\"admin\",\"createTime\":\"2024-07-05 21:52:28\",\"dictType\":\"\",\"edit\":false,\"htmlType\":\"input\",\"increment\":false,\"insert\":false,\"isIncrement\":\"0\",\"isInsert\":\"0\",\"isPk\":\"1\",\"javaField\":\"id\",\"javaType\":\"Long\",\"list\":false,\"params\":{},\"pk\":true,\"query\":false,\"queryType\":\"EQ\",\"required\":false,\"sort\":1,\"superColumn\":false,\"tableId\":11,\"updateBy\":\"\",\"updateTime\":\"2024-07-06 00:06:20\",\"usableColumn\":false},{\"capJavaField\":\"Type\",\"columnComment\":\"类型\",\"columnId\":57,\"columnName\":\"type\",\"columnType\":\"varchar(50)\",\"createBy\":\"admin\",\"createTime\":\"2024-07-05 21:52:28\",\"dictType\":\"\",\"edit\":true,\"htmlType\":\"select\",\"increment\":false,\"insert\":true,\"isEdit\":\"1\",\"isIncrement\":\"0\",\"isInsert\":\"1\",\"isList\":\"1\",\"isPk\":\"0\",\"isQuery\":\"1\",\"isRequired\":\"1\",\"javaField\":\"type\",\"javaType\":\"String\",\"list\":true,\"params\":{},\"pk\":false,\"query\":true,\"queryType\":\"EQ\",\"required\":true,\"sort\":2,\"superColumn\":false,\"tableId\":11,\"updateBy\":\"\",\"updateTime\":\"2024-07-06 00:06:20\",\"usableColumn\":false},{\"capJavaField\":\"Name\",\"columnComment\":\"名称\",\"columnId\":58,\"columnName\":\"name\",\"columnType\":\"varchar(255)\",\"createBy\":\"admin\",\"createTime\":\"2024-07-05 21:52:28\",\"dictType\":\"\",\"edit\":true,\"htmlType\":\"input\",\"increment\":false,\"insert\":true,\"isEdit\":\"1\",\"isIncrement\":\"0\",\"isInsert\":\"1\",\"isList\":\"1\",\"isPk\":\"0\",\"isQuery\":\"1\",\"isRequired\":\"1\",\"javaField\":\"name\",\"javaType\":\"String\",\"list\":true,\"params\":{},\"pk\":false,\"query\":true,\"queryType\":\"LIKE\",\"required\":true,\"sort\":3,\"superColumn\":false,\"tableId\":11,\"updateBy\":\"\",\"updateTime\":\"2024-07-06 00:06:20\",\"usableColumn\":false},{\"capJavaField\":\"OpeningTime\",\"columnComment\":\"营业开始时间\",\"columnId\":59,\"columnName\":\"opening_time\",\"columnType\":\"time\",\"createBy\":\"admin\",\"createTime\":\"2024-07-05 21:52:28\",\"dictType\":\"\",\"edit\":true,\"htmlType\":\"datetime\",\"increment\":false,\"insert\":true,\"isEdit\":\"1\",\"isI', '{\"msg\":\"操作成功\",\"code\":200}', 0, NULL, '2024-07-06 15:29:12', 19);
INSERT INTO `sys_oper_log` VALUES (185, '代码生成', 2, 'com.ruoyi.gen.controller.GenController.editSave()', 'PUT', 1, 'admin', NULL, '/gen', '127.0.0.1', '', '{\"businessName\":\"emergencyinfo\",\"className\":\"Emergencyinfo\",\"columns\":[{\"capJavaField\":\"Id\",\"columnComment\":\"应急信息id\",\"columnId\":62,\"columnName\":\"id\",\"columnType\":\"int\",\"createBy\":\"admin\",\"createTime\":\"2024-07-05 21:52:28\",\"dictType\":\"\",\"edit\":false,\"htmlType\":\"input\",\"increment\":false,\"insert\":false,\"isIncrement\":\"0\",\"isInsert\":\"0\",\"isPk\":\"1\",\"javaField\":\"id\",\"javaType\":\"Long\",\"list\":false,\"params\":{},\"pk\":true,\"query\":false,\"queryType\":\"EQ\",\"required\":false,\"sort\":1,\"superColumn\":false,\"tableId\":12,\"updateBy\":\"\",\"updateTime\":\"2024-07-06 00:09:34\",\"usableColumn\":false},{\"capJavaField\":\"Priority\",\"columnComment\":\"优先级\",\"columnId\":63,\"columnName\":\"priority\",\"columnType\":\"int\",\"createBy\":\"admin\",\"createTime\":\"2024-07-05 21:52:28\",\"dictType\":\"\",\"edit\":true,\"htmlType\":\"input\",\"increment\":false,\"insert\":true,\"isEdit\":\"1\",\"isIncrement\":\"0\",\"isInsert\":\"1\",\"isList\":\"1\",\"isPk\":\"0\",\"isQuery\":\"1\",\"isRequired\":\"1\",\"javaField\":\"priority\",\"javaType\":\"Long\",\"list\":true,\"params\":{},\"pk\":false,\"query\":true,\"queryType\":\"EQ\",\"required\":true,\"sort\":2,\"superColumn\":false,\"tableId\":12,\"updateBy\":\"\",\"updateTime\":\"2024-07-06 00:09:34\",\"usableColumn\":false},{\"capJavaField\":\"Validity\",\"columnComment\":\"截止日期\",\"columnId\":64,\"columnName\":\"validity\",\"columnType\":\"datetime\",\"createBy\":\"admin\",\"createTime\":\"2024-07-05 21:52:28\",\"dictType\":\"\",\"edit\":true,\"htmlType\":\"datetime\",\"increment\":false,\"insert\":true,\"isEdit\":\"1\",\"isIncrement\":\"0\",\"isInsert\":\"1\",\"isList\":\"1\",\"isPk\":\"0\",\"isQuery\":\"0\",\"isRequired\":\"1\",\"javaField\":\"validity\",\"javaType\":\"Date\",\"list\":true,\"params\":{},\"pk\":false,\"query\":false,\"queryType\":\"EQ\",\"required\":true,\"sort\":3,\"superColumn\":false,\"tableId\":12,\"updateBy\":\"\",\"updateTime\":\"2024-07-06 00:09:34\",\"usableColumn\":false},{\"capJavaField\":\"Content\",\"columnComment\":\"内容\",\"columnId\":65,\"columnName\":\"content\",\"columnType\":\"varchar(255)\",\"createBy\":\"admin\",\"createTime\":\"2024-07-05 21:52:28\",\"dictType\":\"\",\"edit\":true,\"htmlType\":\"editor\",\"increment\":false,\"insert\":true,\"isEdit\":\"1\",\"isIncremen', '{\"msg\":\"操作成功\",\"code\":200}', 0, NULL, '2024-07-06 15:29:20', 38);
INSERT INTO `sys_oper_log` VALUES (186, '代码生成', 2, 'com.ruoyi.gen.controller.GenController.editSave()', 'PUT', 1, 'admin', NULL, '/gen', '127.0.0.1', '', '{\"businessName\":\"feedbackresults\",\"className\":\"Feedbackresults\",\"columns\":[{\"capJavaField\":\"Id\",\"columnComment\":\"投诉处理结果反馈id\",\"columnId\":68,\"columnName\":\"id\",\"columnType\":\"int\",\"createBy\":\"admin\",\"createTime\":\"2024-07-05 21:52:28\",\"dictType\":\"\",\"edit\":false,\"htmlType\":\"input\",\"increment\":false,\"insert\":false,\"isIncrement\":\"0\",\"isInsert\":\"0\",\"isPk\":\"1\",\"javaField\":\"id\",\"javaType\":\"Long\",\"list\":false,\"params\":{},\"pk\":true,\"query\":false,\"queryType\":\"EQ\",\"required\":false,\"sort\":1,\"superColumn\":false,\"tableId\":13,\"updateBy\":\"\",\"updateTime\":\"2024-07-05 23:54:50\",\"usableColumn\":false},{\"capJavaField\":\"HandleResultId\",\"columnComment\":\"处理结果id\",\"columnId\":69,\"columnName\":\"handle_result_id\",\"columnType\":\"int\",\"createBy\":\"admin\",\"createTime\":\"2024-07-05 21:52:28\",\"dictType\":\"\",\"edit\":true,\"htmlType\":\"input\",\"increment\":false,\"insert\":true,\"isEdit\":\"1\",\"isIncrement\":\"0\",\"isInsert\":\"1\",\"isList\":\"1\",\"isPk\":\"0\",\"isQuery\":\"1\",\"isRequired\":\"1\",\"javaField\":\"handleResultId\",\"javaType\":\"Long\",\"list\":true,\"params\":{},\"pk\":false,\"query\":true,\"queryType\":\"EQ\",\"required\":true,\"sort\":2,\"superColumn\":false,\"tableId\":13,\"updateBy\":\"\",\"updateTime\":\"2024-07-05 23:54:50\",\"usableColumn\":false},{\"capJavaField\":\"Rating\",\"columnComment\":\"评分\",\"columnId\":70,\"columnName\":\"rating\",\"columnType\":\"int\",\"createBy\":\"admin\",\"createTime\":\"2024-07-05 21:52:28\",\"dictType\":\"\",\"edit\":true,\"htmlType\":\"input\",\"increment\":false,\"insert\":true,\"isEdit\":\"1\",\"isIncrement\":\"0\",\"isInsert\":\"1\",\"isList\":\"1\",\"isPk\":\"0\",\"isQuery\":\"1\",\"isRequired\":\"1\",\"javaField\":\"rating\",\"javaType\":\"Long\",\"list\":true,\"params\":{},\"pk\":false,\"query\":true,\"queryType\":\"EQ\",\"required\":true,\"sort\":3,\"superColumn\":false,\"tableId\":13,\"updateBy\":\"\",\"updateTime\":\"2024-07-05 23:54:50\",\"usableColumn\":false}],\"crud\":true,\"functionAuthor\":\"ningf\",\"functionName\":\"投诉处理结果反馈\",\"genPath\":\"/\",\"genType\":\"0\",\"moduleName\":\"complaint\",\"options\":\"{\\\"parentMenuId\\\":\\\"2000\\\"}\",\"packageName\":\"com.ruoyi.complaint\",\"params\":{\"parentMenuId\":\"2000\"},\"parentMenuId\":\"2000\",\"sub\":', '{\"msg\":\"操作成功\",\"code\":200}', 0, NULL, '2024-07-06 15:29:30', 14);
INSERT INTO `sys_oper_log` VALUES (187, '代码生成', 2, 'com.ruoyi.gen.controller.GenController.editSave()', 'PUT', 1, 'admin', NULL, '/gen', '127.0.0.1', '', '{\"businessName\":\"handlingresults\",\"className\":\"Handlingresults\",\"columns\":[{\"capJavaField\":\"Id\",\"columnComment\":\"处理结果id\",\"columnId\":71,\"columnName\":\"id\",\"columnType\":\"int\",\"createBy\":\"admin\",\"createTime\":\"2024-07-05 21:52:28\",\"dictType\":\"\",\"edit\":false,\"htmlType\":\"input\",\"increment\":false,\"insert\":false,\"isIncrement\":\"0\",\"isInsert\":\"0\",\"isPk\":\"1\",\"javaField\":\"id\",\"javaType\":\"Long\",\"list\":false,\"params\":{},\"pk\":true,\"query\":false,\"queryType\":\"EQ\",\"required\":false,\"sort\":1,\"superColumn\":false,\"tableId\":14,\"updateBy\":\"\",\"updateTime\":\"2024-07-05 23:52:53\",\"usableColumn\":false},{\"capJavaField\":\"ComplaintId\",\"columnComment\":\"投诉id\",\"columnId\":72,\"columnName\":\"complaint_id\",\"columnType\":\"int\",\"createBy\":\"admin\",\"createTime\":\"2024-07-05 21:52:28\",\"dictType\":\"\",\"edit\":true,\"htmlType\":\"input\",\"increment\":false,\"insert\":true,\"isEdit\":\"1\",\"isIncrement\":\"0\",\"isInsert\":\"1\",\"isList\":\"1\",\"isPk\":\"0\",\"isQuery\":\"1\",\"isRequired\":\"1\",\"javaField\":\"complaintId\",\"javaType\":\"Long\",\"list\":true,\"params\":{},\"pk\":false,\"query\":true,\"queryType\":\"EQ\",\"required\":true,\"sort\":2,\"superColumn\":false,\"tableId\":14,\"updateBy\":\"\",\"updateTime\":\"2024-07-05 23:52:53\",\"usableColumn\":false},{\"capJavaField\":\"Result\",\"columnComment\":\"结果\",\"columnId\":73,\"columnName\":\"result\",\"columnType\":\"text\",\"createBy\":\"admin\",\"createTime\":\"2024-07-05 21:52:28\",\"dictType\":\"\",\"edit\":true,\"htmlType\":\"textarea\",\"increment\":false,\"insert\":true,\"isEdit\":\"1\",\"isIncrement\":\"0\",\"isInsert\":\"1\",\"isList\":\"1\",\"isPk\":\"0\",\"isQuery\":\"0\",\"isRequired\":\"1\",\"javaField\":\"result\",\"javaType\":\"String\",\"list\":true,\"params\":{},\"pk\":false,\"query\":false,\"queryType\":\"EQ\",\"required\":true,\"sort\":3,\"superColumn\":false,\"tableId\":14,\"updateBy\":\"\",\"updateTime\":\"2024-07-05 23:52:53\",\"usableColumn\":false},{\"capJavaField\":\"HandleTime\",\"columnComment\":\"处理时间\",\"columnId\":74,\"columnName\":\"handle_time\",\"columnType\":\"datetime\",\"createBy\":\"admin\",\"createTime\":\"2024-07-05 21:52:28\",\"dictType\":\"\",\"edit\":true,\"htmlType\":\"datetime\",\"increment\":false,\"insert\":true,\"isEdit\":\"1\"', '{\"msg\":\"操作成功\",\"code\":200}', 0, NULL, '2024-07-06 15:29:39', 38);
INSERT INTO `sys_oper_log` VALUES (188, '代码生成', 2, 'com.ruoyi.gen.controller.GenController.editSave()', 'PUT', 1, 'admin', NULL, '/gen', '127.0.0.1', '', '{\"businessName\":\"nonstarhotels\",\"className\":\"Nonstarhotels\",\"columns\":[{\"capJavaField\":\"Id\",\"columnComment\":\"非星级酒店id\",\"columnId\":87,\"columnName\":\"id\",\"columnType\":\"int\",\"createBy\":\"admin\",\"createTime\":\"2024-07-05 21:52:28\",\"dictType\":\"\",\"edit\":false,\"htmlType\":\"input\",\"increment\":false,\"insert\":false,\"isIncrement\":\"0\",\"isInsert\":\"0\",\"isPk\":\"1\",\"javaField\":\"id\",\"javaType\":\"Long\",\"list\":false,\"params\":{},\"pk\":true,\"query\":false,\"queryType\":\"EQ\",\"required\":false,\"sort\":1,\"superColumn\":false,\"tableId\":17,\"updateBy\":\"\",\"updateTime\":\"2024-07-05 23:37:47\",\"usableColumn\":false},{\"capJavaField\":\"Name\",\"columnComment\":\"酒店名称\",\"columnId\":88,\"columnName\":\"name\",\"columnType\":\"varchar(255)\",\"createBy\":\"admin\",\"createTime\":\"2024-07-05 21:52:28\",\"dictType\":\"\",\"edit\":true,\"htmlType\":\"input\",\"increment\":false,\"insert\":true,\"isEdit\":\"1\",\"isIncrement\":\"0\",\"isInsert\":\"1\",\"isList\":\"1\",\"isPk\":\"0\",\"isQuery\":\"1\",\"isRequired\":\"1\",\"javaField\":\"name\",\"javaType\":\"String\",\"list\":true,\"params\":{},\"pk\":false,\"query\":true,\"queryType\":\"LIKE\",\"required\":true,\"sort\":2,\"superColumn\":false,\"tableId\":17,\"updateBy\":\"\",\"updateTime\":\"2024-07-05 23:37:47\",\"usableColumn\":false},{\"capJavaField\":\"MinPrice\",\"columnComment\":\"最低价\",\"columnId\":89,\"columnName\":\"min_price\",\"columnType\":\"decimal(10,2)\",\"createBy\":\"admin\",\"createTime\":\"2024-07-05 21:52:28\",\"dictType\":\"\",\"edit\":true,\"htmlType\":\"input\",\"increment\":false,\"insert\":true,\"isEdit\":\"1\",\"isIncrement\":\"0\",\"isInsert\":\"1\",\"isList\":\"1\",\"isPk\":\"0\",\"isQuery\":\"0\",\"isRequired\":\"1\",\"javaField\":\"minPrice\",\"javaType\":\"BigDecimal\",\"list\":true,\"params\":{},\"pk\":false,\"query\":false,\"queryType\":\"EQ\",\"required\":true,\"sort\":3,\"superColumn\":false,\"tableId\":17,\"updateBy\":\"\",\"updateTime\":\"2024-07-05 23:37:47\",\"usableColumn\":false},{\"capJavaField\":\"TotalQuantity\",\"columnComment\":\"总剩余量\",\"columnId\":90,\"columnName\":\"total_quantity\",\"columnType\":\"int\",\"createBy\":\"admin\",\"createTime\":\"2024-07-05 21:52:28\",\"dictType\":\"\",\"edit\":true,\"htmlType\":\"input\",\"increment\":false,\"insert\":true,\"isEdit\"', '{\"msg\":\"操作成功\",\"code\":200}', 0, NULL, '2024-07-06 15:29:49', 15);
INSERT INTO `sys_oper_log` VALUES (189, '代码生成', 2, 'com.ruoyi.gen.controller.GenController.editSave()', 'PUT', 1, 'admin', NULL, '/gen', '127.0.0.1', '', '{\"businessName\":\"reviews\",\"className\":\"Reviews\",\"columns\":[{\"capJavaField\":\"Id\",\"columnComment\":\"餐饮娱乐评价id\",\"columnId\":92,\"columnName\":\"id\",\"columnType\":\"int\",\"createBy\":\"admin\",\"createTime\":\"2024-07-05 21:52:28\",\"dictType\":\"\",\"edit\":false,\"htmlType\":\"input\",\"increment\":false,\"insert\":false,\"isIncrement\":\"0\",\"isInsert\":\"0\",\"isPk\":\"1\",\"javaField\":\"id\",\"javaType\":\"Long\",\"list\":false,\"params\":{},\"pk\":true,\"query\":false,\"queryType\":\"EQ\",\"required\":false,\"sort\":1,\"superColumn\":false,\"tableId\":18,\"updateBy\":\"\",\"updateTime\":\"2024-07-06 00:07:55\",\"usableColumn\":false},{\"capJavaField\":\"DiningEntertainmentId\",\"columnComment\":\"餐饮娱乐id\",\"columnId\":93,\"columnName\":\"dining_entertainment_id\",\"columnType\":\"int\",\"createBy\":\"admin\",\"createTime\":\"2024-07-05 21:52:28\",\"dictType\":\"\",\"edit\":true,\"htmlType\":\"input\",\"increment\":false,\"insert\":true,\"isEdit\":\"1\",\"isIncrement\":\"0\",\"isInsert\":\"1\",\"isList\":\"1\",\"isPk\":\"0\",\"isQuery\":\"1\",\"javaField\":\"diningEntertainmentId\",\"javaType\":\"Long\",\"list\":true,\"params\":{},\"pk\":false,\"query\":true,\"queryType\":\"EQ\",\"required\":false,\"sort\":2,\"superColumn\":false,\"tableId\":18,\"updateBy\":\"\",\"updateTime\":\"2024-07-06 00:07:55\",\"usableColumn\":false},{\"capJavaField\":\"Content\",\"columnComment\":\"内容\",\"columnId\":94,\"columnName\":\"content\",\"columnType\":\"varchar(255)\",\"createBy\":\"admin\",\"createTime\":\"2024-07-05 21:52:28\",\"dictType\":\"\",\"edit\":true,\"htmlType\":\"editor\",\"increment\":false,\"insert\":true,\"isEdit\":\"1\",\"isIncrement\":\"0\",\"isInsert\":\"1\",\"isList\":\"1\",\"isPk\":\"0\",\"isQuery\":\"0\",\"isRequired\":\"1\",\"javaField\":\"content\",\"javaType\":\"String\",\"list\":true,\"params\":{},\"pk\":false,\"query\":false,\"queryType\":\"EQ\",\"required\":true,\"sort\":3,\"superColumn\":false,\"tableId\":18,\"updateBy\":\"\",\"updateTime\":\"2024-07-06 00:07:55\",\"usableColumn\":false},{\"capJavaField\":\"GuestName\",\"columnComment\":\"用户id\",\"columnId\":95,\"columnName\":\"guest_name\",\"columnType\":\"bigint\",\"createBy\":\"admin\",\"createTime\":\"2024-07-05 21:52:28\",\"dictType\":\"\",\"edit\":true,\"htmlType\":\"input\",\"increment\":false,\"insert\":true,\"isEdit', '{\"msg\":\"操作成功\",\"code\":200}', 0, NULL, '2024-07-06 15:29:57', 16);
INSERT INTO `sys_oper_log` VALUES (190, '代码生成', 2, 'com.ruoyi.gen.controller.GenController.editSave()', 'PUT', 1, 'admin', NULL, '/gen', '127.0.0.1', '', '{\"businessName\":\"reviews\",\"className\":\"NonstarhotelReviews\",\"columns\":[{\"capJavaField\":\"Id\",\"columnComment\":\"非星级酒店评价id\",\"columnId\":100,\"columnName\":\"id\",\"columnType\":\"int\",\"createBy\":\"admin\",\"createTime\":\"2024-07-05 23:19:38\",\"dictType\":\"\",\"edit\":false,\"htmlType\":\"input\",\"increment\":false,\"insert\":false,\"isIncrement\":\"0\",\"isInsert\":\"0\",\"isPk\":\"1\",\"javaField\":\"id\",\"javaType\":\"Long\",\"list\":false,\"params\":{},\"pk\":true,\"query\":false,\"queryType\":\"EQ\",\"required\":false,\"sort\":1,\"superColumn\":false,\"tableId\":20,\"updateBy\":\"\",\"updateTime\":\"2024-07-05 23:37:54\",\"usableColumn\":false},{\"capJavaField\":\"HotelId\",\"columnComment\":\"酒店id\",\"columnId\":101,\"columnName\":\"hotel_id\",\"columnType\":\"int\",\"createBy\":\"admin\",\"createTime\":\"2024-07-05 23:19:38\",\"dictType\":\"\",\"edit\":true,\"htmlType\":\"input\",\"increment\":false,\"insert\":true,\"isEdit\":\"1\",\"isIncrement\":\"0\",\"isInsert\":\"1\",\"isList\":\"1\",\"isPk\":\"0\",\"isQuery\":\"1\",\"javaField\":\"hotelId\",\"javaType\":\"Long\",\"list\":true,\"params\":{},\"pk\":false,\"query\":true,\"queryType\":\"EQ\",\"required\":false,\"sort\":2,\"superColumn\":false,\"tableId\":20,\"updateBy\":\"\",\"updateTime\":\"2024-07-05 23:37:54\",\"usableColumn\":false},{\"capJavaField\":\"Content\",\"columnComment\":\"内容\",\"columnId\":102,\"columnName\":\"content\",\"columnType\":\"varchar(255)\",\"createBy\":\"admin\",\"createTime\":\"2024-07-05 23:19:38\",\"dictType\":\"\",\"edit\":true,\"htmlType\":\"editor\",\"increment\":false,\"insert\":true,\"isEdit\":\"1\",\"isIncrement\":\"0\",\"isInsert\":\"1\",\"isList\":\"1\",\"isPk\":\"0\",\"isQuery\":\"0\",\"isRequired\":\"1\",\"javaField\":\"content\",\"javaType\":\"String\",\"list\":true,\"params\":{},\"pk\":false,\"query\":false,\"queryType\":\"EQ\",\"required\":true,\"sort\":3,\"superColumn\":false,\"tableId\":20,\"updateBy\":\"\",\"updateTime\":\"2024-07-05 23:37:54\",\"usableColumn\":false},{\"capJavaField\":\"GuestId\",\"columnComment\":\"用户id\",\"columnId\":103,\"columnName\":\"guest_id\",\"columnType\":\"bigint\",\"createBy\":\"admin\",\"createTime\":\"2024-07-05 23:19:38\",\"dictType\":\"\",\"edit\":true,\"htmlType\":\"input\",\"increment\":false,\"insert\":true,\"isEdit\":\"1\",\"isIncrement\":\"0\",\"isInser', '{\"msg\":\"操作成功\",\"code\":200}', 0, NULL, '2024-07-06 15:30:08', 19);
INSERT INTO `sys_oper_log` VALUES (191, '代码生成', 2, 'com.ruoyi.gen.controller.GenController.editSave()', 'PUT', 1, 'admin', NULL, '/gen', '127.0.0.1', '', '{\"businessName\":\"starhotelreviews\",\"className\":\"Starhotelreviews\",\"columns\":[{\"capJavaField\":\"Id\",\"columnComment\":\"星级酒店评价id\",\"columnId\":105,\"columnName\":\"id\",\"columnType\":\"int\",\"createBy\":\"admin\",\"createTime\":\"2024-07-05 23:19:38\",\"dictType\":\"\",\"edit\":false,\"htmlType\":\"input\",\"increment\":false,\"insert\":false,\"isIncrement\":\"0\",\"isInsert\":\"0\",\"isPk\":\"1\",\"javaField\":\"id\",\"javaType\":\"Long\",\"list\":false,\"params\":{},\"pk\":true,\"query\":false,\"queryType\":\"EQ\",\"required\":false,\"sort\":1,\"superColumn\":false,\"tableId\":21,\"updateBy\":\"\",\"updateTime\":\"2024-07-05 23:37:58\",\"usableColumn\":false},{\"capJavaField\":\"HotelId\",\"columnComment\":\"酒店id\",\"columnId\":106,\"columnName\":\"hotel_id\",\"columnType\":\"int\",\"createBy\":\"admin\",\"createTime\":\"2024-07-05 23:19:38\",\"dictType\":\"\",\"edit\":true,\"htmlType\":\"input\",\"increment\":false,\"insert\":true,\"isEdit\":\"1\",\"isIncrement\":\"0\",\"isInsert\":\"1\",\"isList\":\"1\",\"isPk\":\"0\",\"isQuery\":\"1\",\"javaField\":\"hotelId\",\"javaType\":\"Long\",\"list\":true,\"params\":{},\"pk\":false,\"query\":true,\"queryType\":\"EQ\",\"required\":false,\"sort\":2,\"superColumn\":false,\"tableId\":21,\"updateBy\":\"\",\"updateTime\":\"2024-07-05 23:37:58\",\"usableColumn\":false},{\"capJavaField\":\"Content\",\"columnComment\":\"内容\",\"columnId\":107,\"columnName\":\"content\",\"columnType\":\"varchar(255)\",\"createBy\":\"admin\",\"createTime\":\"2024-07-05 23:19:38\",\"dictType\":\"\",\"edit\":true,\"htmlType\":\"editor\",\"increment\":false,\"insert\":true,\"isEdit\":\"1\",\"isIncrement\":\"0\",\"isInsert\":\"1\",\"isList\":\"1\",\"isPk\":\"0\",\"isQuery\":\"0\",\"isRequired\":\"1\",\"javaField\":\"content\",\"javaType\":\"String\",\"list\":true,\"params\":{},\"pk\":false,\"query\":false,\"queryType\":\"EQ\",\"required\":true,\"sort\":3,\"superColumn\":false,\"tableId\":21,\"updateBy\":\"\",\"updateTime\":\"2024-07-05 23:37:58\",\"usableColumn\":false},{\"capJavaField\":\"GuestId\",\"columnComment\":\"用户id\",\"columnId\":108,\"columnName\":\"guest_id\",\"columnType\":\"bigint\",\"createBy\":\"admin\",\"createTime\":\"2024-07-05 23:19:38\",\"dictType\":\"\",\"edit\":true,\"htmlType\":\"input\",\"increment\":false,\"insert\":true,\"isEdit\":\"1\",\"isIncrement\":\"0\",\"is', '{\"msg\":\"操作成功\",\"code\":200}', 0, NULL, '2024-07-06 15:30:19', 26);
INSERT INTO `sys_oper_log` VALUES (192, '代码生成', 2, 'com.ruoyi.gen.controller.GenController.editSave()', 'PUT', 1, 'admin', NULL, '/gen', '127.0.0.1', '', '{\"businessName\":\"nonstarbookings\",\"className\":\"Nonstarbookings\",\"columns\":[{\"capJavaField\":\"Id\",\"columnComment\":\"非星级酒店预定id\",\"columnId\":110,\"columnName\":\"id\",\"columnType\":\"int\",\"createBy\":\"admin\",\"createTime\":\"2024-07-05 23:40:05\",\"dictType\":\"\",\"edit\":false,\"htmlType\":\"input\",\"increment\":false,\"insert\":false,\"isIncrement\":\"0\",\"isInsert\":\"0\",\"isPk\":\"1\",\"javaField\":\"id\",\"javaType\":\"Long\",\"list\":false,\"params\":{},\"pk\":true,\"query\":false,\"queryType\":\"EQ\",\"required\":false,\"sort\":1,\"superColumn\":false,\"tableId\":22,\"updateBy\":\"\",\"updateTime\":\"2024-07-05 23:42:41\",\"usableColumn\":false},{\"capJavaField\":\"HotelId\",\"columnComment\":\"酒店id\",\"columnId\":111,\"columnName\":\"hotel_id\",\"columnType\":\"int\",\"createBy\":\"admin\",\"createTime\":\"2024-07-05 23:40:05\",\"dictType\":\"\",\"edit\":true,\"htmlType\":\"input\",\"increment\":false,\"insert\":true,\"isEdit\":\"1\",\"isIncrement\":\"0\",\"isInsert\":\"1\",\"isList\":\"1\",\"isPk\":\"0\",\"isQuery\":\"1\",\"isRequired\":\"1\",\"javaField\":\"hotelId\",\"javaType\":\"Long\",\"list\":true,\"params\":{},\"pk\":false,\"query\":true,\"queryType\":\"EQ\",\"required\":true,\"sort\":2,\"superColumn\":false,\"tableId\":22,\"updateBy\":\"\",\"updateTime\":\"2024-07-05 23:42:41\",\"usableColumn\":false},{\"capJavaField\":\"RoomTypeId\",\"columnComment\":\"房型id\",\"columnId\":112,\"columnName\":\"room_type_id\",\"columnType\":\"int\",\"createBy\":\"admin\",\"createTime\":\"2024-07-05 23:40:05\",\"dictType\":\"\",\"edit\":true,\"htmlType\":\"input\",\"increment\":false,\"insert\":true,\"isEdit\":\"1\",\"isIncrement\":\"0\",\"isInsert\":\"1\",\"isList\":\"1\",\"isPk\":\"0\",\"isQuery\":\"0\",\"isRequired\":\"1\",\"javaField\":\"roomTypeId\",\"javaType\":\"Long\",\"list\":true,\"params\":{},\"pk\":false,\"query\":false,\"queryType\":\"EQ\",\"required\":true,\"sort\":3,\"superColumn\":false,\"tableId\":22,\"updateBy\":\"\",\"updateTime\":\"2024-07-05 23:42:41\",\"usableColumn\":false},{\"capJavaField\":\"GuestName\",\"columnComment\":\"用户id\",\"columnId\":113,\"columnName\":\"guest_name\",\"columnType\":\"bigint\",\"createBy\":\"admin\",\"createTime\":\"2024-07-05 23:40:05\",\"dictType\":\"\",\"edit\":true,\"htmlType\":\"input\",\"increment\":false,\"insert\":true,\"isEdit\":\"1\",\"', '{\"msg\":\"操作成功\",\"code\":200}', 0, NULL, '2024-07-06 15:30:27', 19);
INSERT INTO `sys_oper_log` VALUES (193, '代码生成', 2, 'com.ruoyi.gen.controller.GenController.editSave()', 'PUT', 1, 'admin', NULL, '/gen', '127.0.0.1', '', '{\"businessName\":\"starbookings\",\"className\":\"Starbookings\",\"columns\":[{\"capJavaField\":\"Id\",\"columnComment\":\"星级酒店预定id\",\"columnId\":116,\"columnName\":\"id\",\"columnType\":\"int\",\"createBy\":\"admin\",\"createTime\":\"2024-07-05 23:40:05\",\"dictType\":\"\",\"edit\":false,\"htmlType\":\"input\",\"increment\":false,\"insert\":false,\"isIncrement\":\"0\",\"isInsert\":\"0\",\"isPk\":\"1\",\"javaField\":\"id\",\"javaType\":\"Long\",\"list\":false,\"params\":{},\"pk\":true,\"query\":false,\"queryType\":\"EQ\",\"required\":false,\"sort\":1,\"superColumn\":false,\"tableId\":23,\"updateBy\":\"\",\"updateTime\":\"2024-07-05 23:44:05\",\"usableColumn\":false},{\"capJavaField\":\"HotelId\",\"columnComment\":\"酒店id\",\"columnId\":117,\"columnName\":\"hotel_id\",\"columnType\":\"int\",\"createBy\":\"admin\",\"createTime\":\"2024-07-05 23:40:05\",\"dictType\":\"\",\"edit\":true,\"htmlType\":\"input\",\"increment\":false,\"insert\":true,\"isEdit\":\"1\",\"isIncrement\":\"0\",\"isInsert\":\"1\",\"isList\":\"1\",\"isPk\":\"0\",\"isQuery\":\"1\",\"isRequired\":\"1\",\"javaField\":\"hotelId\",\"javaType\":\"Long\",\"list\":true,\"params\":{},\"pk\":false,\"query\":true,\"queryType\":\"EQ\",\"required\":true,\"sort\":2,\"superColumn\":false,\"tableId\":23,\"updateBy\":\"\",\"updateTime\":\"2024-07-05 23:44:05\",\"usableColumn\":false},{\"capJavaField\":\"RoomTypeId\",\"columnComment\":\"房型id\",\"columnId\":118,\"columnName\":\"room_type_id\",\"columnType\":\"int\",\"createBy\":\"admin\",\"createTime\":\"2024-07-05 23:40:05\",\"dictType\":\"\",\"edit\":true,\"htmlType\":\"input\",\"increment\":false,\"insert\":true,\"isEdit\":\"1\",\"isIncrement\":\"0\",\"isInsert\":\"1\",\"isList\":\"1\",\"isPk\":\"0\",\"isQuery\":\"0\",\"isRequired\":\"1\",\"javaField\":\"roomTypeId\",\"javaType\":\"Long\",\"list\":true,\"params\":{},\"pk\":false,\"query\":false,\"queryType\":\"EQ\",\"required\":true,\"sort\":3,\"superColumn\":false,\"tableId\":23,\"updateBy\":\"\",\"updateTime\":\"2024-07-05 23:44:05\",\"usableColumn\":false},{\"capJavaField\":\"GuestName\",\"columnComment\":\"用户id\",\"columnId\":119,\"columnName\":\"guest_name\",\"columnType\":\"bigint\",\"createBy\":\"admin\",\"createTime\":\"2024-07-05 23:40:05\",\"dictType\":\"\",\"edit\":true,\"htmlType\":\"input\",\"increment\":false,\"insert\":true,\"isEdit\":\"1\",\"isIncre', '{\"msg\":\"操作成功\",\"code\":200}', 0, NULL, '2024-07-06 15:30:36', 19);
INSERT INTO `sys_oper_log` VALUES (194, '代码生成', 2, 'com.ruoyi.gen.controller.GenController.editSave()', 'PUT', 1, 'admin', NULL, '/gen', '127.0.0.1', '', '{\"businessName\":\"scenicspots\",\"className\":\"Scenicspots\",\"columns\":[{\"capJavaField\":\"Id\",\"columnComment\":\"景点id\",\"columnId\":122,\"columnName\":\"id\",\"columnType\":\"bigint\",\"createBy\":\"admin\",\"createTime\":\"2024-07-05 23:59:26\",\"dictType\":\"\",\"edit\":false,\"htmlType\":\"input\",\"increment\":false,\"insert\":false,\"isIncrement\":\"0\",\"isInsert\":\"0\",\"isPk\":\"1\",\"javaField\":\"id\",\"javaType\":\"Long\",\"list\":false,\"params\":{},\"pk\":true,\"query\":false,\"queryType\":\"EQ\",\"required\":false,\"sort\":1,\"superColumn\":false,\"tableId\":24,\"updateBy\":\"\",\"updateTime\":\"2024-07-06 00:00:36\",\"usableColumn\":false},{\"capJavaField\":\"ScenicAreaId\",\"columnComment\":\"景区id\",\"columnId\":123,\"columnName\":\"scenic_area_id\",\"columnType\":\"int\",\"createBy\":\"admin\",\"createTime\":\"2024-07-05 23:59:26\",\"dictType\":\"\",\"edit\":true,\"htmlType\":\"input\",\"increment\":false,\"insert\":true,\"isEdit\":\"1\",\"isIncrement\":\"0\",\"isInsert\":\"1\",\"isList\":\"1\",\"isPk\":\"0\",\"isQuery\":\"0\",\"javaField\":\"scenicAreaId\",\"javaType\":\"Long\",\"list\":true,\"params\":{},\"pk\":false,\"query\":false,\"queryType\":\"EQ\",\"required\":false,\"sort\":2,\"superColumn\":false,\"tableId\":24,\"updateBy\":\"\",\"updateTime\":\"2024-07-06 00:00:36\",\"usableColumn\":false},{\"capJavaField\":\"Address\",\"columnComment\":\"地址\",\"columnId\":124,\"columnName\":\"address\",\"columnType\":\"varchar(255)\",\"createBy\":\"admin\",\"createTime\":\"2024-07-05 23:59:26\",\"dictType\":\"\",\"edit\":true,\"htmlType\":\"input\",\"increment\":false,\"insert\":true,\"isEdit\":\"1\",\"isIncrement\":\"0\",\"isInsert\":\"1\",\"isList\":\"1\",\"isPk\":\"0\",\"isQuery\":\"1\",\"isRequired\":\"1\",\"javaField\":\"address\",\"javaType\":\"String\",\"list\":true,\"params\":{},\"pk\":false,\"query\":true,\"queryType\":\"EQ\",\"required\":true,\"sort\":3,\"superColumn\":false,\"tableId\":24,\"updateBy\":\"\",\"updateTime\":\"2024-07-06 00:00:36\",\"usableColumn\":false},{\"capJavaField\":\"Name\",\"columnComment\":\"景点名称\",\"columnId\":125,\"columnName\":\"name\",\"columnType\":\"varchar(50)\",\"createBy\":\"admin\",\"createTime\":\"2024-07-05 23:59:26\",\"dictType\":\"\",\"edit\":true,\"htmlType\":\"input\",\"increment\":false,\"insert\":true,\"isEdit\":\"1\",\"isIncrement\":\"0\",\"', '{\"msg\":\"操作成功\",\"code\":200}', 0, NULL, '2024-07-06 15:30:45', 15);
INSERT INTO `sys_oper_log` VALUES (195, '代码生成', 8, 'com.ruoyi.gen.controller.GenController.batchGenCode()', 'GET', 1, 'admin', NULL, '/gen/batchGenCode', '127.0.0.1', '', '{\"tables\":\"nonstarmarketingrecords,nonstarroomtypes,performancegroups,scenicareas,starhotels,starmarketingrecords,starroomtypes,complaints,diningentertainment,emergencyinfo,feedbackresults,handlingresults,nonstarhotels,reviews,nonstarhotel_reviews,starhotelreviews,nonstarbookings,starbookings,scenicspots\"}', NULL, 0, NULL, '2024-07-06 15:30:55', 1902);
INSERT INTO `sys_oper_log` VALUES (196, '角色管理', 1, 'com.ruoyi.system.controller.SysRoleController.add()', 'POST', 1, 'admin', NULL, '/role', '127.0.0.1', '', '{\"admin\":false,\"createBy\":\"admin\",\"deptCheckStrictly\":true,\"deptIds\":[],\"flag\":false,\"menuCheckStrictly\":true,\"menuIds\":[2001,2122,2000,2074,2080,2086,2002,2003,2062,2004,2026,2123,2124,2125,2126,2075,2077,2078,2081,2083,2084,2087,2089,2090,2063,2064,2065,2066,2027,2028,2029,2030],\"params\":{},\"roleId\":100,\"roleKey\":\"approver\",\"roleName\":\"平台管理人员\",\"roleSort\":2,\"status\":\"0\"}', '{\"msg\":\"操作成功\",\"code\":200}', 0, NULL, '2024-07-06 16:38:12', 207);
INSERT INTO `sys_oper_log` VALUES (197, '角色管理', 1, 'com.ruoyi.system.controller.SysRoleController.add()', 'POST', 1, 'admin', NULL, '/role', '127.0.0.1', '', '{\"admin\":false,\"createBy\":\"admin\",\"deptCheckStrictly\":true,\"deptIds\":[],\"flag\":false,\"menuCheckStrictly\":true,\"menuIds\":[2000,2074,2080,2086,2075,2077,2079,2081,2087,2088,2089,2090],\"params\":{},\"roleId\":101,\"roleKey\":\"complainthandler\",\"roleName\":\"投诉处理人员\",\"roleSort\":3,\"status\":\"0\"}', '{\"msg\":\"操作成功\",\"code\":200}', 0, NULL, '2024-07-06 16:49:25', 17);
INSERT INTO `sys_oper_log` VALUES (198, '角色管理', 5, 'com.ruoyi.system.controller.SysRoleController.export()', 'POST', 1, 'admin', NULL, '/role/export', '127.0.0.1', '', '{\"pageSize\":\"10\",\"pageNum\":\"1\"}', NULL, 0, NULL, '2024-07-06 16:51:28', 4069);
INSERT INTO `sys_oper_log` VALUES (199, '代码生成', 2, 'com.ruoyi.gen.controller.GenController.editSave()', 'PUT', 1, 'admin', NULL, '/gen', '127.0.0.1', '', '{\"businessName\":\"diningentertainment\",\"className\":\"Diningentertainment\",\"columns\":[{\"capJavaField\":\"Id\",\"columnComment\":\"餐饮娱乐id\",\"columnId\":56,\"columnName\":\"id\",\"columnType\":\"int\",\"createBy\":\"admin\",\"createTime\":\"2024-07-05 21:52:28\",\"dictType\":\"\",\"edit\":false,\"htmlType\":\"input\",\"increment\":false,\"insert\":false,\"isIncrement\":\"0\",\"isInsert\":\"0\",\"isPk\":\"1\",\"javaField\":\"id\",\"javaType\":\"Long\",\"list\":false,\"params\":{},\"pk\":true,\"query\":false,\"queryType\":\"EQ\",\"required\":false,\"sort\":1,\"superColumn\":false,\"tableId\":11,\"updateBy\":\"\",\"updateTime\":\"2024-07-06 15:29:12\",\"usableColumn\":false},{\"capJavaField\":\"Type\",\"columnComment\":\"类型\",\"columnId\":57,\"columnName\":\"type\",\"columnType\":\"varchar(50)\",\"createBy\":\"admin\",\"createTime\":\"2024-07-05 21:52:28\",\"dictType\":\"\",\"edit\":true,\"htmlType\":\"select\",\"increment\":false,\"insert\":true,\"isEdit\":\"1\",\"isIncrement\":\"0\",\"isInsert\":\"1\",\"isList\":\"1\",\"isPk\":\"0\",\"isQuery\":\"1\",\"isRequired\":\"1\",\"javaField\":\"type\",\"javaType\":\"String\",\"list\":true,\"params\":{},\"pk\":false,\"query\":true,\"queryType\":\"EQ\",\"required\":true,\"sort\":2,\"superColumn\":false,\"tableId\":11,\"updateBy\":\"\",\"updateTime\":\"2024-07-06 15:29:12\",\"usableColumn\":false},{\"capJavaField\":\"Name\",\"columnComment\":\"名称\",\"columnId\":58,\"columnName\":\"name\",\"columnType\":\"varchar(255)\",\"createBy\":\"admin\",\"createTime\":\"2024-07-05 21:52:28\",\"dictType\":\"\",\"edit\":true,\"htmlType\":\"input\",\"increment\":false,\"insert\":true,\"isEdit\":\"1\",\"isIncrement\":\"0\",\"isInsert\":\"1\",\"isList\":\"1\",\"isPk\":\"0\",\"isQuery\":\"1\",\"isRequired\":\"1\",\"javaField\":\"name\",\"javaType\":\"String\",\"list\":true,\"params\":{},\"pk\":false,\"query\":true,\"queryType\":\"LIKE\",\"required\":true,\"sort\":3,\"superColumn\":false,\"tableId\":11,\"updateBy\":\"\",\"updateTime\":\"2024-07-06 15:29:12\",\"usableColumn\":false},{\"capJavaField\":\"OpeningTime\",\"columnComment\":\"营业开始时间\",\"columnId\":59,\"columnName\":\"opening_time\",\"columnType\":\"time\",\"createBy\":\"admin\",\"createTime\":\"2024-07-05 21:52:28\",\"dictType\":\"\",\"edit\":true,\"htmlType\":\"input\",\"increment\":false,\"insert\":true,\"isEdit\":\"1\",\"isIncr', '{\"msg\":\"操作成功\",\"code\":200}', 0, NULL, '2024-07-06 16:54:50', 42);
INSERT INTO `sys_oper_log` VALUES (200, '代码生成', 2, 'com.ruoyi.gen.controller.GenController.editSave()', 'PUT', 1, 'admin', NULL, '/gen', '127.0.0.1', '', '{\"businessName\":\"diningentertainment\",\"className\":\"Diningentertainment\",\"columns\":[{\"capJavaField\":\"Id\",\"columnComment\":\"餐饮娱乐id\",\"columnId\":56,\"columnName\":\"id\",\"columnType\":\"int\",\"createBy\":\"admin\",\"createTime\":\"2024-07-05 21:52:28\",\"dictType\":\"\",\"edit\":false,\"htmlType\":\"input\",\"increment\":false,\"insert\":false,\"isIncrement\":\"0\",\"isInsert\":\"0\",\"isPk\":\"1\",\"javaField\":\"id\",\"javaType\":\"Long\",\"list\":false,\"params\":{},\"pk\":true,\"query\":false,\"queryType\":\"EQ\",\"required\":false,\"sort\":1,\"superColumn\":false,\"tableId\":11,\"updateBy\":\"\",\"updateTime\":\"2024-07-06 15:29:12\",\"usableColumn\":false},{\"capJavaField\":\"Type\",\"columnComment\":\"类型\",\"columnId\":57,\"columnName\":\"type\",\"columnType\":\"varchar(50)\",\"createBy\":\"admin\",\"createTime\":\"2024-07-05 21:52:28\",\"dictType\":\"\",\"edit\":true,\"htmlType\":\"select\",\"increment\":false,\"insert\":true,\"isEdit\":\"1\",\"isIncrement\":\"0\",\"isInsert\":\"1\",\"isList\":\"1\",\"isPk\":\"0\",\"isQuery\":\"1\",\"isRequired\":\"1\",\"javaField\":\"type\",\"javaType\":\"String\",\"list\":true,\"params\":{},\"pk\":false,\"query\":true,\"queryType\":\"EQ\",\"required\":true,\"sort\":2,\"superColumn\":false,\"tableId\":11,\"updateBy\":\"\",\"updateTime\":\"2024-07-06 15:29:12\",\"usableColumn\":false},{\"capJavaField\":\"Name\",\"columnComment\":\"名称\",\"columnId\":58,\"columnName\":\"name\",\"columnType\":\"varchar(255)\",\"createBy\":\"admin\",\"createTime\":\"2024-07-05 21:52:28\",\"dictType\":\"\",\"edit\":true,\"htmlType\":\"input\",\"increment\":false,\"insert\":true,\"isEdit\":\"1\",\"isIncrement\":\"0\",\"isInsert\":\"1\",\"isList\":\"1\",\"isPk\":\"0\",\"isQuery\":\"1\",\"isRequired\":\"1\",\"javaField\":\"name\",\"javaType\":\"String\",\"list\":true,\"params\":{},\"pk\":false,\"query\":true,\"queryType\":\"LIKE\",\"required\":true,\"sort\":3,\"superColumn\":false,\"tableId\":11,\"updateBy\":\"\",\"updateTime\":\"2024-07-06 15:29:12\",\"usableColumn\":false},{\"capJavaField\":\"OpeningTime\",\"columnComment\":\"营业开始时间\",\"columnId\":59,\"columnName\":\"opening_time\",\"columnType\":\"time\",\"createBy\":\"admin\",\"createTime\":\"2024-07-05 21:52:28\",\"dictType\":\"\",\"edit\":true,\"htmlType\":\"input\",\"increment\":false,\"insert\":true,\"isEdit\":\"1\",\"isIncr', '{\"msg\":\"操作成功\",\"code\":200}', 0, NULL, '2024-07-06 16:54:50', 387);
INSERT INTO `sys_oper_log` VALUES (201, '代码生成', 2, 'com.ruoyi.gen.controller.GenController.editSave()', 'PUT', 1, 'admin', NULL, '/gen', '127.0.0.1', '', '{\"businessName\":\"diningentertainment\",\"className\":\"Diningentertainment\",\"columns\":[{\"capJavaField\":\"Id\",\"columnComment\":\"餐饮娱乐id\",\"columnId\":56,\"columnName\":\"id\",\"columnType\":\"int\",\"createBy\":\"admin\",\"createTime\":\"2024-07-05 21:52:28\",\"dictType\":\"\",\"edit\":false,\"htmlType\":\"input\",\"increment\":false,\"insert\":false,\"isIncrement\":\"0\",\"isInsert\":\"0\",\"isPk\":\"1\",\"javaField\":\"id\",\"javaType\":\"Long\",\"list\":false,\"params\":{},\"pk\":true,\"query\":false,\"queryType\":\"EQ\",\"required\":false,\"sort\":1,\"superColumn\":false,\"tableId\":11,\"updateBy\":\"\",\"updateTime\":\"2024-07-06 16:54:50\",\"usableColumn\":false},{\"capJavaField\":\"Type\",\"columnComment\":\"类型\",\"columnId\":57,\"columnName\":\"type\",\"columnType\":\"varchar(50)\",\"createBy\":\"admin\",\"createTime\":\"2024-07-05 21:52:28\",\"dictType\":\"\",\"edit\":true,\"htmlType\":\"input\",\"increment\":false,\"insert\":true,\"isEdit\":\"1\",\"isIncrement\":\"0\",\"isInsert\":\"1\",\"isList\":\"1\",\"isPk\":\"0\",\"isQuery\":\"1\",\"isRequired\":\"1\",\"javaField\":\"type\",\"javaType\":\"String\",\"list\":true,\"params\":{},\"pk\":false,\"query\":true,\"queryType\":\"EQ\",\"required\":true,\"sort\":2,\"superColumn\":false,\"tableId\":11,\"updateBy\":\"\",\"updateTime\":\"2024-07-06 16:54:50\",\"usableColumn\":false},{\"capJavaField\":\"Name\",\"columnComment\":\"名称\",\"columnId\":58,\"columnName\":\"name\",\"columnType\":\"varchar(255)\",\"createBy\":\"admin\",\"createTime\":\"2024-07-05 21:52:28\",\"dictType\":\"\",\"edit\":true,\"htmlType\":\"input\",\"increment\":false,\"insert\":true,\"isEdit\":\"1\",\"isIncrement\":\"0\",\"isInsert\":\"1\",\"isList\":\"1\",\"isPk\":\"0\",\"isQuery\":\"1\",\"isRequired\":\"1\",\"javaField\":\"name\",\"javaType\":\"String\",\"list\":true,\"params\":{},\"pk\":false,\"query\":true,\"queryType\":\"LIKE\",\"required\":true,\"sort\":3,\"superColumn\":false,\"tableId\":11,\"updateBy\":\"\",\"updateTime\":\"2024-07-06 16:54:50\",\"usableColumn\":false},{\"capJavaField\":\"OpeningTime\",\"columnComment\":\"营业开始时间\",\"columnId\":59,\"columnName\":\"opening_time\",\"columnType\":\"time\",\"createBy\":\"admin\",\"createTime\":\"2024-07-05 21:52:28\",\"dictType\":\"\",\"edit\":true,\"htmlType\":\"input\",\"increment\":false,\"insert\":true,\"isEdit\":\"1\",\"isIncre', '{\"msg\":\"操作成功\",\"code\":200}', 0, NULL, '2024-07-06 16:55:42', 40);
INSERT INTO `sys_oper_log` VALUES (202, '代码生成', 8, 'com.ruoyi.gen.controller.GenController.batchGenCode()', 'GET', 1, 'admin', NULL, '/gen/batchGenCode', '127.0.0.1', '', '{\"tables\":\"diningentertainment\"}', NULL, 0, NULL, '2024-07-06 16:55:48', 868);
INSERT INTO `sys_oper_log` VALUES (203, '代码生成', 2, 'com.ruoyi.gen.controller.GenController.editSave()', 'PUT', 1, 'admin', NULL, '/gen', '127.0.0.1', '', '{\"businessName\":\"diningentertainment\",\"className\":\"Diningentertainment\",\"columns\":[{\"capJavaField\":\"Id\",\"columnComment\":\"餐饮娱乐id\",\"columnId\":56,\"columnName\":\"id\",\"columnType\":\"int\",\"createBy\":\"admin\",\"createTime\":\"2024-07-05 21:52:28\",\"dictType\":\"\",\"edit\":false,\"htmlType\":\"input\",\"increment\":false,\"insert\":false,\"isIncrement\":\"0\",\"isInsert\":\"0\",\"isPk\":\"1\",\"javaField\":\"id\",\"javaType\":\"Long\",\"list\":false,\"params\":{},\"pk\":true,\"query\":false,\"queryType\":\"EQ\",\"required\":false,\"sort\":1,\"superColumn\":false,\"tableId\":11,\"updateBy\":\"\",\"updateTime\":\"2024-07-06 16:55:42\",\"usableColumn\":false},{\"capJavaField\":\"Type\",\"columnComment\":\"类型\",\"columnId\":57,\"columnName\":\"type\",\"columnType\":\"varchar(50)\",\"createBy\":\"admin\",\"createTime\":\"2024-07-05 21:52:28\",\"dictType\":\"\",\"edit\":true,\"htmlType\":\"input\",\"increment\":false,\"insert\":true,\"isEdit\":\"1\",\"isIncrement\":\"0\",\"isInsert\":\"1\",\"isList\":\"1\",\"isPk\":\"0\",\"isQuery\":\"1\",\"isRequired\":\"1\",\"javaField\":\"type\",\"javaType\":\"String\",\"list\":true,\"params\":{},\"pk\":false,\"query\":true,\"queryType\":\"EQ\",\"required\":true,\"sort\":2,\"superColumn\":false,\"tableId\":11,\"updateBy\":\"\",\"updateTime\":\"2024-07-06 16:55:42\",\"usableColumn\":false},{\"capJavaField\":\"Name\",\"columnComment\":\"名称\",\"columnId\":58,\"columnName\":\"name\",\"columnType\":\"varchar(255)\",\"createBy\":\"admin\",\"createTime\":\"2024-07-05 21:52:28\",\"dictType\":\"\",\"edit\":true,\"htmlType\":\"input\",\"increment\":false,\"insert\":true,\"isEdit\":\"1\",\"isIncrement\":\"0\",\"isInsert\":\"1\",\"isList\":\"1\",\"isPk\":\"0\",\"isQuery\":\"1\",\"isRequired\":\"1\",\"javaField\":\"name\",\"javaType\":\"String\",\"list\":true,\"params\":{},\"pk\":false,\"query\":true,\"queryType\":\"LIKE\",\"required\":true,\"sort\":3,\"superColumn\":false,\"tableId\":11,\"updateBy\":\"\",\"updateTime\":\"2024-07-06 16:55:42\",\"usableColumn\":false},{\"capJavaField\":\"OpeningTime\",\"columnComment\":\"营业开始时间\",\"columnId\":59,\"columnName\":\"opening_time\",\"columnType\":\"time\",\"createBy\":\"admin\",\"createTime\":\"2024-07-05 21:52:28\",\"dictType\":\"\",\"edit\":true,\"htmlType\":\"input\",\"increment\":false,\"insert\":true,\"isEdit\":\"1\",\"isIncre', '{\"msg\":\"操作成功\",\"code\":200}', 0, NULL, '2024-07-06 17:07:01', 76);
INSERT INTO `sys_oper_log` VALUES (204, '代码生成', 8, 'com.ruoyi.gen.controller.GenController.batchGenCode()', 'GET', 1, 'admin', NULL, '/gen/batchGenCode', '127.0.0.1', '', '{\"tables\":\"diningentertainment\"}', NULL, 0, NULL, '2024-07-06 17:07:32', 274);
INSERT INTO `sys_oper_log` VALUES (205, '餐饮娱乐信息', 1, 'com.ruoyi.entertainment.controller.DiningentertainmentController.add()', 'POST', 1, 'admin', NULL, '/diningentertainment', '127.0.0.1', '', '{\"address\":\"成都市\",\"closingTime\":\"18：00\",\"name\":\"创客餐厅\",\"openingTime\":\"8：00\",\"params\":{},\"type\":\"餐饮\"}', NULL, 1, '\r\n### Error updating database.  Cause: com.mysql.cj.jdbc.exceptions.MysqlDataTruncation: Data truncation: Incorrect time value: \'8：00\' for column \'opening_time\' at row 1\r\n### The error may exist in file [C:\\Users\\Lenovo\\Desktop\\实训\\RuoYi-Cloud-master\\RuoYi-Cloud-master\\ruoyi-modules\\ruoyi-entertainment\\target\\classes\\mapper\\entertainment\\DiningentertainmentMapper.xml]\r\n### The error may involve com.ruoyi.entertainment.mapper.DiningentertainmentMapper.insertDiningentertainment-Inline\r\n### The error occurred while setting parameters\r\n### SQL: insert into diningentertainment          ( type,             name,             opening_time,             address,             closing_time )           values ( ?,             ?,             ?,             ?,             ? )\r\n### Cause: com.mysql.cj.jdbc.exceptions.MysqlDataTruncation: Data truncation: Incorrect time value: \'8：00\' for column \'opening_time\' at row 1\n; Data truncation: Incorrect time value: \'8：00\' for column \'opening_time\' at row 1; nested exception is com.mysql.cj.jdbc.exceptions.MysqlDataTruncation: Data truncation: Incorrect time value: \'8：00\' for column \'opening_time\' at row 1', '2024-07-06 17:10:57', 460);
INSERT INTO `sys_oper_log` VALUES (206, '餐饮娱乐信息', 1, 'com.ruoyi.entertainment.controller.DiningentertainmentController.add()', 'POST', 1, 'admin', NULL, '/diningentertainment', '127.0.0.1', '', '{\"address\":\"成都市\",\"closingTime\":\"18：00\",\"name\":\"创客餐厅\",\"openingTime\":\"8：00\",\"params\":{},\"type\":\"餐饮\"}', NULL, 1, '\r\n### Error updating database.  Cause: com.mysql.cj.jdbc.exceptions.MysqlDataTruncation: Data truncation: Incorrect time value: \'8：00\' for column \'opening_time\' at row 1\r\n### The error may exist in file [C:\\Users\\Lenovo\\Desktop\\实训\\RuoYi-Cloud-master\\RuoYi-Cloud-master\\ruoyi-modules\\ruoyi-entertainment\\target\\classes\\mapper\\entertainment\\DiningentertainmentMapper.xml]\r\n### The error may involve com.ruoyi.entertainment.mapper.DiningentertainmentMapper.insertDiningentertainment-Inline\r\n### The error occurred while setting parameters\r\n### SQL: insert into diningentertainment          ( type,             name,             opening_time,             address,             closing_time )           values ( ?,             ?,             ?,             ?,             ? )\r\n### Cause: com.mysql.cj.jdbc.exceptions.MysqlDataTruncation: Data truncation: Incorrect time value: \'8：00\' for column \'opening_time\' at row 1\n; Data truncation: Incorrect time value: \'8：00\' for column \'opening_time\' at row 1; nested exception is com.mysql.cj.jdbc.exceptions.MysqlDataTruncation: Data truncation: Incorrect time value: \'8：00\' for column \'opening_time\' at row 1', '2024-07-06 17:10:57', 460);
INSERT INTO `sys_oper_log` VALUES (207, '餐饮娱乐信息', 1, 'com.ruoyi.entertainment.controller.DiningentertainmentController.add()', 'POST', 1, 'admin', NULL, '/diningentertainment', '127.0.0.1', '', '{\"address\":\"成都市\",\"closingTime\":\"18:00\",\"name\":\"创客餐厅\",\"openingTime\":\"08:00\",\"params\":{},\"type\":\"餐饮\"}', NULL, 1, '\r\n### Error updating database.  Cause: java.sql.SQLException: Field \'id\' doesn\'t have a default value\r\n### The error may exist in file [C:\\Users\\Lenovo\\Desktop\\实训\\RuoYi-Cloud-master\\RuoYi-Cloud-master\\ruoyi-modules\\ruoyi-entertainment\\target\\classes\\mapper\\entertainment\\DiningentertainmentMapper.xml]\r\n### The error may involve com.ruoyi.entertainment.mapper.DiningentertainmentMapper.insertDiningentertainment-Inline\r\n### The error occurred while setting parameters\r\n### SQL: insert into diningentertainment          ( type,             name,             opening_time,             address,             closing_time )           values ( ?,             ?,             ?,             ?,             ? )\r\n### Cause: java.sql.SQLException: Field \'id\' doesn\'t have a default value\n; Field \'id\' doesn\'t have a default value; nested exception is java.sql.SQLException: Field \'id\' doesn\'t have a default value', '2024-07-06 17:13:30', 20);
INSERT INTO `sys_oper_log` VALUES (208, '餐饮娱乐信息', 1, 'com.ruoyi.entertainment.controller.DiningentertainmentController.add()', 'POST', 1, 'admin', NULL, '/diningentertainment', '127.0.0.1', '', '{\"address\":\"成都市郫都区\",\"closingTime\":\"20:00:00\",\"name\":\"创客餐厅\",\"openingTime\":\"08:00:00\",\"params\":{},\"type\":\"餐饮\"}', '{\"msg\":\"操作成功\",\"code\":200}', 0, NULL, '2024-07-06 17:38:53', 33);
INSERT INTO `sys_oper_log` VALUES (209, '菜单管理', 3, 'com.ruoyi.system.controller.SysMenuController.remove()', 'DELETE', 1, 'admin', NULL, '/menu/2128', '127.0.0.1', '', '{}', '{\"msg\":\"存在子菜单,不允许删除\",\"code\":601}', 0, NULL, '2024-07-06 19:21:17', 51);
INSERT INTO `sys_oper_log` VALUES (210, '菜单管理', 3, 'com.ruoyi.system.controller.SysMenuController.remove()', 'DELETE', 1, 'admin', NULL, '/menu/2128', '127.0.0.1', '', '{}', '{\"msg\":\"存在子菜单,不允许删除\",\"code\":601}', 0, NULL, '2024-07-06 19:23:00', 4);
INSERT INTO `sys_oper_log` VALUES (211, '菜单管理', 3, 'com.ruoyi.system.controller.SysMenuController.remove()', 'DELETE', 1, 'admin', NULL, '/menu/2129', '127.0.0.1', '', '{}', '{\"msg\":\"操作成功\",\"code\":200}', 0, NULL, '2024-07-06 19:23:04', 22);
INSERT INTO `sys_oper_log` VALUES (212, '菜单管理', 3, 'com.ruoyi.system.controller.SysMenuController.remove()', 'DELETE', 1, 'admin', NULL, '/menu/2130', '127.0.0.1', '', '{}', '{\"msg\":\"操作成功\",\"code\":200}', 0, NULL, '2024-07-06 19:23:06', 19);
INSERT INTO `sys_oper_log` VALUES (213, '菜单管理', 3, 'com.ruoyi.system.controller.SysMenuController.remove()', 'DELETE', 1, 'admin', NULL, '/menu/2131', '127.0.0.1', '', '{}', '{\"msg\":\"操作成功\",\"code\":200}', 0, NULL, '2024-07-06 19:23:09', 12);
INSERT INTO `sys_oper_log` VALUES (214, '菜单管理', 3, 'com.ruoyi.system.controller.SysMenuController.remove()', 'DELETE', 1, 'admin', NULL, '/menu/2132', '127.0.0.1', '', '{}', '{\"msg\":\"操作成功\",\"code\":200}', 0, NULL, '2024-07-06 19:23:12', 14);
INSERT INTO `sys_oper_log` VALUES (215, '菜单管理', 3, 'com.ruoyi.system.controller.SysMenuController.remove()', 'DELETE', 1, 'admin', NULL, '/menu/2133', '127.0.0.1', '', '{}', '{\"msg\":\"操作成功\",\"code\":200}', 0, NULL, '2024-07-06 19:23:17', 14);
INSERT INTO `sys_oper_log` VALUES (216, '菜单管理', 3, 'com.ruoyi.system.controller.SysMenuController.remove()', 'DELETE', 1, 'admin', NULL, '/menu/2128', '127.0.0.1', '', '{}', '{\"msg\":\"操作成功\",\"code\":200}', 0, NULL, '2024-07-06 19:23:20', 11);
INSERT INTO `sys_oper_log` VALUES (217, '代码生成', 2, 'com.ruoyi.gen.controller.GenController.editSave()', 'PUT', 1, 'admin', NULL, '/gen', '127.0.0.1', '', '{\"businessName\":\"diningentertainment\",\"className\":\"Diningentertainment\",\"columns\":[{\"capJavaField\":\"Id\",\"columnComment\":\"餐饮娱乐id\",\"columnId\":56,\"columnName\":\"id\",\"columnType\":\"int\",\"createBy\":\"admin\",\"createTime\":\"2024-07-05 21:52:28\",\"dictType\":\"\",\"edit\":false,\"htmlType\":\"input\",\"increment\":false,\"insert\":false,\"isIncrement\":\"0\",\"isInsert\":\"0\",\"isPk\":\"1\",\"javaField\":\"id\",\"javaType\":\"Long\",\"list\":false,\"params\":{},\"pk\":true,\"query\":false,\"queryType\":\"EQ\",\"required\":false,\"sort\":1,\"superColumn\":false,\"tableId\":11,\"updateBy\":\"\",\"updateTime\":\"2024-07-06 17:07:01\",\"usableColumn\":false},{\"capJavaField\":\"Type\",\"columnComment\":\"类型\",\"columnId\":57,\"columnName\":\"type\",\"columnType\":\"varchar(50)\",\"createBy\":\"admin\",\"createTime\":\"2024-07-05 21:52:28\",\"dictType\":\"\",\"edit\":true,\"htmlType\":\"input\",\"increment\":false,\"insert\":true,\"isEdit\":\"1\",\"isIncrement\":\"0\",\"isInsert\":\"1\",\"isList\":\"1\",\"isPk\":\"0\",\"isQuery\":\"1\",\"isRequired\":\"1\",\"javaField\":\"type\",\"javaType\":\"String\",\"list\":true,\"params\":{},\"pk\":false,\"query\":true,\"queryType\":\"LIKE\",\"required\":true,\"sort\":2,\"superColumn\":false,\"tableId\":11,\"updateBy\":\"\",\"updateTime\":\"2024-07-06 17:07:01\",\"usableColumn\":false},{\"capJavaField\":\"Name\",\"columnComment\":\"名称\",\"columnId\":58,\"columnName\":\"name\",\"columnType\":\"varchar(255)\",\"createBy\":\"admin\",\"createTime\":\"2024-07-05 21:52:28\",\"dictType\":\"\",\"edit\":true,\"htmlType\":\"input\",\"increment\":false,\"insert\":true,\"isEdit\":\"1\",\"isIncrement\":\"0\",\"isInsert\":\"1\",\"isList\":\"1\",\"isPk\":\"0\",\"isQuery\":\"1\",\"isRequired\":\"1\",\"javaField\":\"name\",\"javaType\":\"String\",\"list\":true,\"params\":{},\"pk\":false,\"query\":true,\"queryType\":\"LIKE\",\"required\":true,\"sort\":3,\"superColumn\":false,\"tableId\":11,\"updateBy\":\"\",\"updateTime\":\"2024-07-06 17:07:01\",\"usableColumn\":false},{\"capJavaField\":\"OpeningTime\",\"columnComment\":\"营业开始时间\",\"columnId\":59,\"columnName\":\"opening_time\",\"columnType\":\"time\",\"createBy\":\"admin\",\"createTime\":\"2024-07-05 21:52:28\",\"dictType\":\"\",\"edit\":true,\"htmlType\":\"input\",\"increment\":false,\"insert\":true,\"isEdit\":\"1\",\"isInc', '{\"msg\":\"操作成功\",\"code\":200}', 0, NULL, '2024-07-06 19:26:56', 66);
INSERT INTO `sys_oper_log` VALUES (218, '代码生成', 8, 'com.ruoyi.gen.controller.GenController.batchGenCode()', 'GET', 1, 'admin', NULL, '/gen/batchGenCode', '127.0.0.1', '', '{\"tables\":\"diningentertainment\"}', NULL, 0, NULL, '2024-07-06 19:27:23', 273);
INSERT INTO `sys_oper_log` VALUES (219, '餐饮娱乐信息', 2, 'com.ruoyi.entertainment.controller.DiningentertainmentController.edit()', 'PUT', 1, 'admin', NULL, '/diningentertainment', '127.0.0.1', '', '{\"address\":\"成都市郫都区德源\",\"closingTime\":\"22:00:00\",\"id\":1,\"name\":\"麦当劳\",\"openingTime\":\"06:30:00\",\"params\":{},\"type\":\"餐饮\"}', '{\"msg\":\"操作成功\",\"code\":200}', 0, NULL, '2024-07-06 19:31:44', 133);
INSERT INTO `sys_oper_log` VALUES (220, '演出团体信息', 1, 'com.ruoyi.entertainment.controller.PerformancegroupsController.add()', 'POST', 1, 'admin', NULL, '/performancegroups', '127.0.0.1', '', '{\"capacity\":500,\"duration\":120,\"name\":\"大鸟转转转\",\"params\":{},\"price\":200,\"startTime\":\"2024-07-12\",\"venue\":\"成都\"}', '{\"msg\":\"操作成功\",\"code\":200}', 0, NULL, '2024-07-06 19:36:35', 31);
INSERT INTO `sys_oper_log` VALUES (221, '演出团体信息', 1, 'com.ruoyi.entertainment.controller.PerformancegroupsController.add()', 'POST', 1, 'admin', NULL, '/performancegroups', '127.0.0.1', '', '{\"capacity\":500,\"duration\":120,\"name\":\"南通\",\"params\":{},\"price\":200,\"startTime\":\"2024-07-17\",\"venue\":\"成都\"}', '{\"msg\":\"操作成功\",\"code\":200}', 0, NULL, '2024-07-06 20:00:24', 41);
INSERT INTO `sys_oper_log` VALUES (222, '演出团体信息', 2, 'com.ruoyi.entertainment.controller.PerformancegroupsController.edit()', 'PUT', 1, 'admin', NULL, '/performancegroups', '127.0.0.1', '', '{\"capacity\":500,\"duration\":120,\"id\":3,\"name\":\"南通\",\"params\":{},\"price\":200,\"startTime\":\"2024-07-24\",\"venue\":\"成都\"}', '{\"msg\":\"操作成功\",\"code\":200}', 0, NULL, '2024-07-06 20:06:02', 15);
INSERT INTO `sys_oper_log` VALUES (223, '代码生成', 2, 'com.ruoyi.gen.controller.GenController.editSave()', 'PUT', 1, 'admin', NULL, '/gen', '127.0.0.1', '', '{\"businessName\":\"performancegroups\",\"className\":\"Performancegroups\",\"columns\":[{\"capJavaField\":\"Id\",\"columnComment\":\"演出团体id\",\"columnId\":11,\"columnName\":\"id\",\"columnType\":\"int\",\"createBy\":\"admin\",\"createTime\":\"2024-07-05 21:51:15\",\"dictType\":\"\",\"edit\":false,\"htmlType\":\"input\",\"increment\":false,\"insert\":false,\"isIncrement\":\"0\",\"isInsert\":\"0\",\"isPk\":\"1\",\"javaField\":\"id\",\"javaType\":\"Long\",\"list\":false,\"params\":{},\"pk\":true,\"query\":false,\"queryType\":\"EQ\",\"required\":false,\"sort\":1,\"superColumn\":false,\"tableId\":3,\"updateBy\":\"\",\"updateTime\":\"2024-07-06 15:27:20\",\"usableColumn\":false},{\"capJavaField\":\"Name\",\"columnComment\":\"团体名称\",\"columnId\":12,\"columnName\":\"name\",\"columnType\":\"varchar(255)\",\"createBy\":\"admin\",\"createTime\":\"2024-07-05 21:51:15\",\"dictType\":\"\",\"edit\":true,\"htmlType\":\"input\",\"increment\":false,\"insert\":true,\"isEdit\":\"1\",\"isIncrement\":\"0\",\"isInsert\":\"1\",\"isList\":\"1\",\"isPk\":\"0\",\"isQuery\":\"1\",\"isRequired\":\"1\",\"javaField\":\"name\",\"javaType\":\"String\",\"list\":true,\"params\":{},\"pk\":false,\"query\":true,\"queryType\":\"LIKE\",\"required\":true,\"sort\":2,\"superColumn\":false,\"tableId\":3,\"updateBy\":\"\",\"updateTime\":\"2024-07-06 15:27:20\",\"usableColumn\":false},{\"capJavaField\":\"StartTime\",\"columnComment\":\"开始时间\",\"columnId\":13,\"columnName\":\"start_time\",\"columnType\":\"datetime\",\"createBy\":\"admin\",\"createTime\":\"2024-07-05 21:51:15\",\"dictType\":\"\",\"edit\":true,\"htmlType\":\"datetime\",\"increment\":false,\"insert\":true,\"isEdit\":\"1\",\"isIncrement\":\"0\",\"isInsert\":\"1\",\"isList\":\"1\",\"isPk\":\"0\",\"isQuery\":\"0\",\"isRequired\":\"1\",\"javaField\":\"startTime\",\"javaType\":\"Date\",\"list\":true,\"params\":{},\"pk\":false,\"query\":false,\"queryType\":\"EQ\",\"required\":true,\"sort\":3,\"superColumn\":false,\"tableId\":3,\"updateBy\":\"\",\"updateTime\":\"2024-07-06 15:27:20\",\"usableColumn\":false},{\"capJavaField\":\"Duration\",\"columnComment\":\"演出单场时长\",\"columnId\":14,\"columnName\":\"duration\",\"columnType\":\"int\",\"createBy\":\"admin\",\"createTime\":\"2024-07-05 21:51:15\",\"dictType\":\"\",\"edit\":true,\"htmlType\":\"input\",\"increment\":false,\"insert\":true,\"isEdit\":\"1\",\"isI', '{\"msg\":\"操作成功\",\"code\":200}', 0, NULL, '2024-07-06 20:19:53', 90);
INSERT INTO `sys_oper_log` VALUES (224, '代码生成', 8, 'com.ruoyi.gen.controller.GenController.batchGenCode()', 'GET', 1, 'admin', NULL, '/gen/batchGenCode', '127.0.0.1', '', '{\"tables\":\"performancegroups\"}', NULL, 0, NULL, '2024-07-06 20:20:03', 275);
INSERT INTO `sys_oper_log` VALUES (225, '菜单管理', 3, 'com.ruoyi.system.controller.SysMenuController.remove()', 'DELETE', 1, 'admin', NULL, '/menu/2105', '127.0.0.1', '', '{}', '{\"msg\":\"操作成功\",\"code\":200}', 0, NULL, '2024-07-06 21:45:03', 56);
INSERT INTO `sys_oper_log` VALUES (226, '菜单管理', 3, 'com.ruoyi.system.controller.SysMenuController.remove()', 'DELETE', 1, 'admin', NULL, '/menu/2106', '127.0.0.1', '', '{}', '{\"msg\":\"操作成功\",\"code\":200}', 0, NULL, '2024-07-06 21:45:05', 16);
INSERT INTO `sys_oper_log` VALUES (227, '菜单管理', 3, 'com.ruoyi.system.controller.SysMenuController.remove()', 'DELETE', 1, 'admin', NULL, '/menu/2107', '127.0.0.1', '', '{}', '{\"msg\":\"操作成功\",\"code\":200}', 0, NULL, '2024-07-06 21:45:06', 16);
INSERT INTO `sys_oper_log` VALUES (228, '菜单管理', 3, 'com.ruoyi.system.controller.SysMenuController.remove()', 'DELETE', 1, 'admin', NULL, '/menu/2108', '127.0.0.1', '', '{}', '{\"msg\":\"操作成功\",\"code\":200}', 0, NULL, '2024-07-06 21:45:07', 15);
INSERT INTO `sys_oper_log` VALUES (229, '菜单管理', 3, 'com.ruoyi.system.controller.SysMenuController.remove()', 'DELETE', 1, 'admin', NULL, '/menu/2109', '127.0.0.1', '', '{}', '{\"msg\":\"操作成功\",\"code\":200}', 0, NULL, '2024-07-06 21:45:08', 17);
INSERT INTO `sys_oper_log` VALUES (230, '菜单管理', 3, 'com.ruoyi.system.controller.SysMenuController.remove()', 'DELETE', 1, 'admin', NULL, '/menu/2104', '127.0.0.1', '', '{}', '{\"msg\":\"操作成功\",\"code\":200}', 0, NULL, '2024-07-06 21:45:09', 13);
INSERT INTO `sys_oper_log` VALUES (231, '代码生成', 3, 'com.ruoyi.gen.controller.GenController.remove()', 'DELETE', 1, 'admin', NULL, '/gen/18', '127.0.0.1', '', '{}', '{\"msg\":\"操作成功\",\"code\":200}', 0, NULL, '2024-07-06 21:49:11', 66);
INSERT INTO `sys_oper_log` VALUES (232, '代码生成', 6, 'com.ruoyi.gen.controller.GenController.importTableSave()', 'POST', 1, 'admin', NULL, '/gen/importTable', '127.0.0.1', '', '{\"tables\":\"reviews\"}', '{\"msg\":\"操作成功\",\"code\":200}', 0, NULL, '2024-07-06 21:49:15', 136);
INSERT INTO `sys_oper_log` VALUES (233, '代码生成', 3, 'com.ruoyi.gen.controller.GenController.remove()', 'DELETE', 1, 'admin', NULL, '/gen/11', '127.0.0.1', '', '{}', '{\"msg\":\"操作成功\",\"code\":200}', 0, NULL, '2024-07-08 15:26:03', 131);
INSERT INTO `sys_oper_log` VALUES (234, '代码生成', 6, 'com.ruoyi.gen.controller.GenController.importTableSave()', 'POST', 1, 'admin', NULL, '/gen/importTable', '127.0.0.1', '', '{\"tables\":\"diningentertainment\"}', '{\"msg\":\"操作成功\",\"code\":200}', 0, NULL, '2024-07-08 15:26:06', 108);
INSERT INTO `sys_oper_log` VALUES (235, '代码生成', 2, 'com.ruoyi.gen.controller.GenController.editSave()', 'PUT', 1, 'admin', NULL, '/gen', '127.0.0.1', '', '{\"businessName\":\"diningentertainment\",\"className\":\"Diningentertainment\",\"columns\":[{\"capJavaField\":\"Id\",\"columnComment\":\"餐饮娱乐id\",\"columnId\":132,\"columnName\":\"id\",\"columnType\":\"int\",\"createBy\":\"admin\",\"createTime\":\"2024-07-08 15:26:06\",\"dictType\":\"\",\"edit\":false,\"htmlType\":\"input\",\"increment\":true,\"insert\":false,\"isIncrement\":\"1\",\"isInsert\":\"0\",\"isPk\":\"1\",\"javaField\":\"id\",\"javaType\":\"Long\",\"list\":false,\"params\":{},\"pk\":true,\"query\":false,\"queryType\":\"EQ\",\"required\":false,\"sort\":1,\"superColumn\":false,\"tableId\":26,\"updateBy\":\"\",\"usableColumn\":false},{\"capJavaField\":\"Type\",\"columnComment\":\"类型\",\"columnId\":133,\"columnName\":\"type\",\"columnType\":\"varchar(50)\",\"createBy\":\"admin\",\"createTime\":\"2024-07-08 15:26:06\",\"dictType\":\"\",\"edit\":true,\"htmlType\":\"select\",\"increment\":false,\"insert\":true,\"isEdit\":\"1\",\"isIncrement\":\"0\",\"isInsert\":\"1\",\"isList\":\"1\",\"isPk\":\"0\",\"isQuery\":\"1\",\"isRequired\":\"1\",\"javaField\":\"type\",\"javaType\":\"String\",\"list\":true,\"params\":{},\"pk\":false,\"query\":true,\"queryType\":\"LIKE\",\"required\":true,\"sort\":2,\"superColumn\":false,\"tableId\":26,\"updateBy\":\"\",\"usableColumn\":false},{\"capJavaField\":\"Name\",\"columnComment\":\"名称\",\"columnId\":134,\"columnName\":\"name\",\"columnType\":\"varchar(255)\",\"createBy\":\"admin\",\"createTime\":\"2024-07-08 15:26:06\",\"dictType\":\"\",\"edit\":true,\"htmlType\":\"input\",\"increment\":false,\"insert\":true,\"isEdit\":\"1\",\"isIncrement\":\"0\",\"isInsert\":\"1\",\"isList\":\"1\",\"isPk\":\"0\",\"isQuery\":\"1\",\"isRequired\":\"1\",\"javaField\":\"name\",\"javaType\":\"String\",\"list\":true,\"params\":{},\"pk\":false,\"query\":true,\"queryType\":\"LIKE\",\"required\":true,\"sort\":3,\"superColumn\":false,\"tableId\":26,\"updateBy\":\"\",\"usableColumn\":false},{\"capJavaField\":\"OpeningTime\",\"columnComment\":\"开店时间\",\"columnId\":135,\"columnName\":\"opening_time\",\"columnType\":\"time\",\"createBy\":\"admin\",\"createTime\":\"2024-07-08 15:26:06\",\"dictType\":\"\",\"edit\":true,\"htmlType\":\"datetime\",\"increment\":false,\"insert\":true,\"isEdit\":\"1\",\"isIncrement\":\"0\",\"isInsert\":\"1\",\"isList\":\"1\",\"isPk\":\"0\",\"isQuery\":\"0\",\"javaField\":\"openingTime\",\"javaType', '{\"msg\":\"操作成功\",\"code\":200}', 0, NULL, '2024-07-08 15:31:24', 77);
INSERT INTO `sys_oper_log` VALUES (236, '代码生成', 8, 'com.ruoyi.gen.controller.GenController.batchGenCode()', 'GET', 1, 'admin', NULL, '/gen/batchGenCode', '127.0.0.1', '', '{\"tables\":\"diningentertainment\"}', NULL, 0, NULL, '2024-07-08 15:31:34', 1230);
INSERT INTO `sys_oper_log` VALUES (237, '餐饮娱乐信息', 1, 'com.ruoyi.entertainment.controller.DiningentertainmentController.add()', 'POST', 1, 'admin', NULL, '/diningentertainment', '127.0.0.1', '', '{\"address\":\"中国湖南省\",\"closingTime\":\"2024-07-08T14:42:41.000Z\",\"name\":\"kfc\",\"openingTime\":\"2024-07-07T21:42:41.000Z\",\"params\":{}}', NULL, 1, '\r\n### Error updating database.  Cause: com.mysql.cj.jdbc.exceptions.MysqlDataTruncation: Data truncation: Incorrect time value: \'2024-07-07T21:42:41.000Z\' for column \'opening_time\' at row 1\r\n### The error may exist in file [C:\\Users\\Lenovo\\Desktop\\实训\\RuoYi-Cloud-master\\RuoYi-Cloud-master\\ruoyi-modules\\ruoyi-entertainment\\target\\classes\\mapper\\entertainment\\DiningentertainmentMapper.xml]\r\n### The error may involve com.ruoyi.entertainment.mapper.DiningentertainmentMapper.insertDiningentertainment-Inline\r\n### The error occurred while setting parameters\r\n### SQL: insert into diningentertainment          ( name,             opening_time,             address,             closing_time )           values ( ?,             ?,             ?,             ? )\r\n### Cause: com.mysql.cj.jdbc.exceptions.MysqlDataTruncation: Data truncation: Incorrect time value: \'2024-07-07T21:42:41.000Z\' for column \'opening_time\' at row 1\n; Data truncation: Incorrect time value: \'2024-07-07T21:42:41.000Z\' for column \'opening_time\' at row 1; nested exception is com.mysql.cj.jdbc.exceptions.MysqlDataTruncation: Data truncation: Incorrect time value: \'2024-07-07T21:42:41.000Z\' for column \'opening_time\' at row 1', '2024-07-08 15:43:12', 537);
INSERT INTO `sys_oper_log` VALUES (238, '餐饮娱乐信息', 1, 'com.ruoyi.entertainment.controller.DiningentertainmentController.add()', 'POST', 1, 'admin', NULL, '/diningentertainment', '127.0.0.1', '', '{\"address\":\"中国湖南省\",\"closingTime\":\"2024-07-08T14:42:41.000Z\",\"name\":\"kfc\",\"openingTime\":\"2024-07-07T21:42:41.000Z\",\"params\":{}}', NULL, 1, '\r\n### Error updating database.  Cause: com.mysql.cj.jdbc.exceptions.MysqlDataTruncation: Data truncation: Incorrect time value: \'2024-07-07T21:42:41.000Z\' for column \'opening_time\' at row 1\r\n### The error may exist in file [C:\\Users\\Lenovo\\Desktop\\实训\\RuoYi-Cloud-master\\RuoYi-Cloud-master\\ruoyi-modules\\ruoyi-entertainment\\target\\classes\\mapper\\entertainment\\DiningentertainmentMapper.xml]\r\n### The error may involve com.ruoyi.entertainment.mapper.DiningentertainmentMapper.insertDiningentertainment-Inline\r\n### The error occurred while setting parameters\r\n### SQL: insert into diningentertainment          ( name,             opening_time,             address,             closing_time )           values ( ?,             ?,             ?,             ? )\r\n### Cause: com.mysql.cj.jdbc.exceptions.MysqlDataTruncation: Data truncation: Incorrect time value: \'2024-07-07T21:42:41.000Z\' for column \'opening_time\' at row 1\n; Data truncation: Incorrect time value: \'2024-07-07T21:42:41.000Z\' for column \'opening_time\' at row 1; nested exception is com.mysql.cj.jdbc.exceptions.MysqlDataTruncation: Data truncation: Incorrect time value: \'2024-07-07T21:42:41.000Z\' for column \'opening_time\' at row 1', '2024-07-08 15:47:15', 10);
INSERT INTO `sys_oper_log` VALUES (239, '餐饮娱乐信息', 1, 'com.ruoyi.entertainment.controller.DiningentertainmentController.add()', 'POST', 1, 'admin', NULL, '/diningentertainment', '127.0.0.1', '', '{\"address\":\"中国湖南省\",\"closingTime\":\"2024-07-08T14:42:41.000Z\",\"name\":\"kfc\",\"openingTime\":\"2024-07-07T21:42:41.000Z\",\"params\":{}}', NULL, 1, '\r\n### Error updating database.  Cause: com.mysql.cj.jdbc.exceptions.MysqlDataTruncation: Data truncation: Incorrect time value: \'2024-07-07T21:42:41.000Z\' for column \'opening_time\' at row 1\r\n### The error may exist in file [C:\\Users\\Lenovo\\Desktop\\实训\\RuoYi-Cloud-master\\RuoYi-Cloud-master\\ruoyi-modules\\ruoyi-entertainment\\target\\classes\\mapper\\entertainment\\DiningentertainmentMapper.xml]\r\n### The error may involve com.ruoyi.entertainment.mapper.DiningentertainmentMapper.insertDiningentertainment-Inline\r\n### The error occurred while setting parameters\r\n### SQL: insert into diningentertainment          ( name,             opening_time,             address,             closing_time )           values ( ?,             ?,             ?,             ? )\r\n### Cause: com.mysql.cj.jdbc.exceptions.MysqlDataTruncation: Data truncation: Incorrect time value: \'2024-07-07T21:42:41.000Z\' for column \'opening_time\' at row 1\n; Data truncation: Incorrect time value: \'2024-07-07T21:42:41.000Z\' for column \'opening_time\' at row 1; nested exception is com.mysql.cj.jdbc.exceptions.MysqlDataTruncation: Data truncation: Incorrect time value: \'2024-07-07T21:42:41.000Z\' for column \'opening_time\' at row 1', '2024-07-08 15:47:16', 7);
INSERT INTO `sys_oper_log` VALUES (240, '餐饮娱乐信息', 1, 'com.ruoyi.entertainment.controller.DiningentertainmentController.add()', 'POST', 1, 'admin', NULL, '/diningentertainment', '127.0.0.1', '', '{\"address\":\"中国湖南省\",\"closingTime\":\"2024-07-08T07:50:53.000Z\",\"name\":\"kfc\",\"openingTime\":\"2024-07-08T07:49:53.000Z\",\"params\":{}}', NULL, 1, '\r\n### Error updating database.  Cause: com.mysql.cj.jdbc.exceptions.MysqlDataTruncation: Data truncation: Incorrect time value: \'2024-07-08T07:49:53.000Z\' for column \'opening_time\' at row 1\r\n### The error may exist in file [C:\\Users\\Lenovo\\Desktop\\实训\\RuoYi-Cloud-master\\RuoYi-Cloud-master\\ruoyi-modules\\ruoyi-entertainment\\target\\classes\\mapper\\entertainment\\DiningentertainmentMapper.xml]\r\n### The error may involve com.ruoyi.entertainment.mapper.DiningentertainmentMapper.insertDiningentertainment-Inline\r\n### The error occurred while setting parameters\r\n### SQL: insert into diningentertainment          ( name,             opening_time,             address,             closing_time )           values ( ?,             ?,             ?,             ? )\r\n### Cause: com.mysql.cj.jdbc.exceptions.MysqlDataTruncation: Data truncation: Incorrect time value: \'2024-07-08T07:49:53.000Z\' for column \'opening_time\' at row 1\n; Data truncation: Incorrect time value: \'2024-07-08T07:49:53.000Z\' for column \'opening_time\' at row 1; nested exception is com.mysql.cj.jdbc.exceptions.MysqlDataTruncation: Data truncation: Incorrect time value: \'2024-07-08T07:49:53.000Z\' for column \'opening_time\' at row 1', '2024-07-08 15:50:04', 304);
INSERT INTO `sys_oper_log` VALUES (241, '餐饮娱乐信息', 1, 'com.ruoyi.entertainment.controller.DiningentertainmentController.add()', 'POST', 1, 'admin', NULL, '/diningentertainment', '127.0.0.1', '', '{\"address\":\"中国湖南省\",\"closingTime\":\"2024-07-08T07:59:24.000Z\",\"name\":\"11\",\"openingTime\":\"2024-07-08T07:57:22.000Z\",\"params\":{}}', NULL, 1, '\r\n### Error updating database.  Cause: com.mysql.cj.jdbc.exceptions.MysqlDataTruncation: Data truncation: Incorrect time value: \'2024-07-08T07:57:22.000Z\' for column \'opening_time\' at row 1\r\n### The error may exist in file [C:\\Users\\Lenovo\\Desktop\\实训\\RuoYi-Cloud-master\\RuoYi-Cloud-master\\ruoyi-modules\\ruoyi-entertainment\\target\\classes\\mapper\\entertainment\\DiningentertainmentMapper.xml]\r\n### The error may involve com.ruoyi.entertainment.mapper.DiningentertainmentMapper.insertDiningentertainment-Inline\r\n### The error occurred while setting parameters\r\n### SQL: insert into diningentertainment          ( name,             opening_time,             address,             closing_time )           values ( ?,             ?,             ?,             ? )\r\n### Cause: com.mysql.cj.jdbc.exceptions.MysqlDataTruncation: Data truncation: Incorrect time value: \'2024-07-08T07:57:22.000Z\' for column \'opening_time\' at row 1\n; Data truncation: Incorrect time value: \'2024-07-08T07:57:22.000Z\' for column \'opening_time\' at row 1; nested exception is com.mysql.cj.jdbc.exceptions.MysqlDataTruncation: Data truncation: Incorrect time value: \'2024-07-08T07:57:22.000Z\' for column \'opening_time\' at row 1', '2024-07-08 15:57:33', 12);
INSERT INTO `sys_oper_log` VALUES (242, '餐饮娱乐信息', 1, 'com.ruoyi.entertainment.controller.DiningentertainmentController.add()', 'POST', 1, 'admin', NULL, '/diningentertainment', '127.0.0.1', '', '{\"address\":\"aa\",\"closingTime\":\"2024-07-08T10:06:11.000Z\",\"name\":\"aa\",\"openingTime\":\"2024-07-08T08:06:11.000Z\",\"params\":{}}', NULL, 1, '\r\n### Error updating database.  Cause: com.mysql.cj.jdbc.exceptions.MysqlDataTruncation: Data truncation: Incorrect time value: \'2024-07-08T08:06:11.000Z\' for column \'opening_time\' at row 1\r\n### The error may exist in file [C:\\Users\\Lenovo\\Desktop\\实训\\RuoYi-Cloud-master\\RuoYi-Cloud-master\\ruoyi-modules\\ruoyi-entertainment\\target\\classes\\mapper\\entertainment\\DiningentertainmentMapper.xml]\r\n### The error may involve com.ruoyi.entertainment.mapper.DiningentertainmentMapper.insertDiningentertainment-Inline\r\n### The error occurred while setting parameters\r\n### SQL: insert into diningentertainment          ( name,             opening_time,             address,             closing_time )           values ( ?,             ?,             ?,             ? )\r\n### Cause: com.mysql.cj.jdbc.exceptions.MysqlDataTruncation: Data truncation: Incorrect time value: \'2024-07-08T08:06:11.000Z\' for column \'opening_time\' at row 1\n; Data truncation: Incorrect time value: \'2024-07-08T08:06:11.000Z\' for column \'opening_time\' at row 1; nested exception is com.mysql.cj.jdbc.exceptions.MysqlDataTruncation: Data truncation: Incorrect time value: \'2024-07-08T08:06:11.000Z\' for column \'opening_time\' at row 1', '2024-07-08 16:06:21', 309);
INSERT INTO `sys_oper_log` VALUES (243, '菜单管理', 3, 'com.ruoyi.system.controller.SysMenuController.remove()', 'DELETE', 1, 'admin', NULL, '/menu/2116', '127.0.0.1', '', '{}', '{\"msg\":\"存在子菜单,不允许删除\",\"code\":601}', 0, NULL, '2024-07-08 16:15:35', 369);
INSERT INTO `sys_oper_log` VALUES (244, '菜单管理', 3, 'com.ruoyi.system.controller.SysMenuController.remove()', 'DELETE', 1, 'admin', NULL, '/menu/2117', '127.0.0.1', '', '{}', '{\"msg\":\"操作成功\",\"code\":200}', 0, NULL, '2024-07-08 16:15:39', 68);
INSERT INTO `sys_oper_log` VALUES (245, '菜单管理', 3, 'com.ruoyi.system.controller.SysMenuController.remove()', 'DELETE', 1, 'admin', NULL, '/menu/2118', '127.0.0.1', '', '{}', '{\"msg\":\"操作成功\",\"code\":200}', 0, NULL, '2024-07-08 16:15:41', 19);
INSERT INTO `sys_oper_log` VALUES (246, '菜单管理', 3, 'com.ruoyi.system.controller.SysMenuController.remove()', 'DELETE', 1, 'admin', NULL, '/menu/2119', '127.0.0.1', '', '{}', '{\"msg\":\"操作成功\",\"code\":200}', 0, NULL, '2024-07-08 16:15:43', 10);
INSERT INTO `sys_oper_log` VALUES (247, '菜单管理', 3, 'com.ruoyi.system.controller.SysMenuController.remove()', 'DELETE', 1, 'admin', NULL, '/menu/2120', '127.0.0.1', '', '{}', '{\"msg\":\"操作成功\",\"code\":200}', 0, NULL, '2024-07-08 16:15:44', 15);
INSERT INTO `sys_oper_log` VALUES (248, '菜单管理', 3, 'com.ruoyi.system.controller.SysMenuController.remove()', 'DELETE', 1, 'admin', NULL, '/menu/2121', '127.0.0.1', '', '{}', '{\"msg\":\"操作成功\",\"code\":200}', 0, NULL, '2024-07-08 16:15:46', 15);
INSERT INTO `sys_oper_log` VALUES (249, '菜单管理', 3, 'com.ruoyi.system.controller.SysMenuController.remove()', 'DELETE', 1, 'admin', NULL, '/menu/2116', '127.0.0.1', '', '{}', '{\"msg\":\"操作成功\",\"code\":200}', 0, NULL, '2024-07-08 16:15:47', 14);
INSERT INTO `sys_oper_log` VALUES (250, '菜单管理', 3, 'com.ruoyi.system.controller.SysMenuController.remove()', 'DELETE', 1, 'admin', NULL, '/menu/2136', '127.0.0.1', '', '{}', '{\"msg\":\"操作成功\",\"code\":200}', 0, NULL, '2024-07-08 16:15:52', 13);
INSERT INTO `sys_oper_log` VALUES (251, '菜单管理', 3, 'com.ruoyi.system.controller.SysMenuController.remove()', 'DELETE', 1, 'admin', NULL, '/menu/2137', '127.0.0.1', '', '{}', '{\"msg\":\"操作成功\",\"code\":200}', 0, NULL, '2024-07-08 16:15:53', 13);
INSERT INTO `sys_oper_log` VALUES (252, '菜单管理', 3, 'com.ruoyi.system.controller.SysMenuController.remove()', 'DELETE', 1, 'admin', NULL, '/menu/2138', '127.0.0.1', '', '{}', '{\"msg\":\"操作成功\",\"code\":200}', 0, NULL, '2024-07-08 16:15:54', 12);
INSERT INTO `sys_oper_log` VALUES (253, '菜单管理', 3, 'com.ruoyi.system.controller.SysMenuController.remove()', 'DELETE', 1, 'admin', NULL, '/menu/2139', '127.0.0.1', '', '{}', '{\"msg\":\"操作成功\",\"code\":200}', 0, NULL, '2024-07-08 16:15:55', 18);
INSERT INTO `sys_oper_log` VALUES (254, '菜单管理', 3, 'com.ruoyi.system.controller.SysMenuController.remove()', 'DELETE', 1, 'admin', NULL, '/menu/2140', '127.0.0.1', '', '{}', '{\"msg\":\"操作成功\",\"code\":200}', 0, NULL, '2024-07-08 16:15:57', 17);
INSERT INTO `sys_oper_log` VALUES (255, '菜单管理', 3, 'com.ruoyi.system.controller.SysMenuController.remove()', 'DELETE', 1, 'admin', NULL, '/menu/2135', '127.0.0.1', '', '{}', '{\"msg\":\"操作成功\",\"code\":200}', 0, NULL, '2024-07-08 16:15:59', 12);
INSERT INTO `sys_oper_log` VALUES (256, '代码生成', 2, 'com.ruoyi.gen.controller.GenController.editSave()', 'PUT', 1, 'admin', NULL, '/gen', '127.0.0.1', '', '{\"businessName\":\"diningentertainment\",\"className\":\"Diningentertainment\",\"columns\":[{\"capJavaField\":\"Id\",\"columnComment\":\"餐饮娱乐id\",\"columnId\":132,\"columnName\":\"id\",\"columnType\":\"int\",\"createBy\":\"admin\",\"createTime\":\"2024-07-08 15:26:06\",\"dictType\":\"\",\"edit\":false,\"htmlType\":\"input\",\"increment\":true,\"insert\":false,\"isIncrement\":\"1\",\"isInsert\":\"0\",\"isPk\":\"1\",\"javaField\":\"id\",\"javaType\":\"Long\",\"list\":false,\"params\":{},\"pk\":true,\"query\":false,\"queryType\":\"EQ\",\"required\":false,\"sort\":1,\"superColumn\":false,\"tableId\":26,\"updateBy\":\"\",\"updateTime\":\"2024-07-08 15:31:24\",\"usableColumn\":false},{\"capJavaField\":\"Type\",\"columnComment\":\"类型\",\"columnId\":133,\"columnName\":\"type\",\"columnType\":\"varchar(50)\",\"createBy\":\"admin\",\"createTime\":\"2024-07-08 15:26:06\",\"dictType\":\"\",\"edit\":true,\"htmlType\":\"select\",\"increment\":false,\"insert\":true,\"isEdit\":\"1\",\"isIncrement\":\"0\",\"isInsert\":\"1\",\"isList\":\"1\",\"isPk\":\"0\",\"isQuery\":\"1\",\"isRequired\":\"1\",\"javaField\":\"type\",\"javaType\":\"String\",\"list\":true,\"params\":{},\"pk\":false,\"query\":true,\"queryType\":\"LIKE\",\"required\":true,\"sort\":2,\"superColumn\":false,\"tableId\":26,\"updateBy\":\"\",\"updateTime\":\"2024-07-08 15:31:24\",\"usableColumn\":false},{\"capJavaField\":\"Name\",\"columnComment\":\"名称\",\"columnId\":134,\"columnName\":\"name\",\"columnType\":\"varchar(255)\",\"createBy\":\"admin\",\"createTime\":\"2024-07-08 15:26:06\",\"dictType\":\"\",\"edit\":true,\"htmlType\":\"input\",\"increment\":false,\"insert\":true,\"isEdit\":\"1\",\"isIncrement\":\"0\",\"isInsert\":\"1\",\"isList\":\"1\",\"isPk\":\"0\",\"isQuery\":\"1\",\"isRequired\":\"1\",\"javaField\":\"name\",\"javaType\":\"String\",\"list\":true,\"params\":{},\"pk\":false,\"query\":true,\"queryType\":\"LIKE\",\"required\":true,\"sort\":3,\"superColumn\":false,\"tableId\":26,\"updateBy\":\"\",\"updateTime\":\"2024-07-08 15:31:24\",\"usableColumn\":false},{\"capJavaField\":\"OpeningTime\",\"columnComment\":\"开店时间\",\"columnId\":135,\"columnName\":\"opening_time\",\"columnType\":\"time\",\"createBy\":\"admin\",\"createTime\":\"2024-07-08 15:26:06\",\"dictType\":\"\",\"edit\":true,\"htmlType\":\"input\",\"increment\":false,\"insert\":true,\"isEdit\":\"1\",\"isI', '{\"msg\":\"操作成功\",\"code\":200}', 0, NULL, '2024-07-08 16:17:19', 69);
INSERT INTO `sys_oper_log` VALUES (257, '代码生成', 8, 'com.ruoyi.gen.controller.GenController.batchGenCode()', 'GET', 1, 'admin', NULL, '/gen/batchGenCode', '127.0.0.1', '', '{\"tables\":\"diningentertainment\"}', NULL, 0, NULL, '2024-07-08 16:17:27', 236);
INSERT INTO `sys_oper_log` VALUES (258, '代码生成', 2, 'com.ruoyi.gen.controller.GenController.editSave()', 'PUT', 1, 'admin', NULL, '/gen', '127.0.0.1', '', '{\"businessName\":\"diningentertainment\",\"className\":\"Diningentertainment\",\"columns\":[{\"capJavaField\":\"Id\",\"columnComment\":\"餐饮娱乐id\",\"columnId\":132,\"columnName\":\"id\",\"columnType\":\"int\",\"createBy\":\"admin\",\"createTime\":\"2024-07-08 15:26:06\",\"dictType\":\"\",\"edit\":false,\"htmlType\":\"input\",\"increment\":true,\"insert\":false,\"isIncrement\":\"1\",\"isInsert\":\"0\",\"isPk\":\"1\",\"javaField\":\"id\",\"javaType\":\"Long\",\"list\":false,\"params\":{},\"pk\":true,\"query\":false,\"queryType\":\"EQ\",\"required\":false,\"sort\":1,\"superColumn\":false,\"tableId\":26,\"updateBy\":\"\",\"updateTime\":\"2024-07-08 16:17:19\",\"usableColumn\":false},{\"capJavaField\":\"Type\",\"columnComment\":\"类型\",\"columnId\":133,\"columnName\":\"type\",\"columnType\":\"varchar(50)\",\"createBy\":\"admin\",\"createTime\":\"2024-07-08 15:26:06\",\"dictType\":\"\",\"edit\":true,\"htmlType\":\"select\",\"increment\":false,\"insert\":true,\"isEdit\":\"1\",\"isIncrement\":\"0\",\"isInsert\":\"1\",\"isList\":\"1\",\"isPk\":\"0\",\"isQuery\":\"1\",\"isRequired\":\"1\",\"javaField\":\"type\",\"javaType\":\"String\",\"list\":true,\"params\":{},\"pk\":false,\"query\":true,\"queryType\":\"LIKE\",\"required\":true,\"sort\":2,\"superColumn\":false,\"tableId\":26,\"updateBy\":\"\",\"updateTime\":\"2024-07-08 16:17:19\",\"usableColumn\":false},{\"capJavaField\":\"Name\",\"columnComment\":\"名称\",\"columnId\":134,\"columnName\":\"name\",\"columnType\":\"varchar(255)\",\"createBy\":\"admin\",\"createTime\":\"2024-07-08 15:26:06\",\"dictType\":\"\",\"edit\":true,\"htmlType\":\"input\",\"increment\":false,\"insert\":true,\"isEdit\":\"1\",\"isIncrement\":\"0\",\"isInsert\":\"1\",\"isList\":\"1\",\"isPk\":\"0\",\"isQuery\":\"1\",\"isRequired\":\"1\",\"javaField\":\"name\",\"javaType\":\"String\",\"list\":true,\"params\":{},\"pk\":false,\"query\":true,\"queryType\":\"LIKE\",\"required\":true,\"sort\":3,\"superColumn\":false,\"tableId\":26,\"updateBy\":\"\",\"updateTime\":\"2024-07-08 16:17:19\",\"usableColumn\":false},{\"capJavaField\":\"OpeningTime\",\"columnComment\":\"开店时间\",\"columnId\":135,\"columnName\":\"opening_time\",\"columnType\":\"time\",\"createBy\":\"admin\",\"createTime\":\"2024-07-08 15:26:06\",\"dictType\":\"\",\"edit\":true,\"htmlType\":\"input\",\"increment\":false,\"insert\":true,\"isEdit\":\"1\",\"isI', '{\"msg\":\"操作成功\",\"code\":200}', 0, NULL, '2024-07-08 16:21:11', 20);
INSERT INTO `sys_oper_log` VALUES (259, '代码生成', 8, 'com.ruoyi.gen.controller.GenController.batchGenCode()', 'GET', 1, 'admin', NULL, '/gen/batchGenCode', '127.0.0.1', '', '{\"tables\":\"diningentertainment\"}', NULL, 0, NULL, '2024-07-08 16:21:19', 88);
INSERT INTO `sys_oper_log` VALUES (260, '代码生成', 2, 'com.ruoyi.gen.controller.GenController.editSave()', 'PUT', 1, 'admin', NULL, '/gen', '127.0.0.1', '', '{\"businessName\":\"diningentertainment\",\"className\":\"Diningentertainment\",\"columns\":[{\"capJavaField\":\"Id\",\"columnComment\":\"餐饮娱乐id\",\"columnId\":132,\"columnName\":\"id\",\"columnType\":\"int\",\"createBy\":\"admin\",\"createTime\":\"2024-07-08 15:26:06\",\"dictType\":\"\",\"edit\":false,\"htmlType\":\"input\",\"increment\":true,\"insert\":false,\"isIncrement\":\"1\",\"isInsert\":\"0\",\"isPk\":\"1\",\"javaField\":\"id\",\"javaType\":\"Long\",\"list\":false,\"params\":{},\"pk\":true,\"query\":false,\"queryType\":\"EQ\",\"required\":false,\"sort\":1,\"superColumn\":false,\"tableId\":26,\"updateBy\":\"\",\"updateTime\":\"2024-07-08 16:21:11\",\"usableColumn\":false},{\"capJavaField\":\"Type\",\"columnComment\":\"类型\",\"columnId\":133,\"columnName\":\"type\",\"columnType\":\"varchar(50)\",\"createBy\":\"admin\",\"createTime\":\"2024-07-08 15:26:06\",\"dictType\":\"\",\"edit\":true,\"htmlType\":\"select\",\"increment\":false,\"insert\":true,\"isEdit\":\"1\",\"isIncrement\":\"0\",\"isInsert\":\"1\",\"isList\":\"1\",\"isPk\":\"0\",\"isQuery\":\"1\",\"isRequired\":\"1\",\"javaField\":\"type\",\"javaType\":\"String\",\"list\":true,\"params\":{},\"pk\":false,\"query\":true,\"queryType\":\"LIKE\",\"required\":true,\"sort\":2,\"superColumn\":false,\"tableId\":26,\"updateBy\":\"\",\"updateTime\":\"2024-07-08 16:21:11\",\"usableColumn\":false},{\"capJavaField\":\"Name\",\"columnComment\":\"名称\",\"columnId\":134,\"columnName\":\"name\",\"columnType\":\"varchar(255)\",\"createBy\":\"admin\",\"createTime\":\"2024-07-08 15:26:06\",\"dictType\":\"\",\"edit\":true,\"htmlType\":\"input\",\"increment\":false,\"insert\":true,\"isEdit\":\"1\",\"isIncrement\":\"0\",\"isInsert\":\"1\",\"isList\":\"1\",\"isPk\":\"0\",\"isQuery\":\"1\",\"isRequired\":\"1\",\"javaField\":\"name\",\"javaType\":\"String\",\"list\":true,\"params\":{},\"pk\":false,\"query\":true,\"queryType\":\"LIKE\",\"required\":true,\"sort\":3,\"superColumn\":false,\"tableId\":26,\"updateBy\":\"\",\"updateTime\":\"2024-07-08 16:21:11\",\"usableColumn\":false},{\"capJavaField\":\"OpeningTime\",\"columnComment\":\"开店时间\",\"columnId\":135,\"columnName\":\"opening_time\",\"columnType\":\"time\",\"createBy\":\"admin\",\"createTime\":\"2024-07-08 15:26:06\",\"dictType\":\"\",\"edit\":true,\"htmlType\":\"input\",\"increment\":false,\"insert\":true,\"isEdit\":\"1\",\"isI', '{\"msg\":\"操作成功\",\"code\":200}', 0, NULL, '2024-07-08 16:22:06', 23);
INSERT INTO `sys_oper_log` VALUES (261, '餐饮娱乐信息', 1, 'com.ruoyi.entertainment.controller.DiningentertainmentController.add()', 'POST', 1, 'admin', NULL, '/diningentertainment', '127.0.0.1', '', '{\"address\":\"aa\",\"closingTime\":\"19：00：50\",\"name\":\"11\",\"openingTime\":\"16:30:50\",\"params\":{}}', NULL, 1, '\r\n### Error updating database.  Cause: com.mysql.cj.jdbc.exceptions.MysqlDataTruncation: Data truncation: Incorrect time value: \'19：00：50\' for column \'closing_time\' at row 1\r\n### The error may exist in file [C:\\Users\\Lenovo\\Desktop\\实训\\RuoYi-Cloud-master\\RuoYi-Cloud-master\\ruoyi-modules\\ruoyi-entertainment\\target\\classes\\mapper\\entertainment\\DiningentertainmentMapper.xml]\r\n### The error may involve com.ruoyi.entertainment.mapper.DiningentertainmentMapper.insertDiningentertainment-Inline\r\n### The error occurred while setting parameters\r\n### SQL: insert into diningentertainment          ( name,             opening_time,             address,             closing_time )           values ( ?,             ?,             ?,             ? )\r\n### Cause: com.mysql.cj.jdbc.exceptions.MysqlDataTruncation: Data truncation: Incorrect time value: \'19：00：50\' for column \'closing_time\' at row 1\n; Data truncation: Incorrect time value: \'19：00：50\' for column \'closing_time\' at row 1; nested exception is com.mysql.cj.jdbc.exceptions.MysqlDataTruncation: Data truncation: Incorrect time value: \'19：00：50\' for column \'closing_time\' at row 1', '2024-07-08 16:24:54', 350);
INSERT INTO `sys_oper_log` VALUES (262, '餐饮娱乐信息', 1, 'com.ruoyi.entertainment.controller.DiningentertainmentController.add()', 'POST', 1, 'admin', NULL, '/diningentertainment', '127.0.0.1', '', '{\"address\":\"aa\",\"closingTime\":\"19:00:50\",\"name\":\"11\",\"openingTime\":\"16:30:50\",\"params\":{}}', NULL, 1, '\r\n### Error updating database.  Cause: java.sql.SQLException: Field \'type\' doesn\'t have a default value\r\n### The error may exist in file [C:\\Users\\Lenovo\\Desktop\\实训\\RuoYi-Cloud-master\\RuoYi-Cloud-master\\ruoyi-modules\\ruoyi-entertainment\\target\\classes\\mapper\\entertainment\\DiningentertainmentMapper.xml]\r\n### The error may involve com.ruoyi.entertainment.mapper.DiningentertainmentMapper.insertDiningentertainment-Inline\r\n### The error occurred while setting parameters\r\n### SQL: insert into diningentertainment          ( name,             opening_time,             address,             closing_time )           values ( ?,             ?,             ?,             ? )\r\n### Cause: java.sql.SQLException: Field \'type\' doesn\'t have a default value\n; Field \'type\' doesn\'t have a default value; nested exception is java.sql.SQLException: Field \'type\' doesn\'t have a default value', '2024-07-08 16:29:17', 13);
INSERT INTO `sys_oper_log` VALUES (263, '餐饮娱乐信息', 1, 'com.ruoyi.entertainment.controller.DiningentertainmentController.add()', 'POST', 1, 'admin', NULL, '/diningentertainment', '127.0.0.1', '', '{\"address\":\"aa\",\"closingTime\":\"19:00:50\",\"name\":\"11\",\"openingTime\":\"16:30:50\",\"params\":{}}', NULL, 1, '\r\n### Error updating database.  Cause: java.sql.SQLException: Field \'type\' doesn\'t have a default value\r\n### The error may exist in file [C:\\Users\\Lenovo\\Desktop\\实训\\RuoYi-Cloud-master\\RuoYi-Cloud-master\\ruoyi-modules\\ruoyi-entertainment\\target\\classes\\mapper\\entertainment\\DiningentertainmentMapper.xml]\r\n### The error may involve com.ruoyi.entertainment.mapper.DiningentertainmentMapper.insertDiningentertainment-Inline\r\n### The error occurred while setting parameters\r\n### SQL: insert into diningentertainment          ( name,             opening_time,             address,             closing_time )           values ( ?,             ?,             ?,             ? )\r\n### Cause: java.sql.SQLException: Field \'type\' doesn\'t have a default value\n; Field \'type\' doesn\'t have a default value; nested exception is java.sql.SQLException: Field \'type\' doesn\'t have a default value', '2024-07-08 16:31:38', 4);
INSERT INTO `sys_oper_log` VALUES (264, '代码生成', 2, 'com.ruoyi.gen.controller.GenController.editSave()', 'PUT', 1, 'admin', NULL, '/gen', '127.0.0.1', '', '{\"businessName\":\"diningentertainment\",\"className\":\"Diningentertainment\",\"columns\":[{\"capJavaField\":\"Id\",\"columnComment\":\"餐饮娱乐id\",\"columnId\":132,\"columnName\":\"id\",\"columnType\":\"int\",\"createBy\":\"admin\",\"createTime\":\"2024-07-08 15:26:06\",\"dictType\":\"\",\"edit\":false,\"htmlType\":\"input\",\"increment\":true,\"insert\":false,\"isIncrement\":\"1\",\"isInsert\":\"0\",\"isPk\":\"1\",\"javaField\":\"id\",\"javaType\":\"Long\",\"list\":false,\"params\":{},\"pk\":true,\"query\":false,\"queryType\":\"EQ\",\"required\":false,\"sort\":1,\"superColumn\":false,\"tableId\":26,\"updateBy\":\"\",\"updateTime\":\"2024-07-08 16:22:06\",\"usableColumn\":false},{\"capJavaField\":\"Type\",\"columnComment\":\"类型\",\"columnId\":133,\"columnName\":\"type\",\"columnType\":\"varchar(50)\",\"createBy\":\"admin\",\"createTime\":\"2024-07-08 15:26:06\",\"dictType\":\"\",\"edit\":true,\"htmlType\":\"select\",\"increment\":false,\"insert\":true,\"isEdit\":\"1\",\"isIncrement\":\"0\",\"isInsert\":\"1\",\"isList\":\"1\",\"isPk\":\"0\",\"isQuery\":\"1\",\"isRequired\":\"1\",\"javaField\":\"type\",\"javaType\":\"String\",\"list\":true,\"params\":{},\"pk\":false,\"query\":true,\"queryType\":\"LIKE\",\"required\":true,\"sort\":2,\"superColumn\":false,\"tableId\":26,\"updateBy\":\"\",\"updateTime\":\"2024-07-08 16:22:06\",\"usableColumn\":false},{\"capJavaField\":\"Name\",\"columnComment\":\"名称\",\"columnId\":134,\"columnName\":\"name\",\"columnType\":\"varchar(255)\",\"createBy\":\"admin\",\"createTime\":\"2024-07-08 15:26:06\",\"dictType\":\"\",\"edit\":true,\"htmlType\":\"input\",\"increment\":false,\"insert\":true,\"isEdit\":\"1\",\"isIncrement\":\"0\",\"isInsert\":\"1\",\"isList\":\"1\",\"isPk\":\"0\",\"isQuery\":\"1\",\"isRequired\":\"1\",\"javaField\":\"name\",\"javaType\":\"String\",\"list\":true,\"params\":{},\"pk\":false,\"query\":true,\"queryType\":\"LIKE\",\"required\":true,\"sort\":3,\"superColumn\":false,\"tableId\":26,\"updateBy\":\"\",\"updateTime\":\"2024-07-08 16:22:06\",\"usableColumn\":false},{\"capJavaField\":\"OpeningTime\",\"columnComment\":\"开店时间\",\"columnId\":135,\"columnName\":\"opening_time\",\"columnType\":\"time\",\"createBy\":\"admin\",\"createTime\":\"2024-07-08 15:26:06\",\"dictType\":\"\",\"edit\":true,\"htmlType\":\"input\",\"increment\":false,\"insert\":true,\"isEdit\":\"1\",\"isI', '{\"msg\":\"操作成功\",\"code\":200}', 0, NULL, '2024-07-08 16:32:58', 46);
INSERT INTO `sys_oper_log` VALUES (265, '代码生成', 8, 'com.ruoyi.gen.controller.GenController.batchGenCode()', 'GET', 1, 'admin', NULL, '/gen/batchGenCode', '127.0.0.1', '', '{\"tables\":\"diningentertainment\"}', NULL, 0, NULL, '2024-07-08 16:33:05', 188);
INSERT INTO `sys_oper_log` VALUES (266, '餐饮娱乐信息', 1, 'com.ruoyi.entertainment.controller.DiningentertainmentController.add()', 'POST', 1, 'admin', NULL, '/diningentertainment', '127.0.0.1', '', '{\"address\":\"a\",\"closingTime\":\"16:00:00\",\"id\":7,\"name\":\"11\",\"openingTime\":\"11:00:00\",\"params\":{},\"type\":\"11\"}', '{\"msg\":\"操作成功\",\"code\":200}', 0, NULL, '2024-07-08 16:35:13', 106);
INSERT INTO `sys_oper_log` VALUES (267, '餐饮娱乐信息', 1, 'com.ruoyi.entertainment.controller.DiningentertainmentController.add()', 'POST', 1, 'admin', NULL, '/diningentertainment', '127.0.0.1', '', '{\"address\":\"中国湖南省\",\"closingTime\":\"2024-07-08T10:38:32.000Z\",\"name\":\"44\",\"openingTime\":\"2024-07-08T08:36:45.000Z\",\"params\":{},\"type\":\"44\"}', NULL, 1, '\r\n### Error updating database.  Cause: com.mysql.cj.jdbc.exceptions.MysqlDataTruncation: Data truncation: Incorrect time value: \'2024-07-08T08:36:45.000Z\' for column \'opening_time\' at row 1\r\n### The error may exist in file [C:\\Users\\Lenovo\\Desktop\\实训\\RuoYi-Cloud-master\\RuoYi-Cloud-master\\ruoyi-modules\\ruoyi-entertainment\\target\\classes\\mapper\\entertainment\\DiningentertainmentMapper.xml]\r\n### The error may involve com.ruoyi.entertainment.mapper.DiningentertainmentMapper.insertDiningentertainment-Inline\r\n### The error occurred while setting parameters\r\n### SQL: insert into diningentertainment          ( type,             name,             opening_time,             address,             closing_time )           values ( ?,             ?,             ?,             ?,             ? )\r\n### Cause: com.mysql.cj.jdbc.exceptions.MysqlDataTruncation: Data truncation: Incorrect time value: \'2024-07-08T08:36:45.000Z\' for column \'opening_time\' at row 1\n; Data truncation: Incorrect time value: \'2024-07-08T08:36:45.000Z\' for column \'opening_time\' at row 1; nested exception is com.mysql.cj.jdbc.exceptions.MysqlDataTruncation: Data truncation: Incorrect time value: \'2024-07-08T08:36:45.000Z\' for column \'opening_time\' at row 1', '2024-07-08 16:37:43', 10);
INSERT INTO `sys_oper_log` VALUES (268, '餐饮娱乐信息', 1, 'com.ruoyi.entertainment.controller.DiningentertainmentController.add()', 'POST', 1, 'admin', NULL, '/diningentertainment', '127.0.0.1', '', '{\"address\":\"中国湖南省\",\"closingTime\":\"2024-07-08T10:38:32.000Z\",\"name\":\"44\",\"openingTime\":\"2024-07-08T08:36:45.000Z\",\"params\":{},\"type\":\"44\"}', NULL, 1, '\r\n### Error updating database.  Cause: com.mysql.cj.jdbc.exceptions.MysqlDataTruncation: Data truncation: Incorrect time value: \'2024-07-08T08:36:45.000Z\' for column \'opening_time\' at row 1\r\n### The error may exist in file [C:\\Users\\Lenovo\\Desktop\\实训\\RuoYi-Cloud-master\\RuoYi-Cloud-master\\ruoyi-modules\\ruoyi-entertainment\\target\\classes\\mapper\\entertainment\\DiningentertainmentMapper.xml]\r\n### The error may involve com.ruoyi.entertainment.mapper.DiningentertainmentMapper.insertDiningentertainment-Inline\r\n### The error occurred while setting parameters\r\n### SQL: insert into diningentertainment          ( type,             name,             opening_time,             address,             closing_time )           values ( ?,             ?,             ?,             ?,             ? )\r\n### Cause: com.mysql.cj.jdbc.exceptions.MysqlDataTruncation: Data truncation: Incorrect time value: \'2024-07-08T08:36:45.000Z\' for column \'opening_time\' at row 1\n; Data truncation: Incorrect time value: \'2024-07-08T08:36:45.000Z\' for column \'opening_time\' at row 1; nested exception is com.mysql.cj.jdbc.exceptions.MysqlDataTruncation: Data truncation: Incorrect time value: \'2024-07-08T08:36:45.000Z\' for column \'opening_time\' at row 1', '2024-07-08 16:39:16', 190);
INSERT INTO `sys_oper_log` VALUES (269, '餐饮娱乐信息', 1, 'com.ruoyi.entertainment.controller.DiningentertainmentController.add()', 'POST', 1, 'admin', NULL, '/diningentertainment', '127.0.0.1', '', '{\"address\":\"长沙市天心区韶山南路68号\",\"closingTime\":\"19:45:06\",\"id\":8,\"name\":\"44\",\"openingTime\":\"18:45:06\",\"params\":{},\"type\":\"44\"}', '{\"msg\":\"操作成功\",\"code\":200}', 0, NULL, '2024-07-08 16:45:18', 26);
INSERT INTO `sys_oper_log` VALUES (270, '餐饮娱乐信息', 2, 'com.ruoyi.entertainment.controller.DiningentertainmentController.edit()', 'PUT', 1, 'admin', NULL, '/diningentertainment', '127.0.0.1', '', '{\"address\":\"成都市郫都区德源\",\"closingTime\":\"22:00:00\",\"id\":1,\"name\":\"麦当劳\",\"openingTime\":\"06:30:00\",\"params\":{},\"picUrl\":\"http://127.0.0.1:9300/statics/2024/07/08/mdl_20240708164609A002.png\",\"type\":\"餐饮\"}', '{\"msg\":\"操作成功\",\"code\":200}', 0, NULL, '2024-07-08 16:46:10', 12);
INSERT INTO `sys_oper_log` VALUES (271, '用户头像', 2, 'com.ruoyi.system.controller.SysProfileController.avatar()', 'POST', 1, 'admin', NULL, '/user/profile/avatar', '127.0.0.1', '', '', '{\"msg\":\"操作成功\",\"imgUrl\":\"http://127.0.0.1:9300/statics/2024/07/08/R_Jiang_20240708192416A001.png\",\"code\":200}', 0, NULL, '2024-07-08 19:24:16', 703);
INSERT INTO `sys_oper_log` VALUES (272, '餐饮娱乐信息', 2, 'com.ruoyi.entertainment.controller.DiningentertainmentController.edit()', 'PUT', 1, 'admin', NULL, '/diningentertainment', '127.0.0.1', '', '{\"address\":\"成都市郫都区\",\"closingTime\":\"20:00:00\",\"id\":2,\"name\":\"创客餐厅\",\"openingTime\":\"08:00:00\",\"params\":{},\"type\":\"餐饮\"}', '{\"msg\":\"操作成功\",\"code\":200}', 0, NULL, '2024-07-08 19:42:00', 90);
INSERT INTO `sys_oper_log` VALUES (273, '餐饮娱乐信息', 2, 'com.ruoyi.entertainment.controller.DiningentertainmentController.edit()', 'PUT', 1, 'admin', NULL, '/diningentertainment', '127.0.0.1', '', '{\"address\":\"成都市郫都区\",\"closingTime\":\"20:00:00\",\"id\":2,\"name\":\"创客餐厅\",\"openingTime\":\"08:00:00\",\"params\":{},\"picUrl\":\"https://tourism-oss.oss-cn-beijing.aliyuncs.com/2024/07/08/20240708194339R_Ma.png.png\",\"type\":\"餐饮\"}', '{\"msg\":\"操作成功\",\"code\":200}', 0, NULL, '2024-07-08 19:43:41', 13);
INSERT INTO `sys_oper_log` VALUES (274, '餐饮娱乐信息', 2, 'com.ruoyi.entertainment.controller.DiningentertainmentController.edit()', 'PUT', 1, 'admin', NULL, '/diningentertainment', '127.0.0.1', '', '{\"address\":\"a\",\"closingTime\":\"16:00:00\",\"id\":7,\"name\":\"11\",\"openingTime\":\"11:00:00\",\"params\":{},\"picUrl\":\"https://tourism-oss.oss-cn-beijing.aliyuncs.com/2024/07/08/20240708194730B_Bing.png.png\",\"type\":\"11\"}', '{\"msg\":\"操作成功\",\"code\":200}', 0, NULL, '2024-07-08 19:47:31', 23);
INSERT INTO `sys_oper_log` VALUES (275, '餐饮娱乐信息', 2, 'com.ruoyi.entertainment.controller.DiningentertainmentController.edit()', 'PUT', 1, 'admin', NULL, '/diningentertainment', '127.0.0.1', '', '{\"address\":\"长沙市天心区韶山南路68号\",\"closingTime\":\"19:45:06\",\"id\":8,\"name\":\"44\",\"openingTime\":\"18:45:06\",\"params\":{},\"picUrl\":\"https://tourism-oss.oss-cn-beijing.aliyuncs.com/2024/07/08/20240708194737B_Pao.png.png\",\"type\":\"44\"}', '{\"msg\":\"操作成功\",\"code\":200}', 0, NULL, '2024-07-08 19:47:51', 6031);
INSERT INTO `sys_oper_log` VALUES (276, '餐饮娱乐信息', 2, 'com.ruoyi.entertainment.controller.DiningentertainmentController.edit()', 'PUT', 1, 'admin', NULL, '/diningentertainment', '127.0.0.1', '', '{\"address\":\"长沙市天心区韶山南路68号\",\"closingTime\":\"19:45:06\",\"id\":8,\"name\":\"44\",\"openingTime\":\"18:45:06\",\"params\":{},\"picUrl\":\"https://tourism-oss.oss-cn-beijing.aliyuncs.com/2024/07/08/20240708194737B_Pao.png.png\",\"type\":\"44\"}', '{\"msg\":\"操作成功\",\"code\":200}', 0, NULL, '2024-07-08 19:47:51', 13899);
INSERT INTO `sys_oper_log` VALUES (277, '餐饮娱乐信息', 2, 'com.ruoyi.entertainment.controller.DiningentertainmentController.edit()', 'PUT', 1, 'admin', NULL, '/diningentertainment', '127.0.0.1', '', '{\"address\":\"长沙市天心区韶山南路68号\",\"closingTime\":\"19:45:06\",\"id\":8,\"name\":\"44\",\"openingTime\":\"18:45:06\",\"params\":{},\"picUrl\":\"https://tourism-oss.oss-cn-beijing.aliyuncs.com/2024/07/08/20240708194737B_Pao.png.png\",\"type\":\"44\"}', '{\"msg\":\"操作成功\",\"code\":200}', 0, NULL, '2024-07-08 19:47:51', 8314);
INSERT INTO `sys_oper_log` VALUES (278, '餐饮娱乐信息', 2, 'com.ruoyi.entertainment.controller.DiningentertainmentController.edit()', 'PUT', 1, 'admin', NULL, '/diningentertainment', '127.0.0.1', '', '{\"address\":\"长沙市天心区韶山南路68号\",\"closingTime\":\"19:45:06\",\"id\":8,\"name\":\"44\",\"openingTime\":\"18:45:06\",\"params\":{},\"picUrl\":\"https://tourism-oss.oss-cn-beijing.aliyuncs.com/2024/07/08/20240708194737B_Pao.png.png\",\"type\":\"44\"}', '{\"msg\":\"操作成功\",\"code\":200}', 0, NULL, '2024-07-08 19:47:52', 11784);
INSERT INTO `sys_oper_log` VALUES (279, '代码生成', 3, 'com.ruoyi.gen.controller.GenController.remove()', 'DELETE', 1, 'admin', NULL, '/gen/3', '127.0.0.1', '', '{}', '{\"msg\":\"操作成功\",\"code\":200}', 0, NULL, '2024-07-08 21:06:40', 210);
INSERT INTO `sys_oper_log` VALUES (280, '代码生成', 6, 'com.ruoyi.gen.controller.GenController.importTableSave()', 'POST', 1, 'admin', NULL, '/gen/importTable', '127.0.0.1', '', '{\"tables\":\"performancegroups\"}', '{\"msg\":\"操作成功\",\"code\":200}', 0, NULL, '2024-07-08 21:06:45', 97);
INSERT INTO `sys_oper_log` VALUES (281, '代码生成', 2, 'com.ruoyi.gen.controller.GenController.editSave()', 'PUT', 1, 'admin', NULL, '/gen', '127.0.0.1', '', '{\"businessName\":\"performancegroups\",\"className\":\"Performancegroups\",\"columns\":[{\"capJavaField\":\"Id\",\"columnId\":139,\"columnName\":\"id\",\"columnType\":\"int\",\"createBy\":\"admin\",\"createTime\":\"2024-07-08 21:06:44\",\"dictType\":\"\",\"edit\":false,\"htmlType\":\"input\",\"increment\":true,\"insert\":true,\"isIncrement\":\"1\",\"isInsert\":\"1\",\"isPk\":\"1\",\"javaField\":\"id\",\"javaType\":\"Long\",\"list\":false,\"params\":{},\"pk\":true,\"query\":false,\"queryType\":\"EQ\",\"required\":false,\"sort\":1,\"superColumn\":false,\"tableId\":27,\"updateBy\":\"\",\"usableColumn\":false},{\"capJavaField\":\"Name\",\"columnId\":140,\"columnName\":\"name\",\"columnType\":\"varchar(255)\",\"createBy\":\"admin\",\"createTime\":\"2024-07-08 21:06:44\",\"dictType\":\"\",\"edit\":true,\"htmlType\":\"input\",\"increment\":false,\"insert\":true,\"isEdit\":\"1\",\"isIncrement\":\"0\",\"isInsert\":\"1\",\"isList\":\"1\",\"isPk\":\"0\",\"isQuery\":\"1\",\"isRequired\":\"1\",\"javaField\":\"name\",\"javaType\":\"String\",\"list\":true,\"params\":{},\"pk\":false,\"query\":true,\"queryType\":\"LIKE\",\"required\":true,\"sort\":2,\"superColumn\":false,\"tableId\":27,\"updateBy\":\"\",\"usableColumn\":false},{\"capJavaField\":\"StartTime\",\"columnId\":141,\"columnName\":\"start_time\",\"columnType\":\"datetime\",\"createBy\":\"admin\",\"createTime\":\"2024-07-08 21:06:44\",\"dictType\":\"\",\"edit\":true,\"htmlType\":\"datetime\",\"increment\":false,\"insert\":true,\"isEdit\":\"1\",\"isIncrement\":\"0\",\"isInsert\":\"1\",\"isList\":\"1\",\"isPk\":\"0\",\"isQuery\":\"1\",\"isRequired\":\"1\",\"javaField\":\"startTime\",\"javaType\":\"Date\",\"list\":true,\"params\":{},\"pk\":false,\"query\":true,\"queryType\":\"EQ\",\"required\":true,\"sort\":3,\"superColumn\":false,\"tableId\":27,\"updateBy\":\"\",\"usableColumn\":false},{\"capJavaField\":\"Duration\",\"columnId\":142,\"columnName\":\"duration\",\"columnType\":\"int\",\"createBy\":\"admin\",\"createTime\":\"2024-07-08 21:06:44\",\"dictType\":\"\",\"edit\":true,\"htmlType\":\"input\",\"increment\":false,\"insert\":true,\"isEdit\":\"1\",\"isIncrement\":\"0\",\"isInsert\":\"1\",\"isList\":\"1\",\"isPk\":\"0\",\"isQuery\":\"1\",\"isRequired\":\"1\",\"javaField\":\"duration\",\"javaType\":\"Long\",\"list\":true,\"params\":{},\"pk\":false,\"query\":true,\"queryType\":\"EQ\",\"requir', '{\"msg\":\"操作成功\",\"code\":200}', 0, NULL, '2024-07-08 21:09:18', 121);
INSERT INTO `sys_oper_log` VALUES (282, '菜单管理', 3, 'com.ruoyi.system.controller.SysMenuController.remove()', 'DELETE', 1, 'admin', NULL, '/menu/2111', '127.0.0.1', '', '{}', '{\"msg\":\"操作成功\",\"code\":200}', 0, NULL, '2024-07-08 21:09:39', 115);
INSERT INTO `sys_oper_log` VALUES (283, '菜单管理', 3, 'com.ruoyi.system.controller.SysMenuController.remove()', 'DELETE', 1, 'admin', NULL, '/menu/2112', '127.0.0.1', '', '{}', '{\"msg\":\"操作成功\",\"code\":200}', 0, NULL, '2024-07-08 21:09:40', 20);
INSERT INTO `sys_oper_log` VALUES (284, '菜单管理', 3, 'com.ruoyi.system.controller.SysMenuController.remove()', 'DELETE', 1, 'admin', NULL, '/menu/2113', '127.0.0.1', '', '{}', '{\"msg\":\"操作成功\",\"code\":200}', 0, NULL, '2024-07-08 21:09:41', 20);
INSERT INTO `sys_oper_log` VALUES (285, '菜单管理', 3, 'com.ruoyi.system.controller.SysMenuController.remove()', 'DELETE', 1, 'admin', NULL, '/menu/2114', '127.0.0.1', '', '{}', '{\"msg\":\"操作成功\",\"code\":200}', 0, NULL, '2024-07-08 21:09:42', 13);
INSERT INTO `sys_oper_log` VALUES (286, '菜单管理', 3, 'com.ruoyi.system.controller.SysMenuController.remove()', 'DELETE', 1, 'admin', NULL, '/menu/2115', '127.0.0.1', '', '{}', '{\"msg\":\"操作成功\",\"code\":200}', 0, NULL, '2024-07-08 21:09:44', 5);
INSERT INTO `sys_oper_log` VALUES (287, '菜单管理', 3, 'com.ruoyi.system.controller.SysMenuController.remove()', 'DELETE', 1, 'admin', NULL, '/menu/2110', '127.0.0.1', '', '{}', '{\"msg\":\"操作成功\",\"code\":200}', 0, NULL, '2024-07-08 21:09:45', 20);
INSERT INTO `sys_oper_log` VALUES (288, '代码生成', 8, 'com.ruoyi.gen.controller.GenController.batchGenCode()', 'GET', 1, 'admin', NULL, '/gen/batchGenCode', '127.0.0.1', '', '{\"tables\":\"performancegroups\"}', NULL, 0, NULL, '2024-07-08 21:10:21', 1082);
INSERT INTO `sys_oper_log` VALUES (289, '代码生成', 2, 'com.ruoyi.gen.controller.GenController.editSave()', 'PUT', 1, 'admin', NULL, '/gen', '127.0.0.1', '', '{\"businessName\":\"performancegroups\",\"className\":\"Performancegroups\",\"columns\":[{\"capJavaField\":\"Id\",\"columnComment\":\"演出团体id\",\"columnId\":139,\"columnName\":\"id\",\"columnType\":\"int\",\"createBy\":\"admin\",\"createTime\":\"2024-07-08 21:06:44\",\"dictType\":\"\",\"edit\":false,\"htmlType\":\"input\",\"increment\":true,\"insert\":false,\"isIncrement\":\"1\",\"isInsert\":\"0\",\"isPk\":\"1\",\"javaField\":\"id\",\"javaType\":\"Long\",\"list\":false,\"params\":{},\"pk\":true,\"query\":false,\"queryType\":\"EQ\",\"required\":false,\"sort\":1,\"superColumn\":false,\"tableId\":27,\"updateBy\":\"\",\"updateTime\":\"2024-07-08 21:09:18\",\"usableColumn\":false},{\"capJavaField\":\"Name\",\"columnComment\":\"团体名称\",\"columnId\":140,\"columnName\":\"name\",\"columnType\":\"varchar(255)\",\"createBy\":\"admin\",\"createTime\":\"2024-07-08 21:06:44\",\"dictType\":\"\",\"edit\":true,\"htmlType\":\"input\",\"increment\":false,\"insert\":true,\"isEdit\":\"1\",\"isIncrement\":\"0\",\"isInsert\":\"1\",\"isList\":\"1\",\"isPk\":\"0\",\"isQuery\":\"1\",\"isRequired\":\"1\",\"javaField\":\"name\",\"javaType\":\"String\",\"list\":true,\"params\":{},\"pk\":false,\"query\":true,\"queryType\":\"LIKE\",\"required\":true,\"sort\":2,\"superColumn\":false,\"tableId\":27,\"updateBy\":\"\",\"updateTime\":\"2024-07-08 21:09:18\",\"usableColumn\":false},{\"capJavaField\":\"StartTime\",\"columnComment\":\"开始时间\",\"columnId\":141,\"columnName\":\"start_time\",\"columnType\":\"datetime\",\"createBy\":\"admin\",\"createTime\":\"2024-07-08 21:06:44\",\"dictType\":\"\",\"edit\":true,\"htmlType\":\"datetime\",\"increment\":false,\"insert\":true,\"isEdit\":\"1\",\"isIncrement\":\"0\",\"isInsert\":\"1\",\"isList\":\"1\",\"isPk\":\"0\",\"isQuery\":\"0\",\"isRequired\":\"1\",\"javaField\":\"startTime\",\"javaType\":\"Date\",\"list\":true,\"params\":{},\"pk\":false,\"query\":false,\"queryType\":\"EQ\",\"required\":true,\"sort\":3,\"superColumn\":false,\"tableId\":27,\"updateBy\":\"\",\"updateTime\":\"2024-07-08 21:09:18\",\"usableColumn\":false},{\"capJavaField\":\"Duration\",\"columnComment\":\"演出单场时间\",\"columnId\":142,\"columnName\":\"duration\",\"columnType\":\"int\",\"createBy\":\"admin\",\"createTime\":\"2024-07-08 21:06:44\",\"dictType\":\"\",\"edit\":true,\"htmlType\":\"input\",\"increment\":false,\"insert\":true,\"isEdit\":\"1', '{\"msg\":\"操作成功\",\"code\":200}', 0, NULL, '2024-07-08 21:14:53', 80);
INSERT INTO `sys_oper_log` VALUES (290, '代码生成', 2, 'com.ruoyi.gen.controller.GenController.editSave()', 'PUT', 1, 'admin', NULL, '/gen', '127.0.0.1', '', '{\"businessName\":\"performancegroups\",\"className\":\"Performancegroups\",\"columns\":[{\"capJavaField\":\"Id\",\"columnComment\":\"演出团体id\",\"columnId\":139,\"columnName\":\"id\",\"columnType\":\"int\",\"createBy\":\"admin\",\"createTime\":\"2024-07-08 21:06:44\",\"dictType\":\"\",\"edit\":false,\"htmlType\":\"input\",\"increment\":true,\"insert\":false,\"isIncrement\":\"1\",\"isInsert\":\"0\",\"isPk\":\"1\",\"javaField\":\"id\",\"javaType\":\"Long\",\"list\":false,\"params\":{},\"pk\":true,\"query\":false,\"queryType\":\"EQ\",\"required\":false,\"sort\":1,\"superColumn\":false,\"tableId\":27,\"updateBy\":\"\",\"updateTime\":\"2024-07-08 21:14:53\",\"usableColumn\":false},{\"capJavaField\":\"Name\",\"columnComment\":\"团体名称\",\"columnId\":140,\"columnName\":\"name\",\"columnType\":\"varchar(255)\",\"createBy\":\"admin\",\"createTime\":\"2024-07-08 21:06:44\",\"dictType\":\"\",\"edit\":true,\"htmlType\":\"input\",\"increment\":false,\"insert\":true,\"isEdit\":\"1\",\"isIncrement\":\"0\",\"isInsert\":\"1\",\"isList\":\"1\",\"isPk\":\"0\",\"isQuery\":\"1\",\"isRequired\":\"1\",\"javaField\":\"name\",\"javaType\":\"String\",\"list\":true,\"params\":{},\"pk\":false,\"query\":true,\"queryType\":\"LIKE\",\"required\":true,\"sort\":2,\"superColumn\":false,\"tableId\":27,\"updateBy\":\"\",\"updateTime\":\"2024-07-08 21:14:53\",\"usableColumn\":false},{\"capJavaField\":\"StartTime\",\"columnComment\":\"开始时间\",\"columnId\":141,\"columnName\":\"start_time\",\"columnType\":\"datetime\",\"createBy\":\"admin\",\"createTime\":\"2024-07-08 21:06:44\",\"dictType\":\"\",\"edit\":true,\"htmlType\":\"datetime\",\"increment\":false,\"insert\":true,\"isEdit\":\"1\",\"isIncrement\":\"0\",\"isInsert\":\"1\",\"isList\":\"1\",\"isPk\":\"0\",\"isQuery\":\"0\",\"isRequired\":\"1\",\"javaField\":\"startTime\",\"javaType\":\"Date\",\"list\":true,\"params\":{},\"pk\":false,\"query\":false,\"queryType\":\"EQ\",\"required\":true,\"sort\":3,\"superColumn\":false,\"tableId\":27,\"updateBy\":\"\",\"updateTime\":\"2024-07-08 21:14:53\",\"usableColumn\":false},{\"capJavaField\":\"Duration\",\"columnComment\":\"演出单场时间\",\"columnId\":142,\"columnName\":\"duration\",\"columnType\":\"int\",\"createBy\":\"admin\",\"createTime\":\"2024-07-08 21:06:44\",\"dictType\":\"\",\"edit\":true,\"htmlType\":\"input\",\"increment\":false,\"insert\":true,\"isEdit\":\"1', '{\"msg\":\"操作成功\",\"code\":200}', 0, NULL, '2024-07-08 21:15:06', 23);
INSERT INTO `sys_oper_log` VALUES (291, '代码生成', 8, 'com.ruoyi.gen.controller.GenController.batchGenCode()', 'GET', 1, 'admin', NULL, '/gen/batchGenCode', '127.0.0.1', '', '{\"tables\":\"performancegroups\"}', NULL, 0, NULL, '2024-07-08 21:15:12', 151);
INSERT INTO `sys_oper_log` VALUES (292, '演出团体信息', 2, 'com.ruoyi.entertainment.controller.PerformancegroupsController.edit()', 'PUT', 1, 'admin', NULL, '/performancegroups', '127.0.0.1', '', '{\"capacity\":1300,\"duration\":180,\"id\":1,\"name\":\"VCTcn\",\"params\":{},\"picUrl\":\"https://tourism-oss.oss-cn-beijing.aliyuncs.com/2024/07/08/20240708212428B_Pao.png.png\",\"price\":300,\"startTime\":\"2024-07-20 19:00:25\",\"venue\":\"长沙\"}', '{\"msg\":\"操作成功\",\"code\":200}', 0, NULL, '2024-07-08 21:24:29', 120);
INSERT INTO `sys_oper_log` VALUES (293, '演出团体信息', 2, 'com.ruoyi.entertainment.controller.PerformancegroupsController.edit()', 'PUT', 1, 'admin', NULL, '/performancegroups', '127.0.0.1', '', '{\"capacity\":1300,\"duration\":180,\"id\":1,\"name\":\"VCTcn\",\"params\":{},\"picUrl\":\"https://tourism-oss.oss-cn-beijing.aliyuncs.com/2024/07/08/20240708212720R_Xiang.png.png\",\"price\":300,\"startTime\":\"2024-07-20 19:00:25\",\"venue\":\"长沙\"}', '{\"msg\":\"操作成功\",\"code\":200}', 0, NULL, '2024-07-08 21:27:21', 22);
INSERT INTO `sys_oper_log` VALUES (294, '演出团体信息', 2, 'com.ruoyi.entertainment.controller.PerformancegroupsController.edit()', 'PUT', 1, 'admin', NULL, '/performancegroups', '127.0.0.1', '', '{\"capacity\":1300,\"duration\":180,\"id\":1,\"name\":\"VCTcn\",\"params\":{},\"picUrl\":\"https://tourism-oss.oss-cn-beijing.aliyuncs.com/2024/07/08/20240708213118R_Shi.png.png\",\"price\":300,\"startTime\":\"2024-07-20 19:00:25\",\"venue\":\"长沙\"}', '{\"msg\":\"操作成功\",\"code\":200}', 0, NULL, '2024-07-08 21:31:21', 124);
INSERT INTO `sys_oper_log` VALUES (295, '演出团体信息', 2, 'com.ruoyi.entertainment.controller.PerformancegroupsController.edit()', 'PUT', 1, 'admin', NULL, '/performancegroups', '127.0.0.1', '', '{\"capacity\":500,\"duration\":120,\"id\":2,\"name\":\"大鸟转转转\",\"params\":{},\"picUrl\":\"https://tourism-oss.oss-cn-beijing.aliyuncs.com/2024/07/08/20240708213134B_Ju.png.png\",\"price\":200,\"startTime\":\"2024-07-12 00:00:00\",\"venue\":\"成都\"}', '{\"msg\":\"操作成功\",\"code\":200}', 0, NULL, '2024-07-08 21:31:35', 12);
INSERT INTO `sys_oper_log` VALUES (296, '演出团体信息', 2, 'com.ruoyi.entertainment.controller.PerformancegroupsController.edit()', 'PUT', 1, 'admin', NULL, '/performancegroups', '127.0.0.1', '', '{\"capacity\":500,\"duration\":120,\"id\":3,\"name\":\"南通\",\"params\":{},\"picUrl\":\"https://tourism-oss.oss-cn-beijing.aliyuncs.com/2024/07/08/20240708213142R_Bing.png.png\",\"price\":200,\"startTime\":\"2024-07-24 00:00:00\",\"venue\":\"成都\"}', '{\"msg\":\"操作成功\",\"code\":200}', 0, NULL, '2024-07-08 21:31:42', 7);
INSERT INTO `sys_oper_log` VALUES (297, '菜单管理', 3, 'com.ruoyi.system.controller.SysMenuController.remove()', 'DELETE', 1, 'admin', NULL, '/menu/2142', '127.0.0.1', '', '{}', '{\"msg\":\"操作成功\",\"code\":200}', 0, NULL, '2024-07-09 16:04:53', 334);
INSERT INTO `sys_oper_log` VALUES (298, '菜单管理', 3, 'com.ruoyi.system.controller.SysMenuController.remove()', 'DELETE', 1, 'admin', NULL, '/menu/2143', '127.0.0.1', '', '{}', '{\"msg\":\"操作成功\",\"code\":200}', 0, NULL, '2024-07-09 16:04:56', 12);
INSERT INTO `sys_oper_log` VALUES (299, '菜单管理', 3, 'com.ruoyi.system.controller.SysMenuController.remove()', 'DELETE', 1, 'admin', NULL, '/menu/2144', '127.0.0.1', '', '{}', '{\"msg\":\"操作成功\",\"code\":200}', 0, NULL, '2024-07-09 16:04:58', 19);
INSERT INTO `sys_oper_log` VALUES (300, '菜单管理', 3, 'com.ruoyi.system.controller.SysMenuController.remove()', 'DELETE', 1, 'admin', NULL, '/menu/2145', '127.0.0.1', '', '{}', '{\"msg\":\"操作成功\",\"code\":200}', 0, NULL, '2024-07-09 16:05:01', 11);
INSERT INTO `sys_oper_log` VALUES (301, '菜单管理', 3, 'com.ruoyi.system.controller.SysMenuController.remove()', 'DELETE', 1, 'admin', NULL, '/menu/2146', '127.0.0.1', '', '{}', '{\"msg\":\"操作成功\",\"code\":200}', 0, NULL, '2024-07-09 16:05:04', 17);
INSERT INTO `sys_oper_log` VALUES (302, '菜单管理', 3, 'com.ruoyi.system.controller.SysMenuController.remove()', 'DELETE', 1, 'admin', NULL, '/menu/2141', '127.0.0.1', '', '{}', '{\"msg\":\"操作成功\",\"code\":200}', 0, NULL, '2024-07-09 16:05:07', 16);
INSERT INTO `sys_oper_log` VALUES (303, '代码生成', 6, 'com.ruoyi.gen.controller.GenController.importTableSave()', 'POST', 1, 'admin', NULL, '/gen/importTable', '127.0.0.1', '', '{\"tables\":\"dining,entertainment\"}', '{\"msg\":\"操作成功\",\"code\":200}', 0, NULL, '2024-07-09 16:05:19', 368);
INSERT INTO `sys_oper_log` VALUES (304, '代码生成', 2, 'com.ruoyi.gen.controller.GenController.editSave()', 'PUT', 1, 'admin', NULL, '/gen', '127.0.0.1', '', '{\"businessName\":\"dining\",\"className\":\"Dining\",\"columns\":[{\"capJavaField\":\"Id\",\"columnComment\":\"餐饮id\",\"columnId\":147,\"columnName\":\"id\",\"columnType\":\"int\",\"createBy\":\"admin\",\"createTime\":\"2024-07-09 16:05:18\",\"dictType\":\"\",\"edit\":false,\"htmlType\":\"input\",\"increment\":true,\"insert\":false,\"isIncrement\":\"1\",\"isInsert\":\"0\",\"isPk\":\"1\",\"javaField\":\"id\",\"javaType\":\"Long\",\"list\":false,\"params\":{},\"pk\":true,\"query\":false,\"queryType\":\"EQ\",\"required\":false,\"sort\":1,\"superColumn\":false,\"tableId\":28,\"updateBy\":\"\",\"usableColumn\":false},{\"capJavaField\":\"Name\",\"columnComment\":\"名称\",\"columnId\":148,\"columnName\":\"name\",\"columnType\":\"varchar(255)\",\"createBy\":\"admin\",\"createTime\":\"2024-07-09 16:05:18\",\"dictType\":\"\",\"edit\":true,\"htmlType\":\"input\",\"increment\":false,\"insert\":true,\"isEdit\":\"1\",\"isIncrement\":\"0\",\"isInsert\":\"1\",\"isList\":\"1\",\"isPk\":\"0\",\"isQuery\":\"1\",\"isRequired\":\"1\",\"javaField\":\"name\",\"javaType\":\"String\",\"list\":true,\"params\":{},\"pk\":false,\"query\":true,\"queryType\":\"LIKE\",\"required\":true,\"sort\":2,\"superColumn\":false,\"tableId\":28,\"updateBy\":\"\",\"usableColumn\":false},{\"capJavaField\":\"OpeningTime\",\"columnComment\":\"开店时间\",\"columnId\":149,\"columnName\":\"opening_time\",\"columnType\":\"time\",\"createBy\":\"admin\",\"createTime\":\"2024-07-09 16:05:18\",\"dictType\":\"\",\"edit\":true,\"htmlType\":\"input\",\"increment\":false,\"insert\":true,\"isEdit\":\"1\",\"isIncrement\":\"0\",\"isInsert\":\"1\",\"isList\":\"1\",\"isPk\":\"0\",\"isQuery\":\"0\",\"isRequired\":\"0\",\"javaField\":\"openingTime\",\"javaType\":\"String\",\"list\":true,\"params\":{},\"pk\":false,\"query\":false,\"queryType\":\"LIKE\",\"required\":false,\"sort\":3,\"superColumn\":false,\"tableId\":28,\"updateBy\":\"\",\"usableColumn\":false},{\"capJavaField\":\"Address\",\"columnComment\":\"地址\",\"columnId\":150,\"columnName\":\"address\",\"columnType\":\"varchar(255)\",\"createBy\":\"admin\",\"createTime\":\"2024-07-09 16:05:18\",\"dictType\":\"\",\"edit\":true,\"htmlType\":\"input\",\"increment\":false,\"insert\":true,\"isEdit\":\"1\",\"isIncrement\":\"0\",\"isInsert\":\"1\",\"isList\":\"1\",\"isPk\":\"0\",\"isQuery\":\"0\",\"isRequired\":\"1\",\"javaField\":\"address\",\"javaType\":\"', '{\"msg\":\"操作成功\",\"code\":200}', 0, NULL, '2024-07-09 16:09:05', 128);
INSERT INTO `sys_oper_log` VALUES (305, '代码生成', 2, 'com.ruoyi.gen.controller.GenController.editSave()', 'PUT', 1, 'admin', NULL, '/gen', '127.0.0.1', '', '{\"businessName\":\"dining\",\"className\":\"Dining\",\"columns\":[{\"capJavaField\":\"Id\",\"columnComment\":\"餐饮id\",\"columnId\":147,\"columnName\":\"id\",\"columnType\":\"int\",\"createBy\":\"admin\",\"createTime\":\"2024-07-09 16:05:18\",\"dictType\":\"\",\"edit\":false,\"htmlType\":\"input\",\"increment\":true,\"insert\":false,\"isIncrement\":\"1\",\"isInsert\":\"0\",\"isPk\":\"1\",\"javaField\":\"id\",\"javaType\":\"Long\",\"list\":false,\"params\":{},\"pk\":true,\"query\":false,\"queryType\":\"EQ\",\"required\":false,\"sort\":1,\"superColumn\":false,\"tableId\":28,\"updateBy\":\"\",\"updateTime\":\"2024-07-09 16:09:05\",\"usableColumn\":false},{\"capJavaField\":\"Name\",\"columnComment\":\"名称\",\"columnId\":148,\"columnName\":\"name\",\"columnType\":\"varchar(255)\",\"createBy\":\"admin\",\"createTime\":\"2024-07-09 16:05:18\",\"dictType\":\"\",\"edit\":true,\"htmlType\":\"input\",\"increment\":false,\"insert\":true,\"isEdit\":\"1\",\"isIncrement\":\"0\",\"isInsert\":\"1\",\"isList\":\"1\",\"isPk\":\"0\",\"isQuery\":\"1\",\"isRequired\":\"1\",\"javaField\":\"name\",\"javaType\":\"String\",\"list\":true,\"params\":{},\"pk\":false,\"query\":true,\"queryType\":\"LIKE\",\"required\":true,\"sort\":2,\"superColumn\":false,\"tableId\":28,\"updateBy\":\"\",\"updateTime\":\"2024-07-09 16:09:05\",\"usableColumn\":false},{\"capJavaField\":\"OpeningTime\",\"columnComment\":\"开店时间\",\"columnId\":149,\"columnName\":\"opening_time\",\"columnType\":\"time\",\"createBy\":\"admin\",\"createTime\":\"2024-07-09 16:05:18\",\"dictType\":\"\",\"edit\":true,\"htmlType\":\"input\",\"increment\":false,\"insert\":true,\"isEdit\":\"1\",\"isIncrement\":\"0\",\"isInsert\":\"1\",\"isList\":\"1\",\"isPk\":\"0\",\"isQuery\":\"0\",\"isRequired\":\"0\",\"javaField\":\"openingTime\",\"javaType\":\"String\",\"list\":true,\"params\":{},\"pk\":false,\"query\":false,\"queryType\":\"LIKE\",\"required\":false,\"sort\":3,\"superColumn\":false,\"tableId\":28,\"updateBy\":\"\",\"updateTime\":\"2024-07-09 16:09:05\",\"usableColumn\":false},{\"capJavaField\":\"Address\",\"columnComment\":\"地址\",\"columnId\":150,\"columnName\":\"address\",\"columnType\":\"varchar(255)\",\"createBy\":\"admin\",\"createTime\":\"2024-07-09 16:05:18\",\"dictType\":\"\",\"edit\":true,\"htmlType\":\"input\",\"increment\":false,\"insert\":true,\"isEdit\":\"1\",\"isIncrement\":\"0\"', '{\"msg\":\"操作成功\",\"code\":200}', 0, NULL, '2024-07-09 16:09:40', 42);
INSERT INTO `sys_oper_log` VALUES (306, '代码生成', 2, 'com.ruoyi.gen.controller.GenController.editSave()', 'PUT', 1, 'admin', NULL, '/gen', '127.0.0.1', '', '{\"businessName\":\"entertainment\",\"className\":\"Entertainment\",\"columns\":[{\"capJavaField\":\"Id\",\"columnComment\":\"娱乐id\",\"columnId\":154,\"columnName\":\"id\",\"columnType\":\"int\",\"createBy\":\"admin\",\"createTime\":\"2024-07-09 16:05:18\",\"dictType\":\"\",\"edit\":false,\"htmlType\":\"input\",\"increment\":true,\"insert\":false,\"isIncrement\":\"1\",\"isInsert\":\"0\",\"isPk\":\"1\",\"javaField\":\"id\",\"javaType\":\"Long\",\"list\":false,\"params\":{},\"pk\":true,\"query\":false,\"queryType\":\"EQ\",\"required\":false,\"sort\":1,\"superColumn\":false,\"tableId\":29,\"updateBy\":\"\",\"usableColumn\":false},{\"capJavaField\":\"Name\",\"columnComment\":\"名称\",\"columnId\":155,\"columnName\":\"name\",\"columnType\":\"varchar(50)\",\"createBy\":\"admin\",\"createTime\":\"2024-07-09 16:05:18\",\"dictType\":\"\",\"edit\":true,\"htmlType\":\"input\",\"increment\":false,\"insert\":true,\"isEdit\":\"1\",\"isIncrement\":\"0\",\"isInsert\":\"1\",\"isList\":\"1\",\"isPk\":\"0\",\"isQuery\":\"1\",\"isRequired\":\"1\",\"javaField\":\"name\",\"javaType\":\"String\",\"list\":true,\"params\":{},\"pk\":false,\"query\":true,\"queryType\":\"LIKE\",\"required\":true,\"sort\":2,\"superColumn\":false,\"tableId\":29,\"updateBy\":\"\",\"usableColumn\":false},{\"capJavaField\":\"OpeningTime\",\"columnComment\":\"开店时间\",\"columnId\":156,\"columnName\":\"opening_time\",\"columnType\":\"time\",\"createBy\":\"admin\",\"createTime\":\"2024-07-09 16:05:18\",\"dictType\":\"\",\"edit\":true,\"htmlType\":\"input\",\"increment\":false,\"insert\":true,\"isEdit\":\"1\",\"isIncrement\":\"0\",\"isInsert\":\"1\",\"isList\":\"1\",\"isPk\":\"0\",\"isQuery\":\"0\",\"javaField\":\"openingTime\",\"javaType\":\"String\",\"list\":true,\"params\":{},\"pk\":false,\"query\":false,\"queryType\":\"EQ\",\"required\":false,\"sort\":3,\"superColumn\":false,\"tableId\":29,\"updateBy\":\"\",\"usableColumn\":false},{\"capJavaField\":\"Address\",\"columnComment\":\"地址\",\"columnId\":157,\"columnName\":\"address\",\"columnType\":\"varchar(50)\",\"createBy\":\"admin\",\"createTime\":\"2024-07-09 16:05:18\",\"dictType\":\"\",\"edit\":true,\"htmlType\":\"input\",\"increment\":false,\"insert\":true,\"isEdit\":\"1\",\"isIncrement\":\"0\",\"isInsert\":\"1\",\"isList\":\"1\",\"isPk\":\"0\",\"isQuery\":\"1\",\"isRequired\":\"1\",\"javaField\":\"address\",\"javaType\":\"String\"', '{\"msg\":\"操作成功\",\"code\":200}', 0, NULL, '2024-07-09 16:12:14', 22);
INSERT INTO `sys_oper_log` VALUES (307, '代码生成', 8, 'com.ruoyi.gen.controller.GenController.batchGenCode()', 'GET', 1, 'admin', NULL, '/gen/batchGenCode', '127.0.0.1', '', '{\"tables\":\"dining,entertainment\"}', NULL, 0, NULL, '2024-07-09 16:12:22', 1130);
INSERT INTO `sys_oper_log` VALUES (308, '餐饮信息', 2, 'com.ruoyi.entertainment.controller.DiningController.edit()', 'PUT', 1, 'admin', NULL, '/dining', '127.0.0.1', '', '{\"address\":\"成都市郫都区德源\",\"closingTime\":\"22:00:00\",\"id\":1,\"name\":\"麦当劳\",\"openingTime\":\"06:30:00\",\"params\":{},\"picUrl\":\"http://127.0.0.1:9300/statics/2024/07/08/mdl_20240708164609A002.png\",\"score\":50}', '{\"msg\":\"操作成功\",\"code\":200}', 0, NULL, '2024-07-09 16:35:02', 86);
INSERT INTO `sys_oper_log` VALUES (309, '代码生成', 2, 'com.ruoyi.gen.controller.GenController.editSave()', 'PUT', 1, 'admin', NULL, '/gen', '127.0.0.1', '', '{\"businessName\":\"entertainmentChart\",\"className\":\"Entertainment\",\"columns\":[{\"capJavaField\":\"Id\",\"columnComment\":\"娱乐id\",\"columnId\":154,\"columnName\":\"id\",\"columnType\":\"int\",\"createBy\":\"admin\",\"createTime\":\"2024-07-09 16:05:18\",\"dictType\":\"\",\"edit\":false,\"htmlType\":\"input\",\"increment\":true,\"insert\":false,\"isIncrement\":\"1\",\"isInsert\":\"0\",\"isPk\":\"1\",\"javaField\":\"id\",\"javaType\":\"Long\",\"list\":false,\"params\":{},\"pk\":true,\"query\":false,\"queryType\":\"EQ\",\"required\":false,\"sort\":1,\"superColumn\":false,\"tableId\":29,\"updateBy\":\"\",\"updateTime\":\"2024-07-09 16:12:14\",\"usableColumn\":false},{\"capJavaField\":\"Name\",\"columnComment\":\"名称\",\"columnId\":155,\"columnName\":\"name\",\"columnType\":\"varchar(50)\",\"createBy\":\"admin\",\"createTime\":\"2024-07-09 16:05:18\",\"dictType\":\"\",\"edit\":false,\"htmlType\":\"input\",\"increment\":false,\"insert\":false,\"isEdit\":\"0\",\"isIncrement\":\"0\",\"isInsert\":\"0\",\"isList\":\"1\",\"isPk\":\"0\",\"isQuery\":\"0\",\"isRequired\":\"1\",\"javaField\":\"name\",\"javaType\":\"String\",\"list\":true,\"params\":{},\"pk\":false,\"query\":false,\"queryType\":\"LIKE\",\"required\":true,\"sort\":2,\"superColumn\":false,\"tableId\":29,\"updateBy\":\"\",\"updateTime\":\"2024-07-09 16:12:14\",\"usableColumn\":false},{\"capJavaField\":\"OpeningTime\",\"columnComment\":\"开店时间\",\"columnId\":156,\"columnName\":\"opening_time\",\"columnType\":\"time\",\"createBy\":\"admin\",\"createTime\":\"2024-07-09 16:05:18\",\"dictType\":\"\",\"edit\":false,\"htmlType\":\"input\",\"increment\":false,\"insert\":false,\"isEdit\":\"0\",\"isIncrement\":\"0\",\"isInsert\":\"0\",\"isList\":\"0\",\"isPk\":\"0\",\"isQuery\":\"0\",\"javaField\":\"openingTime\",\"javaType\":\"String\",\"list\":false,\"params\":{},\"pk\":false,\"query\":false,\"queryType\":\"EQ\",\"required\":false,\"sort\":3,\"superColumn\":false,\"tableId\":29,\"updateBy\":\"\",\"updateTime\":\"2024-07-09 16:12:14\",\"usableColumn\":false},{\"capJavaField\":\"Address\",\"columnComment\":\"地址\",\"columnId\":157,\"columnName\":\"address\",\"columnType\":\"varchar(50)\",\"createBy\":\"admin\",\"createTime\":\"2024-07-09 16:05:18\",\"dictType\":\"\",\"edit\":false,\"htmlType\":\"input\",\"increment\":false,\"insert\":false,\"isEdit\":\"0\",\"isIncremen', '{\"msg\":\"操作成功\",\"code\":200}', 0, NULL, '2024-07-09 16:43:38', 35);
INSERT INTO `sys_oper_log` VALUES (310, '代码生成', 8, 'com.ruoyi.gen.controller.GenController.batchGenCode()', 'GET', 1, 'admin', NULL, '/gen/batchGenCode', '127.0.0.1', '', '{\"tables\":\"entertainment\"}', NULL, 0, NULL, '2024-07-09 16:43:51', 128);
INSERT INTO `sys_oper_log` VALUES (311, '娱乐信息', 1, 'com.ruoyi.entertainment.controller.EntertainmentController.add()', 'POST', 1, 'admin', NULL, '/entertainment', '127.0.0.1', '', '{\"address\":\"中国湖南省\",\"closingTime\":\"21:52:14\",\"id\":1,\"name\":\"bbq\",\"openingTime\":\"15:52:14\",\"params\":{},\"picUrl\":\"https://tourism-oss.oss-cn-beijing.aliyuncs.com/2024/07/09/20240709165254B_Pao.png.png\",\"score\":100}', '{\"msg\":\"操作成功\",\"code\":200}', 0, NULL, '2024-07-09 16:53:02', 88);
INSERT INTO `sys_oper_log` VALUES (312, '菜单管理', 3, 'com.ruoyi.system.controller.SysMenuController.remove()', 'DELETE', 1, 'admin', NULL, '/menu/2164', '127.0.0.1', '', '{}', '{\"msg\":\"操作成功\",\"code\":200}', 0, NULL, '2024-07-09 16:53:50', 28);
INSERT INTO `sys_oper_log` VALUES (313, '菜单管理', 3, 'com.ruoyi.system.controller.SysMenuController.remove()', 'DELETE', 1, 'admin', NULL, '/menu/2161', '127.0.0.1', '', '{}', '{\"msg\":\"操作成功\",\"code\":200}', 0, NULL, '2024-07-09 16:53:54', 14);
INSERT INTO `sys_oper_log` VALUES (314, '菜单管理', 3, 'com.ruoyi.system.controller.SysMenuController.remove()', 'DELETE', 1, 'admin', NULL, '/menu/2162', '127.0.0.1', '', '{}', '{\"msg\":\"操作成功\",\"code\":200}', 0, NULL, '2024-07-09 16:53:57', 10);
INSERT INTO `sys_oper_log` VALUES (315, '菜单管理', 3, 'com.ruoyi.system.controller.SysMenuController.remove()', 'DELETE', 1, 'admin', NULL, '/menu/2163', '127.0.0.1', '', '{}', '{\"msg\":\"操作成功\",\"code\":200}', 0, NULL, '2024-07-09 16:54:02', 13);
INSERT INTO `sys_oper_log` VALUES (316, '娱乐信息', 1, 'com.ruoyi.entertainment.controller.EntertainmentController.add()', 'POST', 1, 'admin', NULL, '/entertainment', '127.0.0.1', '', '{\"address\":\"上海市\",\"closingTime\":\"22:07:35\",\"id\":2,\"name\":\"genshin\",\"openingTime\":\"09:07:35\",\"params\":{},\"picUrl\":\"https://tourism-oss.oss-cn-beijing.aliyuncs.com/2024/07/09/20240709170804R_Ju.png.png\"}', '{\"msg\":\"操作成功\",\"code\":200}', 0, NULL, '2024-07-09 17:08:05', 14);
INSERT INTO `sys_oper_log` VALUES (317, '娱乐信息', 2, 'com.ruoyi.entertainment.controller.EntertainmentController.edit()', 'PUT', 1, 'admin', NULL, '/entertainment', '127.0.0.1', '', '{\"address\":\"上海市\",\"closingTime\":\"22:07:35\",\"id\":2,\"name\":\"genshin\",\"openingTime\":\"09:07:35\",\"params\":{},\"picUrl\":\"https://tourism-oss.oss-cn-beijing.aliyuncs.com/2024/07/09/20240709170804R_Ju.png.png\",\"score\":88}', '{\"msg\":\"操作成功\",\"code\":200}', 0, NULL, '2024-07-09 17:08:11', 6);
INSERT INTO `sys_oper_log` VALUES (318, '娱乐信息', 1, 'com.ruoyi.entertainment.controller.EntertainmentController.add()', 'POST', 1, 'admin', NULL, '/entertainment', '127.0.0.1', '', '{\"address\":\"成都\",\"closingTime\":\"21:11:14\",\"id\":3,\"name\":\"zZz\",\"openingTime\":\"10:08:14\",\"params\":{},\"picUrl\":\"https://tourism-oss.oss-cn-beijing.aliyuncs.com/2024/07/09/20240709170849YouWin.png.png\",\"score\":93}', '{\"msg\":\"操作成功\",\"code\":200}', 0, NULL, '2024-07-09 17:08:54', 5);
INSERT INTO `sys_oper_log` VALUES (319, '代码生成', 2, 'com.ruoyi.gen.controller.GenController.editSave()', 'PUT', 1, 'admin', NULL, '/gen', '127.0.0.1', '', '{\"businessName\":\"diningChart\",\"className\":\"Dining\",\"columns\":[{\"capJavaField\":\"Id\",\"columnComment\":\"餐饮id\",\"columnId\":147,\"columnName\":\"id\",\"columnType\":\"int\",\"createBy\":\"admin\",\"createTime\":\"2024-07-09 16:05:18\",\"dictType\":\"\",\"edit\":false,\"htmlType\":\"input\",\"increment\":true,\"insert\":false,\"isIncrement\":\"1\",\"isInsert\":\"0\",\"isPk\":\"1\",\"javaField\":\"id\",\"javaType\":\"Long\",\"list\":false,\"params\":{},\"pk\":true,\"query\":false,\"queryType\":\"EQ\",\"required\":false,\"sort\":1,\"superColumn\":false,\"tableId\":28,\"updateBy\":\"\",\"updateTime\":\"2024-07-09 16:09:40\",\"usableColumn\":false},{\"capJavaField\":\"Name\",\"columnComment\":\"名称\",\"columnId\":148,\"columnName\":\"name\",\"columnType\":\"varchar(255)\",\"createBy\":\"admin\",\"createTime\":\"2024-07-09 16:05:18\",\"dictType\":\"\",\"edit\":false,\"htmlType\":\"input\",\"increment\":false,\"insert\":false,\"isEdit\":\"0\",\"isIncrement\":\"0\",\"isInsert\":\"0\",\"isList\":\"1\",\"isPk\":\"0\",\"isQuery\":\"0\",\"isRequired\":\"1\",\"javaField\":\"name\",\"javaType\":\"String\",\"list\":true,\"params\":{},\"pk\":false,\"query\":false,\"queryType\":\"LIKE\",\"required\":true,\"sort\":2,\"superColumn\":false,\"tableId\":28,\"updateBy\":\"\",\"updateTime\":\"2024-07-09 16:09:40\",\"usableColumn\":false},{\"capJavaField\":\"OpeningTime\",\"columnComment\":\"开店时间\",\"columnId\":149,\"columnName\":\"opening_time\",\"columnType\":\"time\",\"createBy\":\"admin\",\"createTime\":\"2024-07-09 16:05:18\",\"dictType\":\"\",\"edit\":false,\"htmlType\":\"input\",\"increment\":false,\"insert\":false,\"isEdit\":\"0\",\"isIncrement\":\"0\",\"isInsert\":\"0\",\"isList\":\"0\",\"isPk\":\"0\",\"isQuery\":\"0\",\"isRequired\":\"0\",\"javaField\":\"openingTime\",\"javaType\":\"String\",\"list\":false,\"params\":{},\"pk\":false,\"query\":false,\"queryType\":\"LIKE\",\"required\":false,\"sort\":3,\"superColumn\":false,\"tableId\":28,\"updateBy\":\"\",\"updateTime\":\"2024-07-09 16:09:40\",\"usableColumn\":false},{\"capJavaField\":\"Address\",\"columnComment\":\"地址\",\"columnId\":150,\"columnName\":\"address\",\"columnType\":\"varchar(255)\",\"createBy\":\"admin\",\"createTime\":\"2024-07-09 16:05:18\",\"dictType\":\"\",\"edit\":false,\"htmlType\":\"input\",\"increment\":false,\"insert\":false,\"isEdit\":\"0\",\"isI', '{\"msg\":\"操作成功\",\"code\":200}', 0, NULL, '2024-07-09 19:16:59', 47);
INSERT INTO `sys_oper_log` VALUES (320, '代码生成', 8, 'com.ruoyi.gen.controller.GenController.batchGenCode()', 'GET', 1, 'admin', NULL, '/gen/batchGenCode', '127.0.0.1', '', '{\"tables\":\"dining\"}', NULL, 0, NULL, '2024-07-09 19:17:17', 535);
INSERT INTO `sys_oper_log` VALUES (321, '菜单管理', 2, 'com.ruoyi.system.controller.SysMenuController.edit()', 'PUT', 1, 'admin', NULL, '/menu', '127.0.0.1', '', '{\"children\":[],\"component\":\"entertainment/diningChart/index\",\"createTime\":\"2024-07-09 19:18:20\",\"icon\":\"#\",\"isCache\":\"0\",\"isFrame\":\"1\",\"menuId\":2177,\"menuName\":\"餐饮汇总\",\"menuType\":\"C\",\"orderNum\":1,\"params\":{},\"parentId\":2009,\"path\":\"diningChart\",\"perms\":\"entertainment:diningChart:list\",\"routeName\":\"\",\"status\":\"0\",\"updateBy\":\"admin\",\"visible\":\"0\"}', '{\"msg\":\"操作成功\",\"code\":200}', 0, NULL, '2024-07-09 19:27:36', 110);
INSERT INTO `sys_oper_log` VALUES (322, '娱乐信息', 2, 'com.ruoyi.entertainment.controller.EntertainmentController.edit()', 'PUT', 1, 'admin', NULL, '/entertainment', '127.0.0.1', '', '{\"address\":\"北京市\",\"closingTime\":\"23:00:00\",\"id\":4,\"name\":\"arcade\",\"openingTime\":\"10:00:00\",\"params\":{},\"picUrl\":\"https://tourism-oss.oss-cn-beijing.aliyuncs.com/2024/07/09/20240709204043mdl.png.png\",\"score\":85}', '{\"msg\":\"操作成功\",\"code\":200}', 0, NULL, '2024-07-09 20:40:47', 618);
INSERT INTO `sys_oper_log` VALUES (323, '娱乐信息', 2, 'com.ruoyi.entertainment.controller.EntertainmentController.edit()', 'PUT', 1, 'admin', NULL, '/entertainment', '127.0.0.1', '', '{\"address\":\"广州市\",\"closingTime\":\"02:00:00\",\"id\":5,\"name\":\"karaoke\",\"openingTime\":\"14:30:00\",\"params\":{},\"picUrl\":\"https://tourism-oss.oss-cn-beijing.aliyuncs.com/2024/07/09/20240709212643mdl.png.png\",\"score\":90}', '{\"msg\":\"操作成功\",\"code\":200}', 0, NULL, '2024-07-09 21:26:44', 26);
INSERT INTO `sys_oper_log` VALUES (324, '代码生成', 3, 'com.ruoyi.gen.controller.GenController.remove()', 'DELETE', 1, 'admin', NULL, '/gen/4', '127.0.0.1', '', '{}', '{\"msg\":\"操作成功\",\"code\":200}', 0, NULL, '2024-07-10 08:31:55', 121);
INSERT INTO `sys_oper_log` VALUES (325, '代码生成', 6, 'com.ruoyi.gen.controller.GenController.importTableSave()', 'POST', 1, 'admin', NULL, '/gen/importTable', '127.0.0.1', '', '{\"tables\":\"scenicareas\"}', '{\"msg\":\"操作成功\",\"code\":200}', 0, NULL, '2024-07-10 08:32:01', 76);
INSERT INTO `sys_oper_log` VALUES (326, '代码生成', 2, 'com.ruoyi.gen.controller.GenController.editSave()', 'PUT', 1, 'admin', NULL, '/gen', '127.0.0.1', '', '{\"businessName\":\"scenicareas\",\"className\":\"Scenicareas\",\"columns\":[{\"capJavaField\":\"Id\",\"columnComment\":\"景区id\",\"columnId\":161,\"columnName\":\"id\",\"columnType\":\"int\",\"createBy\":\"admin\",\"createTime\":\"2024-07-10 08:32:00\",\"dictType\":\"\",\"edit\":false,\"htmlType\":\"input\",\"increment\":true,\"insert\":false,\"isIncrement\":\"1\",\"isInsert\":\"0\",\"isPk\":\"1\",\"javaField\":\"id\",\"javaType\":\"Long\",\"list\":false,\"params\":{},\"pk\":true,\"query\":false,\"queryType\":\"EQ\",\"required\":false,\"sort\":1,\"superColumn\":false,\"tableId\":30,\"updateBy\":\"\",\"usableColumn\":false},{\"capJavaField\":\"City\",\"columnComment\":\"城市\",\"columnId\":162,\"columnName\":\"city\",\"columnType\":\"varchar(255)\",\"createBy\":\"admin\",\"createTime\":\"2024-07-10 08:32:00\",\"dictType\":\"\",\"edit\":true,\"htmlType\":\"input\",\"increment\":false,\"insert\":true,\"isEdit\":\"1\",\"isIncrement\":\"0\",\"isInsert\":\"1\",\"isList\":\"1\",\"isPk\":\"0\",\"isQuery\":\"1\",\"isRequired\":\"1\",\"javaField\":\"city\",\"javaType\":\"String\",\"list\":true,\"params\":{},\"pk\":false,\"query\":true,\"queryType\":\"LIKE\",\"required\":true,\"sort\":2,\"superColumn\":false,\"tableId\":30,\"updateBy\":\"\",\"usableColumn\":false},{\"capJavaField\":\"Name\",\"columnComment\":\"名称\",\"columnId\":163,\"columnName\":\"name\",\"columnType\":\"varchar(255)\",\"createBy\":\"admin\",\"createTime\":\"2024-07-10 08:32:00\",\"dictType\":\"\",\"edit\":true,\"htmlType\":\"input\",\"increment\":false,\"insert\":true,\"isEdit\":\"1\",\"isIncrement\":\"0\",\"isInsert\":\"1\",\"isList\":\"1\",\"isPk\":\"0\",\"isQuery\":\"1\",\"isRequired\":\"1\",\"javaField\":\"name\",\"javaType\":\"String\",\"list\":true,\"params\":{},\"pk\":false,\"query\":true,\"queryType\":\"LIKE\",\"required\":true,\"sort\":3,\"superColumn\":false,\"tableId\":30,\"updateBy\":\"\",\"usableColumn\":false},{\"capJavaField\":\"Address\",\"columnComment\":\"地址\",\"columnId\":164,\"columnName\":\"address\",\"columnType\":\"varchar(255)\",\"createBy\":\"admin\",\"createTime\":\"2024-07-10 08:32:00\",\"dictType\":\"\",\"edit\":true,\"htmlType\":\"input\",\"increment\":false,\"insert\":true,\"isEdit\":\"1\",\"isIncrement\":\"0\",\"isInsert\":\"1\",\"isList\":\"1\",\"isPk\":\"0\",\"isQuery\":\"1\",\"isRequired\":\"1\",\"javaField\":\"address\",\"javaType\":\"String\",', '{\"msg\":\"操作成功\",\"code\":200}', 0, NULL, '2024-07-10 08:35:13', 68);
INSERT INTO `sys_oper_log` VALUES (327, '菜单管理', 3, 'com.ruoyi.system.controller.SysMenuController.remove()', 'DELETE', 1, 'admin', NULL, '/menu/2099', '127.0.0.1', '', '{}', '{\"msg\":\"操作成功\",\"code\":200}', 0, NULL, '2024-07-10 08:35:31', 148);
INSERT INTO `sys_oper_log` VALUES (328, '菜单管理', 3, 'com.ruoyi.system.controller.SysMenuController.remove()', 'DELETE', 1, 'admin', NULL, '/menu/2100', '127.0.0.1', '', '{}', '{\"msg\":\"操作成功\",\"code\":200}', 0, NULL, '2024-07-10 08:35:33', 10);
INSERT INTO `sys_oper_log` VALUES (329, '菜单管理', 3, 'com.ruoyi.system.controller.SysMenuController.remove()', 'DELETE', 1, 'admin', NULL, '/menu/2101', '127.0.0.1', '', '{}', '{\"msg\":\"操作成功\",\"code\":200}', 0, NULL, '2024-07-10 08:35:35', 18);
INSERT INTO `sys_oper_log` VALUES (330, '菜单管理', 3, 'com.ruoyi.system.controller.SysMenuController.remove()', 'DELETE', 1, 'admin', NULL, '/menu/2102', '127.0.0.1', '', '{}', '{\"msg\":\"操作成功\",\"code\":200}', 0, NULL, '2024-07-10 08:35:36', 13);
INSERT INTO `sys_oper_log` VALUES (331, '菜单管理', 3, 'com.ruoyi.system.controller.SysMenuController.remove()', 'DELETE', 1, 'admin', NULL, '/menu/2103', '127.0.0.1', '', '{}', '{\"msg\":\"操作成功\",\"code\":200}', 0, NULL, '2024-07-10 08:35:38', 10);
INSERT INTO `sys_oper_log` VALUES (332, '菜单管理', 3, 'com.ruoyi.system.controller.SysMenuController.remove()', 'DELETE', 1, 'admin', NULL, '/menu/2098', '127.0.0.1', '', '{}', '{\"msg\":\"操作成功\",\"code\":200}', 0, NULL, '2024-07-10 08:35:40', 16);
INSERT INTO `sys_oper_log` VALUES (333, '代码生成', 8, 'com.ruoyi.gen.controller.GenController.batchGenCode()', 'GET', 1, 'admin', NULL, '/gen/batchGenCode', '127.0.0.1', '', '{\"tables\":\"scenicareas\"}', NULL, 0, NULL, '2024-07-10 08:35:52', 813);
INSERT INTO `sys_oper_log` VALUES (334, '代码生成', 2, 'com.ruoyi.gen.controller.GenController.editSave()', 'PUT', 1, 'admin', NULL, '/gen', '127.0.0.1', '', '{\"businessName\":\"scenicChart\",\"className\":\"Scenicareas\",\"columns\":[{\"capJavaField\":\"Id\",\"columnComment\":\"景区id\",\"columnId\":161,\"columnName\":\"id\",\"columnType\":\"int\",\"createBy\":\"admin\",\"createTime\":\"2024-07-10 08:32:00\",\"dictType\":\"\",\"edit\":false,\"htmlType\":\"input\",\"increment\":true,\"insert\":false,\"isIncrement\":\"1\",\"isInsert\":\"0\",\"isPk\":\"1\",\"javaField\":\"id\",\"javaType\":\"Long\",\"list\":false,\"params\":{},\"pk\":true,\"query\":false,\"queryType\":\"EQ\",\"required\":false,\"sort\":1,\"superColumn\":false,\"tableId\":30,\"updateBy\":\"\",\"updateTime\":\"2024-07-10 08:35:13\",\"usableColumn\":false},{\"capJavaField\":\"City\",\"columnComment\":\"城市\",\"columnId\":162,\"columnName\":\"city\",\"columnType\":\"varchar(255)\",\"createBy\":\"admin\",\"createTime\":\"2024-07-10 08:32:00\",\"dictType\":\"\",\"edit\":false,\"htmlType\":\"input\",\"increment\":false,\"insert\":false,\"isEdit\":\"0\",\"isIncrement\":\"0\",\"isInsert\":\"0\",\"isList\":\"0\",\"isPk\":\"0\",\"isQuery\":\"0\",\"isRequired\":\"1\",\"javaField\":\"city\",\"javaType\":\"String\",\"list\":false,\"params\":{},\"pk\":false,\"query\":false,\"queryType\":\"LIKE\",\"required\":true,\"sort\":2,\"superColumn\":false,\"tableId\":30,\"updateBy\":\"\",\"updateTime\":\"2024-07-10 08:35:13\",\"usableColumn\":false},{\"capJavaField\":\"Name\",\"columnComment\":\"名称\",\"columnId\":163,\"columnName\":\"name\",\"columnType\":\"varchar(255)\",\"createBy\":\"admin\",\"createTime\":\"2024-07-10 08:32:00\",\"dictType\":\"\",\"edit\":false,\"htmlType\":\"input\",\"increment\":false,\"insert\":false,\"isEdit\":\"0\",\"isIncrement\":\"0\",\"isInsert\":\"0\",\"isList\":\"1\",\"isPk\":\"0\",\"isQuery\":\"0\",\"isRequired\":\"1\",\"javaField\":\"name\",\"javaType\":\"String\",\"list\":true,\"params\":{},\"pk\":false,\"query\":false,\"queryType\":\"LIKE\",\"required\":true,\"sort\":3,\"superColumn\":false,\"tableId\":30,\"updateBy\":\"\",\"updateTime\":\"2024-07-10 08:35:13\",\"usableColumn\":false},{\"capJavaField\":\"Address\",\"columnComment\":\"地址\",\"columnId\":164,\"columnName\":\"address\",\"columnType\":\"varchar(255)\",\"createBy\":\"admin\",\"createTime\":\"2024-07-10 08:32:00\",\"dictType\":\"\",\"edit\":false,\"htmlType\":\"input\",\"increment\":false,\"insert\":false,\"isEdit\":\"0\",\"isIncrement\":\"0', '{\"msg\":\"操作成功\",\"code\":200}', 0, NULL, '2024-07-10 08:44:00', 26);
INSERT INTO `sys_oper_log` VALUES (335, '代码生成', 8, 'com.ruoyi.gen.controller.GenController.batchGenCode()', 'GET', 1, 'admin', NULL, '/gen/batchGenCode', '127.0.0.1', '', '{\"tables\":\"scenicareas\"}', NULL, 0, NULL, '2024-07-10 08:44:06', 103);
INSERT INTO `sys_oper_log` VALUES (336, '菜单管理', 2, 'com.ruoyi.system.controller.SysMenuController.edit()', 'PUT', 1, 'admin', NULL, '/menu', '127.0.0.1', '', '{\"children\":[],\"component\":\"scenic/scenicChart/index\",\"createTime\":\"2024-07-10 08:44:32\",\"icon\":\"#\",\"isCache\":\"0\",\"isFrame\":\"1\",\"menuId\":2189,\"menuName\":\"景区汇总\",\"menuType\":\"C\",\"orderNum\":1,\"params\":{},\"parentId\":2005,\"path\":\"scenicChart\",\"perms\":\"scenic:scenicChart:list\",\"routeName\":\"\",\"status\":\"0\",\"updateBy\":\"admin\",\"visible\":\"0\"}', '{\"msg\":\"操作成功\",\"code\":200}', 0, NULL, '2024-07-10 08:47:56', 28);
INSERT INTO `sys_oper_log` VALUES (337, '代码生成', 3, 'com.ruoyi.gen.controller.GenController.remove()', 'DELETE', 1, 'admin', NULL, '/gen/14', '127.0.0.1', '', '{}', '{\"msg\":\"操作成功\",\"code\":200}', 0, NULL, '2024-07-10 10:50:56', 52);
INSERT INTO `sys_oper_log` VALUES (338, '代码生成', 6, 'com.ruoyi.gen.controller.GenController.importTableSave()', 'POST', 1, 'admin', NULL, '/gen/importTable', '127.0.0.1', '', '{\"tables\":\"handlingresults\"}', '{\"msg\":\"操作成功\",\"code\":200}', 0, NULL, '2024-07-10 10:50:59', 42);
INSERT INTO `sys_oper_log` VALUES (339, '代码生成', 2, 'com.ruoyi.gen.controller.GenController.editSave()', 'PUT', 1, 'admin', NULL, '/gen', '127.0.0.1', '', '{\"businessName\":\"handlingresults\",\"className\":\"Handlingresults\",\"columns\":[{\"capJavaField\":\"Id\",\"columnId\":167,\"columnName\":\"id\",\"columnType\":\"int\",\"createBy\":\"admin\",\"createTime\":\"2024-07-10 10:50:59\",\"dictType\":\"\",\"edit\":false,\"htmlType\":\"input\",\"increment\":true,\"insert\":true,\"isIncrement\":\"1\",\"isInsert\":\"1\",\"isPk\":\"1\",\"javaField\":\"id\",\"javaType\":\"Long\",\"list\":false,\"params\":{},\"pk\":true,\"query\":false,\"queryType\":\"EQ\",\"required\":false,\"sort\":1,\"superColumn\":false,\"tableId\":31,\"updateBy\":\"\",\"usableColumn\":false},{\"capJavaField\":\"ComplaintId\",\"columnId\":168,\"columnName\":\"complaint_id\",\"columnType\":\"int\",\"createBy\":\"admin\",\"createTime\":\"2024-07-10 10:50:59\",\"dictType\":\"\",\"edit\":true,\"htmlType\":\"input\",\"increment\":false,\"insert\":true,\"isEdit\":\"1\",\"isIncrement\":\"0\",\"isInsert\":\"1\",\"isList\":\"1\",\"isPk\":\"0\",\"isQuery\":\"1\",\"isRequired\":\"1\",\"javaField\":\"complaintId\",\"javaType\":\"Long\",\"list\":true,\"params\":{},\"pk\":false,\"query\":true,\"queryType\":\"EQ\",\"required\":true,\"sort\":2,\"superColumn\":false,\"tableId\":31,\"updateBy\":\"\",\"usableColumn\":false},{\"capJavaField\":\"Result\",\"columnId\":169,\"columnName\":\"result\",\"columnType\":\"text\",\"createBy\":\"admin\",\"createTime\":\"2024-07-10 10:50:59\",\"dictType\":\"\",\"edit\":true,\"htmlType\":\"textarea\",\"increment\":false,\"insert\":true,\"isEdit\":\"1\",\"isIncrement\":\"0\",\"isInsert\":\"1\",\"isList\":\"1\",\"isPk\":\"0\",\"isQuery\":\"1\",\"isRequired\":\"1\",\"javaField\":\"result\",\"javaType\":\"String\",\"list\":true,\"params\":{},\"pk\":false,\"query\":true,\"queryType\":\"EQ\",\"required\":true,\"sort\":3,\"superColumn\":false,\"tableId\":31,\"updateBy\":\"\",\"usableColumn\":false},{\"capJavaField\":\"HandleTime\",\"columnId\":170,\"columnName\":\"handle_time\",\"columnType\":\"datetime\",\"createBy\":\"admin\",\"createTime\":\"2024-07-10 10:50:59\",\"dictType\":\"\",\"edit\":true,\"htmlType\":\"datetime\",\"increment\":false,\"insert\":true,\"isEdit\":\"1\",\"isIncrement\":\"0\",\"isInsert\":\"1\",\"isList\":\"1\",\"isPk\":\"0\",\"isQuery\":\"1\",\"isRequired\":\"1\",\"javaField\":\"handleTime\",\"javaType\":\"Date\",\"list\":true,\"params\":{},\"pk\":false,\"query\":true,\"queryType\":\"EQ\"', '{\"msg\":\"操作成功\",\"code\":200}', 0, NULL, '2024-07-10 10:52:01', 30);
INSERT INTO `sys_oper_log` VALUES (340, '菜单管理', 3, 'com.ruoyi.system.controller.SysMenuController.remove()', 'DELETE', 1, 'admin', NULL, '/menu/2087', '127.0.0.1', '', '{}', '{\"msg\":\"菜单已分配,不允许删除\",\"code\":601}', 0, NULL, '2024-07-10 10:52:15', 39);
INSERT INTO `sys_oper_log` VALUES (341, '菜单管理', 3, 'com.ruoyi.system.controller.SysMenuController.remove()', 'DELETE', 1, 'admin', NULL, '/menu/2086', '127.0.0.1', '', '{}', '{\"msg\":\"存在子菜单,不允许删除\",\"code\":601}', 0, NULL, '2024-07-10 10:52:19', 0);
INSERT INTO `sys_oper_log` VALUES (342, '菜单管理', 3, 'com.ruoyi.system.controller.SysMenuController.remove()', 'DELETE', 1, 'admin', NULL, '/menu/2088', '127.0.0.1', '', '{}', '{\"msg\":\"菜单已分配,不允许删除\",\"code\":601}', 0, NULL, '2024-07-10 10:52:22', 5);
INSERT INTO `sys_oper_log` VALUES (343, '菜单管理', 3, 'com.ruoyi.system.controller.SysMenuController.remove()', 'DELETE', 1, 'admin', NULL, '/menu/2089', '127.0.0.1', '', '{}', '{\"msg\":\"菜单已分配,不允许删除\",\"code\":601}', 0, NULL, '2024-07-10 10:52:24', 6);
INSERT INTO `sys_oper_log` VALUES (344, '代码生成', 2, 'com.ruoyi.gen.controller.GenController.editSave()', 'PUT', 1, 'admin', NULL, '/gen', '127.0.0.1', '', '{\"businessName\":\"handlingresults\",\"className\":\"Handlingresults\",\"columns\":[{\"capJavaField\":\"Id\",\"columnId\":167,\"columnName\":\"id\",\"columnType\":\"int\",\"createBy\":\"admin\",\"createTime\":\"2024-07-10 10:50:59\",\"dictType\":\"\",\"edit\":false,\"htmlType\":\"input\",\"increment\":true,\"insert\":true,\"isIncrement\":\"1\",\"isInsert\":\"1\",\"isPk\":\"1\",\"javaField\":\"id\",\"javaType\":\"Long\",\"list\":false,\"params\":{},\"pk\":true,\"query\":false,\"queryType\":\"EQ\",\"required\":false,\"sort\":1,\"superColumn\":false,\"tableId\":31,\"updateBy\":\"\",\"updateTime\":\"2024-07-10 10:52:01\",\"usableColumn\":false},{\"capJavaField\":\"ComplaintId\",\"columnId\":168,\"columnName\":\"complaint_id\",\"columnType\":\"int\",\"createBy\":\"admin\",\"createTime\":\"2024-07-10 10:50:59\",\"dictType\":\"\",\"edit\":true,\"htmlType\":\"input\",\"increment\":false,\"insert\":true,\"isEdit\":\"1\",\"isIncrement\":\"0\",\"isInsert\":\"1\",\"isList\":\"1\",\"isPk\":\"0\",\"isQuery\":\"1\",\"isRequired\":\"1\",\"javaField\":\"complaintId\",\"javaType\":\"Long\",\"list\":true,\"params\":{},\"pk\":false,\"query\":true,\"queryType\":\"EQ\",\"required\":true,\"sort\":2,\"superColumn\":false,\"tableId\":31,\"updateBy\":\"\",\"updateTime\":\"2024-07-10 10:52:01\",\"usableColumn\":false},{\"capJavaField\":\"Result\",\"columnId\":169,\"columnName\":\"result\",\"columnType\":\"text\",\"createBy\":\"admin\",\"createTime\":\"2024-07-10 10:50:59\",\"dictType\":\"\",\"edit\":true,\"htmlType\":\"textarea\",\"increment\":false,\"insert\":true,\"isEdit\":\"1\",\"isIncrement\":\"0\",\"isInsert\":\"1\",\"isList\":\"1\",\"isPk\":\"0\",\"isQuery\":\"1\",\"isRequired\":\"1\",\"javaField\":\"result\",\"javaType\":\"String\",\"list\":true,\"params\":{},\"pk\":false,\"query\":true,\"queryType\":\"EQ\",\"required\":true,\"sort\":3,\"superColumn\":false,\"tableId\":31,\"updateBy\":\"\",\"updateTime\":\"2024-07-10 10:52:01\",\"usableColumn\":false},{\"capJavaField\":\"HandleTime\",\"columnId\":170,\"columnName\":\"handle_time\",\"columnType\":\"datetime\",\"createBy\":\"admin\",\"createTime\":\"2024-07-10 10:50:59\",\"dictType\":\"\",\"edit\":true,\"htmlType\":\"datetime\",\"increment\":false,\"insert\":true,\"isEdit\":\"1\",\"isIncrement\":\"0\",\"isInsert\":\"1\",\"isList\":\"1\",\"isPk\":\"0\",\"isQuery\":\"1\",\"isRequired\":\"1\",\"j', '{\"msg\":\"操作成功\",\"code\":200}', 0, NULL, '2024-07-10 10:52:48', 18);
INSERT INTO `sys_oper_log` VALUES (345, '菜单管理', 3, 'com.ruoyi.system.controller.SysMenuController.remove()', 'DELETE', 1, 'admin', NULL, '/menu/2087', '127.0.0.1', '', '{}', '{\"msg\":\"菜单已分配,不允许删除\",\"code\":601}', 0, NULL, '2024-07-10 10:52:57', 6);
INSERT INTO `sys_oper_log` VALUES (346, '菜单管理', 3, 'com.ruoyi.system.controller.SysMenuController.remove()', 'DELETE', 1, 'admin', NULL, '/menu/2087', '127.0.0.1', '', '{}', '{\"msg\":\"菜单已分配,不允许删除\",\"code\":601}', 0, NULL, '2024-07-10 10:53:11', 10);
INSERT INTO `sys_oper_log` VALUES (347, '代码生成', 2, 'com.ruoyi.gen.controller.GenController.editSave()', 'PUT', 1, 'admin', NULL, '/gen', '127.0.0.1', '', '{\"businessName\":\"handlingresults\",\"className\":\"Handlingresults\",\"columns\":[{\"capJavaField\":\"Id\",\"columnComment\":\"处理结果id\",\"columnId\":167,\"columnName\":\"id\",\"columnType\":\"int\",\"createBy\":\"admin\",\"createTime\":\"2024-07-10 10:50:59\",\"dictType\":\"\",\"edit\":false,\"htmlType\":\"input\",\"increment\":true,\"insert\":false,\"isIncrement\":\"1\",\"isInsert\":\"0\",\"isPk\":\"1\",\"javaField\":\"id\",\"javaType\":\"Long\",\"list\":false,\"params\":{},\"pk\":true,\"query\":false,\"queryType\":\"EQ\",\"required\":false,\"sort\":1,\"superColumn\":false,\"tableId\":31,\"updateBy\":\"\",\"updateTime\":\"2024-07-10 10:52:48\",\"usableColumn\":false},{\"capJavaField\":\"ComplaintId\",\"columnComment\":\"投诉id\",\"columnId\":168,\"columnName\":\"complaint_id\",\"columnType\":\"int\",\"createBy\":\"admin\",\"createTime\":\"2024-07-10 10:50:59\",\"dictType\":\"\",\"edit\":true,\"htmlType\":\"input\",\"increment\":false,\"insert\":true,\"isEdit\":\"1\",\"isIncrement\":\"0\",\"isInsert\":\"1\",\"isList\":\"1\",\"isPk\":\"0\",\"isQuery\":\"1\",\"isRequired\":\"1\",\"javaField\":\"complaintId\",\"javaType\":\"Long\",\"list\":true,\"params\":{},\"pk\":false,\"query\":true,\"queryType\":\"EQ\",\"required\":true,\"sort\":2,\"superColumn\":false,\"tableId\":31,\"updateBy\":\"\",\"updateTime\":\"2024-07-10 10:52:48\",\"usableColumn\":false},{\"capJavaField\":\"Result\",\"columnComment\":\"处理结果\",\"columnId\":169,\"columnName\":\"result\",\"columnType\":\"text\",\"createBy\":\"admin\",\"createTime\":\"2024-07-10 10:50:59\",\"dictType\":\"\",\"edit\":true,\"htmlType\":\"textarea\",\"increment\":false,\"insert\":true,\"isEdit\":\"1\",\"isIncrement\":\"0\",\"isInsert\":\"1\",\"isList\":\"1\",\"isPk\":\"0\",\"isQuery\":\"1\",\"isRequired\":\"1\",\"javaField\":\"result\",\"javaType\":\"String\",\"list\":true,\"params\":{},\"pk\":false,\"query\":true,\"queryType\":\"LIKE\",\"required\":true,\"sort\":3,\"superColumn\":false,\"tableId\":31,\"updateBy\":\"\",\"updateTime\":\"2024-07-10 10:52:48\",\"usableColumn\":false},{\"capJavaField\":\"HandleTime\",\"columnComment\":\"处理时间\",\"columnId\":170,\"columnName\":\"handle_time\",\"columnType\":\"datetime\",\"createBy\":\"admin\",\"createTime\":\"2024-07-10 10:50:59\",\"dictType\":\"\",\"edit\":true,\"htmlType\":\"datetime\",\"increment\":false,\"insert\":true,\"isEdi', '{\"msg\":\"操作成功\",\"code\":200}', 0, NULL, '2024-07-10 10:54:51', 24);
INSERT INTO `sys_oper_log` VALUES (348, '代码生成', 8, 'com.ruoyi.gen.controller.GenController.batchGenCode()', 'GET', 1, 'admin', NULL, '/gen/batchGenCode', '127.0.0.1', '', '{\"tables\":\"handlingresults\"}', NULL, 0, NULL, '2024-07-10 10:55:11', 578);
INSERT INTO `sys_oper_log` VALUES (349, '娱乐信息', 2, 'com.ruoyi.entertainment.controller.EntertainmentController.edit()', 'PUT', 1, 'admin', NULL, '/entertainment', '127.0.0.1', '', '{\"address\":\"深圳市\",\"closingTime\":\"22:00:00\",\"id\":6,\"name\":\"movie_theater\",\"openingTime\":\"11:00:00\",\"params\":{},\"picUrl\":\"https://tourism-oss.oss-cn-beijing.aliyuncs.com/2024/07/10/20240710110959屏幕截图 2024-04-08 223911.png.png\",\"score\":95}', '{\"msg\":\"操作成功\",\"code\":200}', 0, NULL, '2024-07-10 11:10:02', 336);
INSERT INTO `sys_oper_log` VALUES (350, '景区信息', 2, 'com.ruoyi.scenic.controller.ScenicareasController.edit()', 'PUT', 1, 'admin', NULL, '/scenicareas', '127.0.0.1', '', '{\"address\":\"怀柔区\",\"city\":\"北京\",\"id\":1,\"name\":\"长城\",\"params\":{},\"picUrl\":\"https://tourism-oss.oss-cn-beijing.aliyuncs.com/2024/07/10/20240710111918mdl.png.png\",\"score\":95}', '{\"msg\":\"操作成功\",\"code\":200}', 0, NULL, '2024-07-10 11:19:20', 477);
INSERT INTO `sys_oper_log` VALUES (351, '菜单管理', 3, 'com.ruoyi.system.controller.SysMenuController.remove()', 'DELETE', 1, 'admin', NULL, '/menu/2044', '127.0.0.1', '', '{}', '{\"msg\":\"存在子菜单,不允许删除\",\"code\":601}', 0, NULL, '2024-07-10 13:53:48', 48);
INSERT INTO `sys_oper_log` VALUES (352, '菜单管理', 3, 'com.ruoyi.system.controller.SysMenuController.remove()', 'DELETE', 1, 'admin', NULL, '/menu/2045', '127.0.0.1', '', '{}', '{\"msg\":\"操作成功\",\"code\":200}', 0, NULL, '2024-07-10 13:53:56', 41);
INSERT INTO `sys_oper_log` VALUES (353, '菜单管理', 3, 'com.ruoyi.system.controller.SysMenuController.remove()', 'DELETE', 1, 'admin', NULL, '/menu/2046', '127.0.0.1', '', '{}', '{\"msg\":\"操作成功\",\"code\":200}', 0, NULL, '2024-07-10 13:53:58', 41);
INSERT INTO `sys_oper_log` VALUES (354, '菜单管理', 3, 'com.ruoyi.system.controller.SysMenuController.remove()', 'DELETE', 1, 'admin', NULL, '/menu/2047', '127.0.0.1', '', '{}', '{\"msg\":\"操作成功\",\"code\":200}', 0, NULL, '2024-07-10 13:53:59', 40);
INSERT INTO `sys_oper_log` VALUES (355, '菜单管理', 3, 'com.ruoyi.system.controller.SysMenuController.remove()', 'DELETE', 1, 'admin', NULL, '/menu/2048', '127.0.0.1', '', '{}', '{\"msg\":\"操作成功\",\"code\":200}', 0, NULL, '2024-07-10 13:54:00', 10);
INSERT INTO `sys_oper_log` VALUES (356, '菜单管理', 3, 'com.ruoyi.system.controller.SysMenuController.remove()', 'DELETE', 1, 'admin', NULL, '/menu/2049', '127.0.0.1', '', '{}', '{\"msg\":\"操作成功\",\"code\":200}', 0, NULL, '2024-07-10 13:54:01', 41);
INSERT INTO `sys_oper_log` VALUES (357, '菜单管理', 3, 'com.ruoyi.system.controller.SysMenuController.remove()', 'DELETE', 1, 'admin', NULL, '/menu/2044', '127.0.0.1', '', '{}', '{\"msg\":\"操作成功\",\"code\":200}', 0, NULL, '2024-07-10 13:54:02', 10);
INSERT INTO `sys_oper_log` VALUES (358, '菜单管理', 3, 'com.ruoyi.system.controller.SysMenuController.remove()', 'DELETE', 1, 'admin', NULL, '/menu/2051', '127.0.0.1', '', '{}', '{\"msg\":\"操作成功\",\"code\":200}', 0, NULL, '2024-07-10 13:54:06', 8);
INSERT INTO `sys_oper_log` VALUES (359, '菜单管理', 3, 'com.ruoyi.system.controller.SysMenuController.remove()', 'DELETE', 1, 'admin', NULL, '/menu/2052', '127.0.0.1', '', '{}', '{\"msg\":\"操作成功\",\"code\":200}', 0, NULL, '2024-07-10 13:54:07', 42);
INSERT INTO `sys_oper_log` VALUES (360, '菜单管理', 3, 'com.ruoyi.system.controller.SysMenuController.remove()', 'DELETE', 1, 'admin', NULL, '/menu/2053', '127.0.0.1', '', '{}', '{\"msg\":\"操作成功\",\"code\":200}', 0, NULL, '2024-07-10 13:54:08', 41);
INSERT INTO `sys_oper_log` VALUES (361, '菜单管理', 3, 'com.ruoyi.system.controller.SysMenuController.remove()', 'DELETE', 1, 'admin', NULL, '/menu/2054', '127.0.0.1', '', '{}', '{\"msg\":\"操作成功\",\"code\":200}', 0, NULL, '2024-07-10 13:54:09', 10);
INSERT INTO `sys_oper_log` VALUES (362, '菜单管理', 3, 'com.ruoyi.system.controller.SysMenuController.remove()', 'DELETE', 1, 'admin', NULL, '/menu/2055', '127.0.0.1', '', '{}', '{\"msg\":\"操作成功\",\"code\":200}', 0, NULL, '2024-07-10 13:54:10', 40);
INSERT INTO `sys_oper_log` VALUES (363, '菜单管理', 3, 'com.ruoyi.system.controller.SysMenuController.remove()', 'DELETE', 1, 'admin', NULL, '/menu/2050', '127.0.0.1', '', '{}', '{\"msg\":\"操作成功\",\"code\":200}', 0, NULL, '2024-07-10 13:54:12', 41);
INSERT INTO `sys_oper_log` VALUES (364, '菜单管理', 3, 'com.ruoyi.system.controller.SysMenuController.remove()', 'DELETE', 1, 'admin', NULL, '/menu/2057', '127.0.0.1', '', '{}', '{\"msg\":\"操作成功\",\"code\":200}', 0, NULL, '2024-07-10 13:54:16', 41);
INSERT INTO `sys_oper_log` VALUES (365, '菜单管理', 3, 'com.ruoyi.system.controller.SysMenuController.remove()', 'DELETE', 1, 'admin', NULL, '/menu/2058', '127.0.0.1', '', '{}', '{\"msg\":\"操作成功\",\"code\":200}', 0, NULL, '2024-07-10 13:54:17', 40);
INSERT INTO `sys_oper_log` VALUES (366, '菜单管理', 3, 'com.ruoyi.system.controller.SysMenuController.remove()', 'DELETE', 1, 'admin', NULL, '/menu/2059', '127.0.0.1', '', '{}', '{\"msg\":\"操作成功\",\"code\":200}', 0, NULL, '2024-07-10 13:54:18', 41);
INSERT INTO `sys_oper_log` VALUES (367, '菜单管理', 3, 'com.ruoyi.system.controller.SysMenuController.remove()', 'DELETE', 1, 'admin', NULL, '/menu/2060', '127.0.0.1', '', '{}', '{\"msg\":\"操作成功\",\"code\":200}', 0, NULL, '2024-07-10 13:54:20', 42);
INSERT INTO `sys_oper_log` VALUES (368, '菜单管理', 3, 'com.ruoyi.system.controller.SysMenuController.remove()', 'DELETE', 1, 'admin', NULL, '/menu/2061', '127.0.0.1', '', '{}', '{\"msg\":\"操作成功\",\"code\":200}', 0, NULL, '2024-07-10 13:54:21', 40);
INSERT INTO `sys_oper_log` VALUES (369, '菜单管理', 3, 'com.ruoyi.system.controller.SysMenuController.remove()', 'DELETE', 1, 'admin', NULL, '/menu/2056', '127.0.0.1', '', '{}', '{\"msg\":\"操作成功\",\"code\":200}', 0, NULL, '2024-07-10 13:54:22', 10);
INSERT INTO `sys_oper_log` VALUES (370, '菜单管理', 3, 'com.ruoyi.system.controller.SysMenuController.remove()', 'DELETE', 1, 'admin', NULL, '/menu/2063', '127.0.0.1', '', '{}', '{\"msg\":\"菜单已分配,不允许删除\",\"code\":601}', 0, NULL, '2024-07-10 13:54:27', 3);
INSERT INTO `sys_oper_log` VALUES (371, '菜单管理', 3, 'com.ruoyi.system.controller.SysMenuController.remove()', 'DELETE', 1, 'admin', NULL, '/menu/2069', '127.0.0.1', '', '{}', '{\"msg\":\"操作成功\",\"code\":200}', 0, NULL, '2024-07-10 13:54:33', 42);
INSERT INTO `sys_oper_log` VALUES (372, '菜单管理', 3, 'com.ruoyi.system.controller.SysMenuController.remove()', 'DELETE', 1, 'admin', NULL, '/menu/2070', '127.0.0.1', '', '{}', '{\"msg\":\"操作成功\",\"code\":200}', 0, NULL, '2024-07-10 13:54:34', 18);
INSERT INTO `sys_oper_log` VALUES (373, '菜单管理', 3, 'com.ruoyi.system.controller.SysMenuController.remove()', 'DELETE', 1, 'admin', NULL, '/menu/2071', '127.0.0.1', '', '{}', '{\"msg\":\"操作成功\",\"code\":200}', 0, NULL, '2024-07-10 13:54:35', 41);
INSERT INTO `sys_oper_log` VALUES (374, '菜单管理', 3, 'com.ruoyi.system.controller.SysMenuController.remove()', 'DELETE', 1, 'admin', NULL, '/menu/2072', '127.0.0.1', '', '{}', '{\"msg\":\"操作成功\",\"code\":200}', 0, NULL, '2024-07-10 13:54:36', 42);
INSERT INTO `sys_oper_log` VALUES (375, '菜单管理', 3, 'com.ruoyi.system.controller.SysMenuController.remove()', 'DELETE', 1, 'admin', NULL, '/menu/2073', '127.0.0.1', '', '{}', '{\"msg\":\"操作成功\",\"code\":200}', 0, NULL, '2024-07-10 13:54:37', 39);
INSERT INTO `sys_oper_log` VALUES (376, '菜单管理', 3, 'com.ruoyi.system.controller.SysMenuController.remove()', 'DELETE', 1, 'admin', NULL, '/menu/2068', '127.0.0.1', '', '{}', '{\"msg\":\"操作成功\",\"code\":200}', 0, NULL, '2024-07-10 13:54:39', 46);
INSERT INTO `sys_oper_log` VALUES (377, '菜单管理', 3, 'com.ruoyi.system.controller.SysMenuController.remove()', 'DELETE', 1, 'admin', NULL, '/menu/2063', '127.0.0.1', '', '{}', '{\"msg\":\"菜单已分配,不允许删除\",\"code\":601}', 0, NULL, '2024-07-10 13:54:42', 3);
INSERT INTO `sys_oper_log` VALUES (378, '菜单管理', 3, 'com.ruoyi.system.controller.SysMenuController.remove()', 'DELETE', 1, 'admin', NULL, '/menu/2063', '127.0.0.1', '', '{}', '{\"msg\":\"菜单已分配,不允许删除\",\"code\":601}', 0, NULL, '2024-07-10 13:55:12', 4);
INSERT INTO `sys_oper_log` VALUES (379, '菜单管理', 3, 'com.ruoyi.system.controller.SysMenuController.remove()', 'DELETE', 1, 'admin', NULL, '/menu/2062', '127.0.0.1', '', '{}', '{\"msg\":\"存在子菜单,不允许删除\",\"code\":601}', 0, NULL, '2024-07-10 13:55:23', 2);
INSERT INTO `sys_oper_log` VALUES (380, '菜单管理', 2, 'com.ruoyi.system.controller.SysMenuController.edit()', 'PUT', 1, 'admin', NULL, '/menu', '127.0.0.1', '', '{\"children\":[],\"component\":\"hotel/starmarketingrecords/index\",\"createTime\":\"2024-07-06 14:52:28\",\"icon\":\"#\",\"isCache\":\"1\",\"isFrame\":\"1\",\"menuId\":2062,\"menuName\":\"星级酒店营销管理\",\"menuType\":\"C\",\"orderNum\":1,\"params\":{},\"parentId\":2003,\"path\":\"starmarketingrecords\",\"perms\":\"hotel:starmarketingrecords:list\",\"routeName\":\"\",\"status\":\"1\",\"updateBy\":\"admin\",\"visible\":\"0\"}', '{\"msg\":\"操作成功\",\"code\":200}', 0, NULL, '2024-07-10 13:56:11', 21);
INSERT INTO `sys_oper_log` VALUES (381, '代码生成', 3, 'com.ruoyi.gen.controller.GenController.remove()', 'DELETE', 1, 'admin', NULL, '/gen/7,8,9,21,23', '127.0.0.1', '', '{}', '{\"msg\":\"操作成功\",\"code\":200}', 0, NULL, '2024-07-10 13:56:43', 79);
INSERT INTO `sys_oper_log` VALUES (382, '代码生成', 6, 'com.ruoyi.gen.controller.GenController.importTableSave()', 'POST', 1, 'admin', NULL, '/gen/importTable', '127.0.0.1', '', '{\"tables\":\"starbookings,starmarketingrecords,starhotelreviews,starhotels,starroomtypes\"}', '{\"msg\":\"操作成功\",\"code\":200}', 0, NULL, '2024-07-10 13:56:49', 135);
INSERT INTO `sys_oper_log` VALUES (383, '代码生成', 2, 'com.ruoyi.gen.controller.GenController.editSave()', 'PUT', 1, 'admin', NULL, '/gen', '127.0.0.1', '', '{\"businessName\":\"starbookings\",\"className\":\"Starbookings\",\"columns\":[{\"capJavaField\":\"Id\",\"columnComment\":\"星级酒店预定id\",\"columnId\":173,\"columnName\":\"id\",\"columnType\":\"int\",\"createBy\":\"admin\",\"createTime\":\"2024-07-10 13:56:49\",\"dictType\":\"\",\"edit\":false,\"htmlType\":\"input\",\"increment\":true,\"insert\":false,\"isIncrement\":\"1\",\"isInsert\":\"0\",\"isPk\":\"1\",\"javaField\":\"id\",\"javaType\":\"Long\",\"list\":false,\"params\":{},\"pk\":true,\"query\":false,\"queryType\":\"EQ\",\"required\":false,\"sort\":1,\"superColumn\":false,\"tableId\":32,\"updateBy\":\"\",\"usableColumn\":false},{\"capJavaField\":\"HotelId\",\"columnComment\":\"酒店id\",\"columnId\":174,\"columnName\":\"hotel_id\",\"columnType\":\"int\",\"createBy\":\"admin\",\"createTime\":\"2024-07-10 13:56:49\",\"dictType\":\"\",\"edit\":true,\"htmlType\":\"input\",\"increment\":false,\"insert\":true,\"isEdit\":\"1\",\"isIncrement\":\"0\",\"isInsert\":\"1\",\"isList\":\"1\",\"isPk\":\"0\",\"isQuery\":\"1\",\"isRequired\":\"1\",\"javaField\":\"hotelId\",\"javaType\":\"Long\",\"list\":true,\"params\":{},\"pk\":false,\"query\":true,\"queryType\":\"EQ\",\"required\":true,\"sort\":2,\"superColumn\":false,\"tableId\":32,\"updateBy\":\"\",\"usableColumn\":false},{\"capJavaField\":\"RoomTypeId\",\"columnComment\":\"房型id\",\"columnId\":175,\"columnName\":\"room_type_id\",\"columnType\":\"int\",\"createBy\":\"admin\",\"createTime\":\"2024-07-10 13:56:49\",\"dictType\":\"\",\"edit\":true,\"htmlType\":\"input\",\"increment\":false,\"insert\":true,\"isEdit\":\"1\",\"isIncrement\":\"0\",\"isInsert\":\"1\",\"isList\":\"1\",\"isPk\":\"0\",\"isQuery\":\"1\",\"isRequired\":\"1\",\"javaField\":\"roomTypeId\",\"javaType\":\"Long\",\"list\":true,\"params\":{},\"pk\":false,\"query\":true,\"queryType\":\"EQ\",\"required\":true,\"sort\":3,\"superColumn\":false,\"tableId\":32,\"updateBy\":\"\",\"usableColumn\":false},{\"capJavaField\":\"GuestId\",\"columnComment\":\"填表人id\",\"columnId\":176,\"columnName\":\"guest_id\",\"columnType\":\"bigint\",\"createBy\":\"admin\",\"createTime\":\"2024-07-10 13:56:49\",\"dictType\":\"\",\"edit\":true,\"htmlType\":\"input\",\"increment\":false,\"insert\":true,\"isEdit\":\"1\",\"isIncrement\":\"0\",\"isInsert\":\"1\",\"isList\":\"1\",\"isPk\":\"0\",\"isQuery\":\"1\",\"isRequired\":\"1\",\"javaField\":\"guestId\",\"javaTyp', '{\"msg\":\"操作成功\",\"code\":200}', 0, NULL, '2024-07-10 14:17:54', 39);
INSERT INTO `sys_oper_log` VALUES (384, '代码生成', 2, 'com.ruoyi.gen.controller.GenController.editSave()', 'PUT', 1, 'admin', NULL, '/gen', '127.0.0.1', '', '{\"businessName\":\"starhotelreviews\",\"className\":\"Starhotelreviews\",\"columns\":[{\"capJavaField\":\"Id\",\"columnComment\":\"星级酒店评价id\",\"columnId\":182,\"columnName\":\"id\",\"columnType\":\"int\",\"createBy\":\"admin\",\"createTime\":\"2024-07-10 13:56:49\",\"dictType\":\"\",\"edit\":false,\"htmlType\":\"input\",\"increment\":true,\"insert\":false,\"isIncrement\":\"1\",\"isInsert\":\"0\",\"isPk\":\"1\",\"javaField\":\"id\",\"javaType\":\"Long\",\"list\":false,\"params\":{},\"pk\":true,\"query\":false,\"queryType\":\"EQ\",\"required\":false,\"sort\":1,\"superColumn\":false,\"tableId\":33,\"updateBy\":\"\",\"usableColumn\":false},{\"capJavaField\":\"HotelId\",\"columnComment\":\"酒店id\",\"columnId\":183,\"columnName\":\"hotel_id\",\"columnType\":\"int\",\"createBy\":\"admin\",\"createTime\":\"2024-07-10 13:56:49\",\"dictType\":\"\",\"edit\":true,\"htmlType\":\"input\",\"increment\":false,\"insert\":true,\"isEdit\":\"1\",\"isIncrement\":\"0\",\"isInsert\":\"1\",\"isList\":\"1\",\"isPk\":\"0\",\"isQuery\":\"1\",\"isRequired\":\"1\",\"javaField\":\"hotelId\",\"javaType\":\"Long\",\"list\":true,\"params\":{},\"pk\":false,\"query\":true,\"queryType\":\"EQ\",\"required\":true,\"sort\":2,\"superColumn\":false,\"tableId\":33,\"updateBy\":\"\",\"usableColumn\":false},{\"capJavaField\":\"Content\",\"columnComment\":\"内容\",\"columnId\":184,\"columnName\":\"content\",\"columnType\":\"varchar(255)\",\"createBy\":\"admin\",\"createTime\":\"2024-07-10 13:56:49\",\"dictType\":\"\",\"edit\":true,\"htmlType\":\"editor\",\"increment\":false,\"insert\":true,\"isEdit\":\"1\",\"isIncrement\":\"0\",\"isInsert\":\"1\",\"isList\":\"1\",\"isPk\":\"0\",\"isQuery\":\"1\",\"isRequired\":\"1\",\"javaField\":\"content\",\"javaType\":\"String\",\"list\":true,\"params\":{},\"pk\":false,\"query\":true,\"queryType\":\"LIKE\",\"required\":true,\"sort\":3,\"superColumn\":false,\"tableId\":33,\"updateBy\":\"\",\"usableColumn\":false},{\"capJavaField\":\"GuestId\",\"columnComment\":\"评价人id\",\"columnId\":185,\"columnName\":\"guest_id\",\"columnType\":\"bigint\",\"createBy\":\"admin\",\"createTime\":\"2024-07-10 13:56:49\",\"dictType\":\"\",\"edit\":true,\"htmlType\":\"input\",\"increment\":false,\"insert\":true,\"isEdit\":\"1\",\"isIncrement\":\"0\",\"isInsert\":\"1\",\"isList\":\"1\",\"isPk\":\"0\",\"isQuery\":\"0\",\"isRequired\":\"1\",\"javaField\":\"guestId\"', '{\"msg\":\"操作成功\",\"code\":200}', 0, NULL, '2024-07-10 14:21:15', 46);
INSERT INTO `sys_oper_log` VALUES (385, '代码生成', 2, 'com.ruoyi.gen.controller.GenController.editSave()', 'PUT', 1, 'admin', NULL, '/gen', '127.0.0.1', '', '{\"businessName\":\"starbookings\",\"className\":\"Starbookings\",\"columns\":[{\"capJavaField\":\"Id\",\"columnComment\":\"星级酒店预定id\",\"columnId\":173,\"columnName\":\"id\",\"columnType\":\"int\",\"createBy\":\"admin\",\"createTime\":\"2024-07-10 13:56:49\",\"dictType\":\"\",\"edit\":false,\"htmlType\":\"input\",\"increment\":true,\"insert\":false,\"isIncrement\":\"1\",\"isInsert\":\"0\",\"isPk\":\"1\",\"javaField\":\"id\",\"javaType\":\"Long\",\"list\":false,\"params\":{},\"pk\":true,\"query\":false,\"queryType\":\"EQ\",\"required\":false,\"sort\":1,\"superColumn\":false,\"tableId\":32,\"updateBy\":\"\",\"updateTime\":\"2024-07-10 14:17:54\",\"usableColumn\":false},{\"capJavaField\":\"HotelId\",\"columnComment\":\"酒店id\",\"columnId\":174,\"columnName\":\"hotel_id\",\"columnType\":\"int\",\"createBy\":\"admin\",\"createTime\":\"2024-07-10 13:56:49\",\"dictType\":\"\",\"edit\":true,\"htmlType\":\"input\",\"increment\":false,\"insert\":true,\"isEdit\":\"1\",\"isIncrement\":\"0\",\"isInsert\":\"1\",\"isList\":\"1\",\"isPk\":\"0\",\"isQuery\":\"1\",\"isRequired\":\"1\",\"javaField\":\"hotelId\",\"javaType\":\"Long\",\"list\":true,\"params\":{},\"pk\":false,\"query\":true,\"queryType\":\"EQ\",\"required\":true,\"sort\":2,\"superColumn\":false,\"tableId\":32,\"updateBy\":\"\",\"updateTime\":\"2024-07-10 14:17:54\",\"usableColumn\":false},{\"capJavaField\":\"RoomTypeId\",\"columnComment\":\"房型id\",\"columnId\":175,\"columnName\":\"room_type_id\",\"columnType\":\"int\",\"createBy\":\"admin\",\"createTime\":\"2024-07-10 13:56:49\",\"dictType\":\"\",\"edit\":true,\"htmlType\":\"input\",\"increment\":false,\"insert\":true,\"isEdit\":\"1\",\"isIncrement\":\"0\",\"isInsert\":\"1\",\"isList\":\"1\",\"isPk\":\"0\",\"isQuery\":\"1\",\"isRequired\":\"1\",\"javaField\":\"roomTypeId\",\"javaType\":\"Long\",\"list\":true,\"params\":{},\"pk\":false,\"query\":true,\"queryType\":\"EQ\",\"required\":true,\"sort\":3,\"superColumn\":false,\"tableId\":32,\"updateBy\":\"\",\"updateTime\":\"2024-07-10 14:17:54\",\"usableColumn\":false},{\"capJavaField\":\"GuestId\",\"columnComment\":\"填表人id\",\"columnId\":176,\"columnName\":\"guest_id\",\"columnType\":\"bigint\",\"createBy\":\"admin\",\"createTime\":\"2024-07-10 13:56:49\",\"dictType\":\"\",\"edit\":true,\"htmlType\":\"input\",\"increment\":false,\"insert\":true,\"isEdit\":\"1\",\"isIncrement\"', '{\"msg\":\"操作成功\",\"code\":200}', 0, NULL, '2024-07-10 14:21:27', 16);
INSERT INTO `sys_oper_log` VALUES (386, '代码生成', 2, 'com.ruoyi.gen.controller.GenController.editSave()', 'PUT', 1, 'admin', NULL, '/gen', '127.0.0.1', '', '{\"businessName\":\"starhotels\",\"className\":\"Starhotels\",\"columns\":[{\"capJavaField\":\"Id\",\"columnComment\":\"星级酒店id\",\"columnId\":189,\"columnName\":\"id\",\"columnType\":\"int\",\"createBy\":\"admin\",\"createTime\":\"2024-07-10 13:56:49\",\"dictType\":\"\",\"edit\":false,\"htmlType\":\"input\",\"increment\":true,\"insert\":false,\"isIncrement\":\"1\",\"isInsert\":\"0\",\"isPk\":\"1\",\"javaField\":\"id\",\"javaType\":\"Long\",\"list\":false,\"params\":{},\"pk\":true,\"query\":false,\"queryType\":\"EQ\",\"required\":false,\"sort\":1,\"superColumn\":false,\"tableId\":34,\"updateBy\":\"\",\"usableColumn\":false},{\"capJavaField\":\"Name\",\"columnComment\":\"酒店名称\",\"columnId\":190,\"columnName\":\"name\",\"columnType\":\"varchar(255)\",\"createBy\":\"admin\",\"createTime\":\"2024-07-10 13:56:49\",\"dictType\":\"\",\"edit\":true,\"htmlType\":\"input\",\"increment\":false,\"insert\":true,\"isEdit\":\"1\",\"isIncrement\":\"0\",\"isInsert\":\"1\",\"isList\":\"1\",\"isPk\":\"0\",\"isQuery\":\"1\",\"isRequired\":\"1\",\"javaField\":\"name\",\"javaType\":\"String\",\"list\":true,\"params\":{},\"pk\":false,\"query\":true,\"queryType\":\"LIKE\",\"required\":true,\"sort\":2,\"superColumn\":false,\"tableId\":34,\"updateBy\":\"\",\"usableColumn\":false},{\"capJavaField\":\"StarLevel\",\"columnComment\":\"星级\",\"columnId\":191,\"columnName\":\"star_level\",\"columnType\":\"int\",\"createBy\":\"admin\",\"createTime\":\"2024-07-10 13:56:49\",\"dictType\":\"\",\"edit\":true,\"htmlType\":\"input\",\"increment\":false,\"insert\":true,\"isEdit\":\"1\",\"isIncrement\":\"0\",\"isInsert\":\"1\",\"isList\":\"1\",\"isPk\":\"0\",\"isQuery\":\"0\",\"isRequired\":\"1\",\"javaField\":\"starLevel\",\"javaType\":\"Long\",\"list\":true,\"params\":{},\"pk\":false,\"query\":false,\"queryType\":\"EQ\",\"required\":true,\"sort\":3,\"superColumn\":false,\"tableId\":34,\"updateBy\":\"\",\"usableColumn\":false},{\"capJavaField\":\"MinPrice\",\"columnComment\":\"最低价\",\"columnId\":192,\"columnName\":\"min_price\",\"columnType\":\"int\",\"createBy\":\"admin\",\"createTime\":\"2024-07-10 13:56:49\",\"dictType\":\"\",\"edit\":true,\"htmlType\":\"input\",\"increment\":false,\"insert\":true,\"isEdit\":\"1\",\"isIncrement\":\"0\",\"isInsert\":\"1\",\"isList\":\"1\",\"isPk\":\"0\",\"isQuery\":\"0\",\"isRequired\":\"1\",\"javaField\":\"minPrice\",\"javaType\":\"Long\",', '{\"msg\":\"操作成功\",\"code\":200}', 0, NULL, '2024-07-10 14:23:31', 47);
INSERT INTO `sys_oper_log` VALUES (387, '代码生成', 2, 'com.ruoyi.gen.controller.GenController.editSave()', 'PUT', 1, 'admin', NULL, '/gen', '127.0.0.1', '', '{\"businessName\":\"starmarketingrecords\",\"className\":\"Starmarketingrecords\",\"columns\":[{\"capJavaField\":\"Id\",\"columnComment\":\"星级酒店营销id\",\"columnId\":196,\"columnName\":\"id\",\"columnType\":\"int\",\"createBy\":\"admin\",\"createTime\":\"2024-07-10 13:56:49\",\"dictType\":\"\",\"edit\":false,\"htmlType\":\"input\",\"increment\":true,\"insert\":false,\"isIncrement\":\"1\",\"isInsert\":\"0\",\"isPk\":\"1\",\"javaField\":\"id\",\"javaType\":\"Long\",\"list\":false,\"params\":{},\"pk\":true,\"query\":false,\"queryType\":\"EQ\",\"required\":false,\"sort\":1,\"superColumn\":false,\"tableId\":35,\"updateBy\":\"\",\"usableColumn\":false},{\"capJavaField\":\"HotelId\",\"columnComment\":\"酒店id\",\"columnId\":197,\"columnName\":\"hotel_id\",\"columnType\":\"int\",\"createBy\":\"admin\",\"createTime\":\"2024-07-10 13:56:49\",\"dictType\":\"\",\"edit\":true,\"htmlType\":\"input\",\"increment\":false,\"insert\":true,\"isEdit\":\"1\",\"isIncrement\":\"0\",\"isInsert\":\"1\",\"isList\":\"1\",\"isPk\":\"0\",\"isQuery\":\"1\",\"isRequired\":\"1\",\"javaField\":\"hotelId\",\"javaType\":\"Long\",\"list\":true,\"params\":{},\"pk\":false,\"query\":true,\"queryType\":\"EQ\",\"required\":true,\"sort\":2,\"superColumn\":false,\"tableId\":35,\"updateBy\":\"\",\"usableColumn\":false},{\"capJavaField\":\"RoomTypeId\",\"columnComment\":\"房型id\",\"columnId\":198,\"columnName\":\"room_type_id\",\"columnType\":\"int\",\"createBy\":\"admin\",\"createTime\":\"2024-07-10 13:56:49\",\"dictType\":\"\",\"edit\":true,\"htmlType\":\"input\",\"increment\":false,\"insert\":true,\"isEdit\":\"1\",\"isIncrement\":\"0\",\"isInsert\":\"1\",\"isList\":\"1\",\"isPk\":\"0\",\"isQuery\":\"1\",\"isRequired\":\"1\",\"javaField\":\"roomTypeId\",\"javaType\":\"Long\",\"list\":true,\"params\":{},\"pk\":false,\"query\":true,\"queryType\":\"EQ\",\"required\":true,\"sort\":3,\"superColumn\":false,\"tableId\":35,\"updateBy\":\"\",\"usableColumn\":false},{\"capJavaField\":\"TotalSales\",\"columnComment\":\"总销量\",\"columnId\":199,\"columnName\":\"total_sales\",\"columnType\":\"int\",\"createBy\":\"admin\",\"createTime\":\"2024-07-10 13:56:49\",\"dictType\":\"\",\"edit\":true,\"htmlType\":\"input\",\"increment\":false,\"insert\":true,\"isEdit\":\"1\",\"isIncrement\":\"0\",\"isInsert\":\"1\",\"isList\":\"1\",\"isPk\":\"0\",\"isQuery\":\"0\",\"javaField\":\"totalSales\",\"java', '{\"msg\":\"操作成功\",\"code\":200}', 0, NULL, '2024-07-10 14:27:41', 11);
INSERT INTO `sys_oper_log` VALUES (388, '代码生成', 2, 'com.ruoyi.gen.controller.GenController.editSave()', 'PUT', 1, 'admin', NULL, '/gen', '127.0.0.1', '', '{\"businessName\":\"starroomtypes\",\"className\":\"Starroomtypes\",\"columns\":[{\"capJavaField\":\"Id\",\"columnComment\":\"星级酒店房型id\",\"columnId\":200,\"columnName\":\"id\",\"columnType\":\"int\",\"createBy\":\"admin\",\"createTime\":\"2024-07-10 13:56:49\",\"dictType\":\"\",\"edit\":false,\"htmlType\":\"input\",\"increment\":true,\"insert\":false,\"isIncrement\":\"1\",\"isInsert\":\"0\",\"isPk\":\"1\",\"javaField\":\"id\",\"javaType\":\"Long\",\"list\":false,\"params\":{},\"pk\":true,\"query\":false,\"queryType\":\"EQ\",\"required\":false,\"sort\":1,\"superColumn\":false,\"tableId\":36,\"updateBy\":\"\",\"usableColumn\":false},{\"capJavaField\":\"HotelId\",\"columnComment\":\"酒店id\",\"columnId\":201,\"columnName\":\"hotel_id\",\"columnType\":\"int\",\"createBy\":\"admin\",\"createTime\":\"2024-07-10 13:56:49\",\"dictType\":\"\",\"edit\":true,\"htmlType\":\"input\",\"increment\":false,\"insert\":true,\"isEdit\":\"1\",\"isIncrement\":\"0\",\"isInsert\":\"1\",\"isList\":\"1\",\"isPk\":\"0\",\"isQuery\":\"1\",\"isRequired\":\"1\",\"javaField\":\"hotelId\",\"javaType\":\"Long\",\"list\":true,\"params\":{},\"pk\":false,\"query\":true,\"queryType\":\"EQ\",\"required\":true,\"sort\":2,\"superColumn\":false,\"tableId\":36,\"updateBy\":\"\",\"usableColumn\":false},{\"capJavaField\":\"Name\",\"columnComment\":\"房型名称\",\"columnId\":202,\"columnName\":\"name\",\"columnType\":\"varchar(255)\",\"createBy\":\"admin\",\"createTime\":\"2024-07-10 13:56:49\",\"dictType\":\"\",\"edit\":true,\"htmlType\":\"input\",\"increment\":false,\"insert\":true,\"isEdit\":\"1\",\"isIncrement\":\"0\",\"isInsert\":\"1\",\"isList\":\"1\",\"isPk\":\"0\",\"isQuery\":\"1\",\"isRequired\":\"1\",\"javaField\":\"name\",\"javaType\":\"String\",\"list\":true,\"params\":{},\"pk\":false,\"query\":true,\"queryType\":\"LIKE\",\"required\":true,\"sort\":3,\"superColumn\":false,\"tableId\":36,\"updateBy\":\"\",\"usableColumn\":false},{\"capJavaField\":\"Price\",\"columnComment\":\"价格\",\"columnId\":203,\"columnName\":\"price\",\"columnType\":\"int\",\"createBy\":\"admin\",\"createTime\":\"2024-07-10 13:56:49\",\"dictType\":\"\",\"edit\":true,\"htmlType\":\"input\",\"increment\":false,\"insert\":true,\"isEdit\":\"1\",\"isIncrement\":\"0\",\"isInsert\":\"1\",\"isList\":\"1\",\"isPk\":\"0\",\"isQuery\":\"0\",\"isRequired\":\"1\",\"javaField\":\"price\",\"javaType\":\"Long\",\"list\":t', '{\"msg\":\"操作成功\",\"code\":200}', 0, NULL, '2024-07-10 14:30:31', 19);
INSERT INTO `sys_oper_log` VALUES (389, '代码生成', 8, 'com.ruoyi.gen.controller.GenController.batchGenCode()', 'GET', 1, 'admin', NULL, '/gen/batchGenCode', '127.0.0.1', '', '{\"tables\":\"starbookings,starhotelreviews,starhotels,starmarketingrecords,starroomtypes\"}', NULL, 0, NULL, '2024-07-10 14:30:47', 624);
INSERT INTO `sys_oper_log` VALUES (390, '代码生成', 2, 'com.ruoyi.gen.controller.GenController.editSave()', 'PUT', 1, 'admin', NULL, '/gen', '127.0.0.1', '', '{\"businessName\":\"starhotelreviews\",\"className\":\"Starhotelreviews\",\"columns\":[{\"capJavaField\":\"Id\",\"columnComment\":\"星级酒店评价id\",\"columnId\":182,\"columnName\":\"id\",\"columnType\":\"int\",\"createBy\":\"admin\",\"createTime\":\"2024-07-10 13:56:49\",\"dictType\":\"\",\"edit\":false,\"htmlType\":\"input\",\"increment\":true,\"insert\":false,\"isIncrement\":\"1\",\"isInsert\":\"0\",\"isPk\":\"1\",\"javaField\":\"id\",\"javaType\":\"Long\",\"list\":false,\"params\":{},\"pk\":true,\"query\":false,\"queryType\":\"EQ\",\"required\":false,\"sort\":1,\"superColumn\":false,\"tableId\":33,\"updateBy\":\"\",\"updateTime\":\"2024-07-10 14:21:15\",\"usableColumn\":false},{\"capJavaField\":\"HotelId\",\"columnComment\":\"酒店id\",\"columnId\":183,\"columnName\":\"hotel_id\",\"columnType\":\"int\",\"createBy\":\"admin\",\"createTime\":\"2024-07-10 13:56:49\",\"dictType\":\"\",\"edit\":true,\"htmlType\":\"input\",\"increment\":false,\"insert\":true,\"isEdit\":\"1\",\"isIncrement\":\"0\",\"isInsert\":\"1\",\"isList\":\"1\",\"isPk\":\"0\",\"isQuery\":\"1\",\"isRequired\":\"1\",\"javaField\":\"hotelId\",\"javaType\":\"Long\",\"list\":true,\"params\":{},\"pk\":false,\"query\":true,\"queryType\":\"EQ\",\"required\":true,\"sort\":2,\"superColumn\":false,\"tableId\":33,\"updateBy\":\"\",\"updateTime\":\"2024-07-10 14:21:15\",\"usableColumn\":false},{\"capJavaField\":\"Content\",\"columnComment\":\"内容\",\"columnId\":184,\"columnName\":\"content\",\"columnType\":\"varchar(255)\",\"createBy\":\"admin\",\"createTime\":\"2024-07-10 13:56:49\",\"dictType\":\"\",\"edit\":true,\"htmlType\":\"editor\",\"increment\":false,\"insert\":true,\"isEdit\":\"1\",\"isIncrement\":\"0\",\"isInsert\":\"1\",\"isList\":\"1\",\"isPk\":\"0\",\"isQuery\":\"1\",\"isRequired\":\"1\",\"javaField\":\"content\",\"javaType\":\"String\",\"list\":true,\"params\":{},\"pk\":false,\"query\":true,\"queryType\":\"LIKE\",\"required\":true,\"sort\":3,\"superColumn\":false,\"tableId\":33,\"updateBy\":\"\",\"updateTime\":\"2024-07-10 14:21:15\",\"usableColumn\":false},{\"capJavaField\":\"GuestId\",\"columnComment\":\"评价人id\",\"columnId\":185,\"columnName\":\"guest_id\",\"columnType\":\"bigint\",\"createBy\":\"admin\",\"createTime\":\"2024-07-10 13:56:49\",\"dictType\":\"\",\"edit\":true,\"htmlType\":\"input\",\"increment\":false,\"insert\":true,\"isEdit\":\"1\",\"isI', '{\"msg\":\"操作成功\",\"code\":200}', 0, NULL, '2024-07-11 08:27:48', 150);
INSERT INTO `sys_oper_log` VALUES (391, '代码生成', 8, 'com.ruoyi.gen.controller.GenController.batchGenCode()', 'GET', 1, 'admin', NULL, '/gen/batchGenCode', '127.0.0.1', '', '{\"tables\":\"starhotelreviews\"}', NULL, 0, NULL, '2024-07-11 08:28:18', 1021);
INSERT INTO `sys_oper_log` VALUES (392, '菜单管理', 3, 'com.ruoyi.system.controller.SysMenuController.remove()', 'DELETE', 1, 'admin', NULL, '/menu/2207', '127.0.0.1', '', '{}', '{\"msg\":\"存在子菜单,不允许删除\",\"code\":601}', 0, NULL, '2024-07-11 08:30:31', 37);
INSERT INTO `sys_oper_log` VALUES (393, '菜单管理', 3, 'com.ruoyi.system.controller.SysMenuController.remove()', 'DELETE', 1, 'admin', NULL, '/menu/2208', '127.0.0.1', '', '{}', '{\"msg\":\"操作成功\",\"code\":200}', 0, NULL, '2024-07-11 08:30:36', 24);
INSERT INTO `sys_oper_log` VALUES (394, '菜单管理', 3, 'com.ruoyi.system.controller.SysMenuController.remove()', 'DELETE', 1, 'admin', NULL, '/menu/2209', '127.0.0.1', '', '{}', '{\"msg\":\"操作成功\",\"code\":200}', 0, NULL, '2024-07-11 08:30:38', 20);
INSERT INTO `sys_oper_log` VALUES (395, '菜单管理', 3, 'com.ruoyi.system.controller.SysMenuController.remove()', 'DELETE', 1, 'admin', NULL, '/menu/2210', '127.0.0.1', '', '{}', '{\"msg\":\"操作成功\",\"code\":200}', 0, NULL, '2024-07-11 08:30:39', 6);
INSERT INTO `sys_oper_log` VALUES (396, '菜单管理', 3, 'com.ruoyi.system.controller.SysMenuController.remove()', 'DELETE', 1, 'admin', NULL, '/menu/2211', '127.0.0.1', '', '{}', '{\"msg\":\"操作成功\",\"code\":200}', 0, NULL, '2024-07-11 08:30:41', 12);
INSERT INTO `sys_oper_log` VALUES (397, '菜单管理', 3, 'com.ruoyi.system.controller.SysMenuController.remove()', 'DELETE', 1, 'admin', NULL, '/menu/2212', '127.0.0.1', '', '{}', '{\"msg\":\"操作成功\",\"code\":200}', 0, NULL, '2024-07-11 08:30:42', 13);
INSERT INTO `sys_oper_log` VALUES (398, '菜单管理', 3, 'com.ruoyi.system.controller.SysMenuController.remove()', 'DELETE', 1, 'admin', NULL, '/menu/2207', '127.0.0.1', '', '{}', '{\"msg\":\"操作成功\",\"code\":200}', 0, NULL, '2024-07-11 08:30:44', 6);
INSERT INTO `sys_oper_log` VALUES (399, '菜单管理', 2, 'com.ruoyi.system.controller.SysMenuController.edit()', 'PUT', 1, 'admin', NULL, '/menu', '127.0.0.1', '', '{\"children\":[],\"component\":\"hotel/starhotelreviews/index\",\"createTime\":\"2024-07-11 08:28:43\",\"icon\":\"#\",\"isCache\":\"0\",\"isFrame\":\"1\",\"menuId\":2231,\"menuName\":\"星级酒店评价\",\"menuType\":\"C\",\"orderNum\":1,\"params\":{},\"parentId\":2003,\"path\":\"starhotelreviews\",\"perms\":\"hotel:starhotelreviews:list\",\"routeName\":\"\",\"status\":\"0\",\"updateBy\":\"admin\",\"visible\":\"0\"}', '{\"msg\":\"操作成功\",\"code\":200}', 0, NULL, '2024-07-11 08:37:54', 70);
INSERT INTO `sys_oper_log` VALUES (400, '菜单管理', 2, 'com.ruoyi.system.controller.SysMenuController.edit()', 'PUT', 1, 'admin', NULL, '/menu', '127.0.0.1', '', '{\"children\":[],\"component\":\"hotel/starroomtypes/index\",\"createTime\":\"2024-07-10 14:33:00\",\"icon\":\"#\",\"isCache\":\"0\",\"isFrame\":\"1\",\"menuId\":2225,\"menuName\":\"星级酒店房型\",\"menuType\":\"C\",\"orderNum\":1,\"params\":{},\"parentId\":2003,\"path\":\"starroomtypes\",\"perms\":\"hotel:starroomtypes:list\",\"routeName\":\"\",\"status\":\"0\",\"updateBy\":\"admin\",\"visible\":\"0\"}', '{\"msg\":\"操作成功\",\"code\":200}', 0, NULL, '2024-07-11 08:38:11', 7);
INSERT INTO `sys_oper_log` VALUES (401, '代码生成', 3, 'com.ruoyi.gen.controller.GenController.remove()', 'DELETE', 1, 'admin', NULL, '/gen/34', '127.0.0.1', '', '{}', '{\"msg\":\"操作成功\",\"code\":200}', 0, NULL, '2024-07-11 09:04:06', 206);
INSERT INTO `sys_oper_log` VALUES (402, '代码生成', 6, 'com.ruoyi.gen.controller.GenController.importTableSave()', 'POST', 1, 'admin', NULL, '/gen/importTable', '127.0.0.1', '', '{\"tables\":\"starhotels\"}', '{\"msg\":\"操作成功\",\"code\":200}', 0, NULL, '2024-07-11 09:04:14', 211);
INSERT INTO `sys_oper_log` VALUES (403, '代码生成', 2, 'com.ruoyi.gen.controller.GenController.editSave()', 'PUT', 1, 'admin', NULL, '/gen', '127.0.0.1', '', '{\"businessName\":\"starhotels\",\"className\":\"Starhotels\",\"columns\":[{\"capJavaField\":\"Id\",\"columnComment\":\"酒店id\",\"columnId\":207,\"columnName\":\"id\",\"columnType\":\"int\",\"createBy\":\"admin\",\"createTime\":\"2024-07-11 09:04:14\",\"dictType\":\"\",\"edit\":false,\"htmlType\":\"input\",\"increment\":true,\"insert\":false,\"isIncrement\":\"1\",\"isInsert\":\"0\",\"isPk\":\"1\",\"javaField\":\"id\",\"javaType\":\"Long\",\"list\":false,\"params\":{},\"pk\":true,\"query\":false,\"queryType\":\"EQ\",\"required\":false,\"sort\":1,\"superColumn\":false,\"tableId\":37,\"updateBy\":\"\",\"usableColumn\":false},{\"capJavaField\":\"Name\",\"columnComment\":\"酒店名称\",\"columnId\":208,\"columnName\":\"name\",\"columnType\":\"varchar(255)\",\"createBy\":\"admin\",\"createTime\":\"2024-07-11 09:04:14\",\"dictType\":\"\",\"edit\":true,\"htmlType\":\"input\",\"increment\":false,\"insert\":true,\"isEdit\":\"1\",\"isIncrement\":\"0\",\"isInsert\":\"1\",\"isList\":\"1\",\"isPk\":\"0\",\"isQuery\":\"1\",\"isRequired\":\"1\",\"javaField\":\"name\",\"javaType\":\"String\",\"list\":true,\"params\":{},\"pk\":false,\"query\":true,\"queryType\":\"LIKE\",\"required\":true,\"sort\":2,\"superColumn\":false,\"tableId\":37,\"updateBy\":\"\",\"usableColumn\":false},{\"capJavaField\":\"StarLevel\",\"columnComment\":\"星级\",\"columnId\":209,\"columnName\":\"star_level\",\"columnType\":\"int\",\"createBy\":\"admin\",\"createTime\":\"2024-07-11 09:04:14\",\"dictType\":\"\",\"edit\":true,\"htmlType\":\"input\",\"increment\":false,\"insert\":true,\"isEdit\":\"1\",\"isIncrement\":\"0\",\"isInsert\":\"1\",\"isList\":\"1\",\"isPk\":\"0\",\"isQuery\":\"0\",\"isRequired\":\"1\",\"javaField\":\"starLevel\",\"javaType\":\"Long\",\"list\":true,\"params\":{},\"pk\":false,\"query\":false,\"queryType\":\"EQ\",\"required\":true,\"sort\":3,\"superColumn\":false,\"tableId\":37,\"updateBy\":\"\",\"usableColumn\":false},{\"capJavaField\":\"MinPrice\",\"columnComment\":\"最低价\",\"columnId\":210,\"columnName\":\"min_price\",\"columnType\":\"int\",\"createBy\":\"admin\",\"createTime\":\"2024-07-11 09:04:14\",\"dictType\":\"\",\"edit\":true,\"htmlType\":\"input\",\"increment\":false,\"insert\":true,\"isEdit\":\"1\",\"isIncrement\":\"0\",\"isInsert\":\"1\",\"isList\":\"1\",\"isPk\":\"0\",\"isQuery\":\"0\",\"isRequired\":\"1\",\"javaField\":\"minPrice\",\"javaType\":\"Long\",\"l', '{\"msg\":\"操作成功\",\"code\":200}', 0, NULL, '2024-07-11 09:06:28', 42);
INSERT INTO `sys_oper_log` VALUES (404, '代码生成', 2, 'com.ruoyi.gen.controller.GenController.editSave()', 'PUT', 1, 'admin', NULL, '/gen', '127.0.0.1', '', '{\"businessName\":\"starhotelreviews\",\"className\":\"Starhotelreviews\",\"columns\":[{\"capJavaField\":\"Id\",\"columnComment\":\"星级酒店评价id\",\"columnId\":182,\"columnName\":\"id\",\"columnType\":\"int\",\"createBy\":\"admin\",\"createTime\":\"2024-07-10 13:56:49\",\"dictType\":\"\",\"edit\":false,\"htmlType\":\"input\",\"increment\":true,\"insert\":false,\"isIncrement\":\"1\",\"isInsert\":\"0\",\"isPk\":\"1\",\"javaField\":\"id\",\"javaType\":\"Long\",\"list\":false,\"params\":{},\"pk\":true,\"query\":false,\"queryType\":\"EQ\",\"required\":false,\"sort\":1,\"superColumn\":false,\"tableId\":33,\"updateBy\":\"\",\"updateTime\":\"2024-07-11 08:27:47\",\"usableColumn\":false},{\"capJavaField\":\"HotelId\",\"columnComment\":\"酒店id\",\"columnId\":183,\"columnName\":\"hotel_id\",\"columnType\":\"int\",\"createBy\":\"admin\",\"createTime\":\"2024-07-10 13:56:49\",\"dictType\":\"\",\"edit\":true,\"htmlType\":\"input\",\"increment\":false,\"insert\":true,\"isEdit\":\"1\",\"isIncrement\":\"0\",\"isInsert\":\"1\",\"isList\":\"1\",\"isPk\":\"0\",\"isQuery\":\"1\",\"isRequired\":\"1\",\"javaField\":\"hotelId\",\"javaType\":\"Long\",\"list\":true,\"params\":{},\"pk\":false,\"query\":true,\"queryType\":\"EQ\",\"required\":true,\"sort\":2,\"superColumn\":false,\"tableId\":33,\"updateBy\":\"\",\"updateTime\":\"2024-07-11 08:27:47\",\"usableColumn\":false},{\"capJavaField\":\"Content\",\"columnComment\":\"内容\",\"columnId\":184,\"columnName\":\"content\",\"columnType\":\"varchar(255)\",\"createBy\":\"admin\",\"createTime\":\"2024-07-10 13:56:49\",\"dictType\":\"\",\"edit\":true,\"htmlType\":\"editor\",\"increment\":false,\"insert\":true,\"isEdit\":\"1\",\"isIncrement\":\"0\",\"isInsert\":\"1\",\"isList\":\"1\",\"isPk\":\"0\",\"isQuery\":\"1\",\"isRequired\":\"1\",\"javaField\":\"content\",\"javaType\":\"String\",\"list\":true,\"params\":{},\"pk\":false,\"query\":true,\"queryType\":\"LIKE\",\"required\":true,\"sort\":3,\"superColumn\":false,\"tableId\":33,\"updateBy\":\"\",\"updateTime\":\"2024-07-11 08:27:47\",\"usableColumn\":false},{\"capJavaField\":\"GuestId\",\"columnComment\":\"评价人id\",\"columnId\":185,\"columnName\":\"guest_id\",\"columnType\":\"bigint\",\"createBy\":\"admin\",\"createTime\":\"2024-07-10 13:56:49\",\"dictType\":\"\",\"edit\":true,\"htmlType\":\"input\",\"increment\":false,\"insert\":true,\"isEdit\":\"1\",\"isI', '{\"msg\":\"操作成功\",\"code\":200}', 0, NULL, '2024-07-11 09:07:39', 22);
INSERT INTO `sys_oper_log` VALUES (405, '代码生成', 8, 'com.ruoyi.gen.controller.GenController.batchGenCode()', 'GET', 1, 'admin', NULL, '/gen/batchGenCode', '127.0.0.1', '', '{\"tables\":\"starhotelreviews,starhotels\"}', NULL, 0, NULL, '2024-07-11 09:08:21', 206);
INSERT INTO `sys_oper_log` VALUES (406, '菜单管理', 3, 'com.ruoyi.system.controller.SysMenuController.remove()', 'DELETE', 1, 'admin', NULL, '/menu/2238', '127.0.0.1', '', '{}', '{\"msg\":\"操作成功\",\"code\":200}', 0, NULL, '2024-07-11 09:13:25', 24);
INSERT INTO `sys_oper_log` VALUES (407, '菜单管理', 3, 'com.ruoyi.system.controller.SysMenuController.remove()', 'DELETE', 1, 'admin', NULL, '/menu/2239', '127.0.0.1', '', '{}', '{\"msg\":\"操作成功\",\"code\":200}', 0, NULL, '2024-07-11 09:13:26', 20);
INSERT INTO `sys_oper_log` VALUES (408, '菜单管理', 3, 'com.ruoyi.system.controller.SysMenuController.remove()', 'DELETE', 1, 'admin', NULL, '/menu/2240', '127.0.0.1', '', '{}', '{\"msg\":\"操作成功\",\"code\":200}', 0, NULL, '2024-07-11 09:13:28', 10);
INSERT INTO `sys_oper_log` VALUES (409, '菜单管理', 3, 'com.ruoyi.system.controller.SysMenuController.remove()', 'DELETE', 1, 'admin', NULL, '/menu/2241', '127.0.0.1', '', '{}', '{\"msg\":\"操作成功\",\"code\":200}', 0, NULL, '2024-07-11 09:13:29', 11);
INSERT INTO `sys_oper_log` VALUES (410, '菜单管理', 3, 'com.ruoyi.system.controller.SysMenuController.remove()', 'DELETE', 1, 'admin', NULL, '/menu/2242', '127.0.0.1', '', '{}', '{\"msg\":\"操作成功\",\"code\":200}', 0, NULL, '2024-07-11 09:13:31', 15);
INSERT INTO `sys_oper_log` VALUES (411, '菜单管理', 3, 'com.ruoyi.system.controller.SysMenuController.remove()', 'DELETE', 1, 'admin', NULL, '/menu/2237', '127.0.0.1', '', '{}', '{\"msg\":\"操作成功\",\"code\":200}', 0, NULL, '2024-07-11 09:13:32', 15);
INSERT INTO `sys_oper_log` VALUES (412, '菜单管理', 3, 'com.ruoyi.system.controller.SysMenuController.remove()', 'DELETE', 1, 'admin', NULL, '/menu/2244', '127.0.0.1', '', '{}', '{\"msg\":\"操作成功\",\"code\":200}', 0, NULL, '2024-07-11 09:13:37', 14);
INSERT INTO `sys_oper_log` VALUES (413, '菜单管理', 3, 'com.ruoyi.system.controller.SysMenuController.remove()', 'DELETE', 1, 'admin', NULL, '/menu/2245', '127.0.0.1', '', '{}', '{\"msg\":\"操作成功\",\"code\":200}', 0, NULL, '2024-07-11 09:13:39', 8);
INSERT INTO `sys_oper_log` VALUES (414, '菜单管理', 3, 'com.ruoyi.system.controller.SysMenuController.remove()', 'DELETE', 1, 'admin', NULL, '/menu/2246', '127.0.0.1', '', '{}', '{\"msg\":\"操作成功\",\"code\":200}', 0, NULL, '2024-07-11 09:13:40', 13);
INSERT INTO `sys_oper_log` VALUES (415, '菜单管理', 3, 'com.ruoyi.system.controller.SysMenuController.remove()', 'DELETE', 1, 'admin', NULL, '/menu/2247', '127.0.0.1', '', '{}', '{\"msg\":\"操作成功\",\"code\":200}', 0, NULL, '2024-07-11 09:13:41', 12);
INSERT INTO `sys_oper_log` VALUES (416, '菜单管理', 3, 'com.ruoyi.system.controller.SysMenuController.remove()', 'DELETE', 1, 'admin', NULL, '/menu/2248', '127.0.0.1', '', '{}', '{\"msg\":\"操作成功\",\"code\":200}', 0, NULL, '2024-07-11 09:13:42', 13);
INSERT INTO `sys_oper_log` VALUES (417, '菜单管理', 3, 'com.ruoyi.system.controller.SysMenuController.remove()', 'DELETE', 1, 'admin', NULL, '/menu/2243', '127.0.0.1', '', '{}', '{\"msg\":\"操作成功\",\"code\":200}', 0, NULL, '2024-07-11 09:13:44', 14);
INSERT INTO `sys_oper_log` VALUES (418, '菜单管理', 3, 'com.ruoyi.system.controller.SysMenuController.remove()', 'DELETE', 1, 'admin', NULL, '/menu/2250', '127.0.0.1', '', '{}', '{\"msg\":\"操作成功\",\"code\":200}', 0, NULL, '2024-07-11 09:13:49', 13);
INSERT INTO `sys_oper_log` VALUES (419, '菜单管理', 3, 'com.ruoyi.system.controller.SysMenuController.remove()', 'DELETE', 1, 'admin', NULL, '/menu/2251', '127.0.0.1', '', '{}', '{\"msg\":\"操作成功\",\"code\":200}', 0, NULL, '2024-07-11 09:13:50', 8);
INSERT INTO `sys_oper_log` VALUES (420, '菜单管理', 3, 'com.ruoyi.system.controller.SysMenuController.remove()', 'DELETE', 1, 'admin', NULL, '/menu/2252', '127.0.0.1', '', '{}', '{\"msg\":\"操作成功\",\"code\":200}', 0, NULL, '2024-07-11 09:13:51', 13);
INSERT INTO `sys_oper_log` VALUES (421, '菜单管理', 3, 'com.ruoyi.system.controller.SysMenuController.remove()', 'DELETE', 1, 'admin', NULL, '/menu/2253', '127.0.0.1', '', '{}', '{\"msg\":\"操作成功\",\"code\":200}', 0, NULL, '2024-07-11 09:13:52', 15);
INSERT INTO `sys_oper_log` VALUES (422, '菜单管理', 3, 'com.ruoyi.system.controller.SysMenuController.remove()', 'DELETE', 1, 'admin', NULL, '/menu/2254', '127.0.0.1', '', '{}', '{\"msg\":\"操作成功\",\"code\":200}', 0, NULL, '2024-07-11 09:13:54', 14);
INSERT INTO `sys_oper_log` VALUES (423, '菜单管理', 3, 'com.ruoyi.system.controller.SysMenuController.remove()', 'DELETE', 1, 'admin', NULL, '/menu/2249', '127.0.0.1', '', '{}', '{\"msg\":\"操作成功\",\"code\":200}', 0, NULL, '2024-07-11 09:13:56', 14);
INSERT INTO `sys_oper_log` VALUES (424, '菜单管理', 3, 'com.ruoyi.system.controller.SysMenuController.remove()', 'DELETE', 1, 'admin', NULL, '/menu/2063', '127.0.0.1', '', '{}', '{\"msg\":\"菜单已分配,不允许删除\",\"code\":601}', 0, NULL, '2024-07-11 09:14:04', 5);
INSERT INTO `sys_oper_log` VALUES (425, '角色管理', 1, 'com.ruoyi.system.controller.SysRoleController.add()', 'POST', 1, 'admin', NULL, '/role', '127.0.0.1', '', '{\"admin\":false,\"createBy\":\"admin\",\"deptCheckStrictly\":true,\"deptIds\":[],\"flag\":false,\"menuCheckStrictly\":true,\"menuIds\":[2002,2003,2201,2202,2203,2204,2205,2206,2213,2214,2215,2216,2217,2218,2225,2226,2227,2228,2229,2230],\"params\":{},\"roleId\":102,\"roleKey\":\"hotelManager\",\"roleName\":\"酒店管理人员\",\"roleSort\":4,\"status\":\"0\"}', '{\"msg\":\"操作成功\",\"code\":200}', 0, NULL, '2024-07-11 09:18:24', 74);
INSERT INTO `sys_oper_log` VALUES (426, '用户管理', 1, 'com.ruoyi.system.controller.SysUserController.add()', 'POST', 1, 'admin', NULL, '/user', '127.0.0.1', '', '{\"admin\":false,\"createBy\":\"admin\",\"nickName\":\"hotelManager\",\"params\":{},\"postIds\":[],\"roleIds\":[102],\"status\":\"0\",\"userId\":100,\"userName\":\"hotelManager\"}', '{\"msg\":\"操作成功\",\"code\":200}', 0, NULL, '2024-07-11 09:20:26', 201);
INSERT INTO `sys_oper_log` VALUES (427, '星级酒店信息', 2, 'com.ruoyi.hotel.controller.StarhotelsController.edit()', 'PUT', 1, 'hotelManager', NULL, '/starhotels', '127.0.0.1', '', '{\"address\":\"示例地址A\",\"id\":1,\"imageUrl\":\"https://th.bing.com/th/id/OIP.YFx70Pi14BnNhhxwAgzKGAHaE7?rs=1&pid=ImgDetMain\",\"minPrice\":200,\"name\":\"示例酒店A\",\"ownerId\":100,\"params\":{},\"starLevel\":5,\"totalQuantity\":36}', '{\"msg\":\"操作成功\",\"code\":200}', 0, NULL, '2024-07-11 09:21:43', 213);
INSERT INTO `sys_oper_log` VALUES (428, '星级酒店信息', 2, 'com.ruoyi.hotel.controller.StarhotelsController.edit()', 'PUT', 1, 'hotelManager', NULL, '/starhotels', '127.0.0.1', '', '{\"address\":\"示例地址B\",\"id\":2,\"imageUrl\":\"https://example.com/imageB.jpg\",\"minPrice\":180,\"name\":\"示例酒店B\",\"ownerId\":100,\"params\":{},\"starLevel\":4,\"totalQuantity\":43}', '{\"msg\":\"操作成功\",\"code\":200}', 0, NULL, '2024-07-11 09:21:46', 12);
INSERT INTO `sys_oper_log` VALUES (429, '星级酒店信息', 2, 'com.ruoyi.hotel.controller.StarhotelsController.edit()', 'PUT', 1, 'hotelManager', NULL, '/starhotels', '127.0.0.1', '', '{\"address\":\"示例地址C\",\"id\":3,\"imageUrl\":\"https://example.com/imageC.jpg\",\"minPrice\":220,\"name\":\"示例酒店C\",\"ownerId\":100,\"params\":{},\"starLevel\":3,\"totalQuantity\":31}', '{\"msg\":\"操作成功\",\"code\":200}', 0, NULL, '2024-07-11 09:21:48', 10);
INSERT INTO `sys_oper_log` VALUES (430, '星级酒店信息', 2, 'com.ruoyi.hotel.controller.StarhotelsController.edit()', 'PUT', 1, 'hotelManager', NULL, '/starhotels', '127.0.0.1', '', '{\"address\":\"示例地址D\",\"id\":4,\"imageUrl\":\"https://example.com/imageD.jpg\",\"minPrice\":190,\"name\":\"示例酒店D\",\"ownerId\":100,\"params\":{},\"starLevel\":5,\"totalQuantity\":35}', '{\"msg\":\"操作成功\",\"code\":200}', 0, NULL, '2024-07-11 09:21:51', 12);
INSERT INTO `sys_oper_log` VALUES (431, '菜单管理', 2, 'com.ruoyi.system.controller.SysMenuController.edit()', 'PUT', 1, 'admin', NULL, '/menu', '127.0.0.1', '', '{\"children\":[],\"component\":\"userSys/userSys/index\",\"createTime\":\"2024-07-11 13:26:48\",\"icon\":\"#\",\"isCache\":\"0\",\"isFrame\":\"1\",\"menuId\":2273,\"menuName\":\"用户信息\",\"menuType\":\"C\",\"orderNum\":6,\"params\":{},\"parentId\":2128,\"path\":\"userSys\",\"perms\":\"userSys:userSys:list\",\"routeName\":\"\",\"status\":\"0\",\"updateBy\":\"admin\",\"visible\":\"0\"}', '{\"msg\":\"操作成功\",\"code\":200}', 0, NULL, '2024-07-11 13:36:35', 20);
INSERT INTO `sys_oper_log` VALUES (432, '菜单管理', 2, 'com.ruoyi.system.controller.SysMenuController.edit()', 'PUT', 1, 'admin', NULL, '/menu', '127.0.0.1', '', '{\"children\":[],\"component\":\"userSys/userSys/index\",\"createTime\":\"2024-07-11 13:26:48\",\"icon\":\"#\",\"isCache\":\"0\",\"isFrame\":\"1\",\"menuId\":2273,\"menuName\":\"用户信息\",\"menuType\":\"M\",\"orderNum\":6,\"params\":{},\"parentId\":0,\"path\":\"userSys\",\"perms\":\"userSys:userSys:list\",\"routeName\":\"\",\"status\":\"0\",\"updateBy\":\"admin\",\"visible\":\"0\"}', '{\"msg\":\"操作成功\",\"code\":200}', 0, NULL, '2024-07-11 13:37:04', 14);
INSERT INTO `sys_oper_log` VALUES (433, '菜单管理', 2, 'com.ruoyi.system.controller.SysMenuController.edit()', 'PUT', 1, 'admin', NULL, '/menu', '127.0.0.1', '', '{\"children\":[],\"component\":\"userSys/userSys/index\",\"createTime\":\"2024-07-11 13:26:48\",\"icon\":\"#\",\"isCache\":\"0\",\"isFrame\":\"1\",\"menuId\":2273,\"menuName\":\"用户信息\",\"menuType\":\"C\",\"orderNum\":6,\"params\":{},\"parentId\":0,\"path\":\"userSys\",\"perms\":\"userSys:userSys:list\",\"routeName\":\"\",\"status\":\"0\",\"updateBy\":\"admin\",\"visible\":\"0\"}', '{\"msg\":\"操作成功\",\"code\":200}', 0, NULL, '2024-07-11 13:39:02', 12);
INSERT INTO `sys_oper_log` VALUES (434, '字典数据', 2, 'com.ruoyi.system.controller.SysDictDataController.edit()', 'PUT', 1, 'admin', NULL, '/dict/data', '127.0.0.1', '', '{\"createBy\":\"admin\",\"createTime\":\"2024-07-05 20:36:45\",\"cssClass\":\"\",\"default\":true,\"dictCode\":1,\"dictLabel\":\"男\",\"dictSort\":1,\"dictType\":\"sys_user_sex\",\"dictValue\":\"男\",\"isDefault\":\"Y\",\"listClass\":\"\",\"params\":{},\"remark\":\"性别男\",\"status\":\"0\",\"updateBy\":\"admin\"}', '{\"msg\":\"操作成功\",\"code\":200}', 0, NULL, '2024-07-11 13:42:05', 33);
INSERT INTO `sys_oper_log` VALUES (435, '字典数据', 2, 'com.ruoyi.system.controller.SysDictDataController.edit()', 'PUT', 1, 'admin', NULL, '/dict/data', '127.0.0.1', '', '{\"createBy\":\"admin\",\"createTime\":\"2024-07-05 20:36:45\",\"cssClass\":\"\",\"default\":false,\"dictCode\":2,\"dictLabel\":\"女\",\"dictSort\":2,\"dictType\":\"sys_user_sex\",\"dictValue\":\"女\",\"isDefault\":\"N\",\"listClass\":\"\",\"params\":{},\"remark\":\"性别女\",\"status\":\"0\",\"updateBy\":\"admin\"}', '{\"msg\":\"操作成功\",\"code\":200}', 0, NULL, '2024-07-11 13:42:10', 12);
INSERT INTO `sys_oper_log` VALUES (436, '字典数据', 2, 'com.ruoyi.system.controller.SysDictDataController.edit()', 'PUT', 1, 'admin', NULL, '/dict/data', '127.0.0.1', '', '{\"createBy\":\"admin\",\"createTime\":\"2024-07-05 20:36:45\",\"cssClass\":\"\",\"default\":false,\"dictCode\":3,\"dictLabel\":\"未知\",\"dictSort\":3,\"dictType\":\"sys_user_sex\",\"dictValue\":\"未知\",\"isDefault\":\"N\",\"listClass\":\"\",\"params\":{},\"remark\":\"性别未知\",\"status\":\"0\",\"updateBy\":\"admin\"}', '{\"msg\":\"操作成功\",\"code\":200}', 0, NULL, '2024-07-11 13:42:15', 14);
INSERT INTO `sys_oper_log` VALUES (437, '字典类型', 1, 'com.ruoyi.system.controller.SysDictTypeController.add()', 'POST', 1, 'admin', NULL, '/dict/type', '127.0.0.1', '', '{\"createBy\":\"admin\",\"dictName\":\"投诉处理状态\",\"dictType\":\"complaint_status\",\"params\":{},\"remark\":\"投诉处理列表\",\"status\":\"0\"}', '{\"msg\":\"操作成功\",\"code\":200}', 0, NULL, '2024-07-11 13:44:37', 83);
INSERT INTO `sys_oper_log` VALUES (438, '字典数据', 1, 'com.ruoyi.system.controller.SysDictDataController.add()', 'POST', 1, 'admin', NULL, '/dict/data', '127.0.0.1', '', '{\"createBy\":\"admin\",\"cssClass\":\"\",\"default\":false,\"dictLabel\":\"待审批\",\"dictSort\":1,\"dictType\":\"complaint_status\",\"dictValue\":\"待审批\",\"listClass\":\"default\",\"params\":{},\"remark\":\"待审批\",\"status\":\"0\"}', '{\"msg\":\"操作成功\",\"code\":200}', 0, NULL, '2024-07-11 13:45:03', 22);
INSERT INTO `sys_oper_log` VALUES (439, '字典数据', 1, 'com.ruoyi.system.controller.SysDictDataController.add()', 'POST', 1, 'admin', NULL, '/dict/data', '127.0.0.1', '', '{\"createBy\":\"admin\",\"default\":false,\"dictLabel\":\"已审批待处理\",\"dictSort\":2,\"dictType\":\"complaint_status\",\"dictValue\":\"已审批待处理\",\"listClass\":\"default\",\"params\":{},\"remark\":\"已审批待处理\",\"status\":\"0\"}', '{\"msg\":\"操作成功\",\"code\":200}', 0, NULL, '2024-07-11 13:45:16', 10);
INSERT INTO `sys_oper_log` VALUES (440, '字典数据', 1, 'com.ruoyi.system.controller.SysDictDataController.add()', 'POST', 1, 'admin', NULL, '/dict/data', '127.0.0.1', '', '{\"createBy\":\"admin\",\"default\":false,\"dictLabel\":\"已处理待确认\",\"dictSort\":3,\"dictType\":\"complaint_status\",\"dictValue\":\"已处理待确认\",\"listClass\":\"default\",\"params\":{},\"remark\":\"已处理待确认\",\"status\":\"0\"}', '{\"msg\":\"操作成功\",\"code\":200}', 0, NULL, '2024-07-11 13:45:34', 20);
INSERT INTO `sys_oper_log` VALUES (441, '字典数据', 1, 'com.ruoyi.system.controller.SysDictDataController.add()', 'POST', 1, 'admin', NULL, '/dict/data', '127.0.0.1', '', '{\"createBy\":\"admin\",\"default\":false,\"dictLabel\":\"已结案\",\"dictSort\":4,\"dictType\":\"complaint_status\",\"dictValue\":\"已结案\",\"listClass\":\"default\",\"params\":{},\"remark\":\"已结案\",\"status\":\"0\"}', '{\"msg\":\"操作成功\",\"code\":200}', 0, NULL, '2024-07-11 13:45:47', 10);
INSERT INTO `sys_oper_log` VALUES (442, '字典类型', 1, 'com.ruoyi.system.controller.SysDictTypeController.add()', 'POST', 1, 'admin', NULL, '/dict/type', '127.0.0.1', '', '{\"createBy\":\"admin\",\"dictName\":\"用户类型\",\"dictType\":\"sys_user_type\",\"params\":{},\"remark\":\"用户类型列表\",\"status\":\"0\"}', '{\"msg\":\"操作成功\",\"code\":200}', 0, NULL, '2024-07-11 13:46:19', 16);
INSERT INTO `sys_oper_log` VALUES (443, '字典数据', 1, 'com.ruoyi.system.controller.SysDictDataController.add()', 'POST', 1, 'admin', NULL, '/dict/data', '127.0.0.1', '', '{\"createBy\":\"admin\",\"default\":false,\"dictLabel\":\"系统用户\",\"dictSort\":1,\"dictType\":\"sys_user_type\",\"dictValue\":\"系统用户\",\"listClass\":\"default\",\"params\":{},\"remark\":\"系统用户\",\"status\":\"0\"}', '{\"msg\":\"操作成功\",\"code\":200}', 0, NULL, '2024-07-11 13:46:37', 14);
INSERT INTO `sys_oper_log` VALUES (444, '字典数据', 1, 'com.ruoyi.system.controller.SysDictDataController.add()', 'POST', 1, 'admin', NULL, '/dict/data', '127.0.0.1', '', '{\"createBy\":\"admin\",\"default\":false,\"dictLabel\":\"普通用户\",\"dictSort\":2,\"dictType\":\"sys_user_type\",\"dictValue\":\"普通用户\",\"listClass\":\"default\",\"params\":{},\"remark\":\"普通用户\",\"status\":\"0\"}', '{\"msg\":\"操作成功\",\"code\":200}', 0, NULL, '2024-07-11 13:46:51', 10);
INSERT INTO `sys_oper_log` VALUES (445, '投诉信息', 2, 'com.ruoyi.complaint.controller.ComplaintsController.edit()', 'PUT', 1, 'admin', NULL, '/complaints', '127.0.0.1', '', '{\"content\":\"不喜欢\",\"handleTime\":\"2024-07-09\",\"handlingresultsList\":[{\"complaintId\":1,\"handleTime\":\"2024-07-09\",\"handlerId\":1,\"id\":1,\"params\":{},\"result\":\"处理好了\"},{\"complaintId\":1,\"handleTime\":\"2024-07-10\",\"handlerId\":2,\"id\":2,\"params\":{},\"result\":\"不会处理\"},{\"complaintId\":1,\"handleTime\":\"2024-07-10\",\"handlerId\":1,\"id\":4,\"params\":{},\"result\":\"\"}],\"id\":1,\"params\":{},\"result\":\"差评\",\"status\":\"已审批待处理\",\"submitTime\":\"2024-07-08\",\"userId\":100}', '{\"msg\":\"操作成功\",\"code\":200}', 0, NULL, '2024-07-11 13:47:47', 149);
INSERT INTO `sys_oper_log` VALUES (446, '代码生成', 3, 'com.ruoyi.gen.controller.GenController.remove()', 'DELETE', 1, 'admin', NULL, '/gen/36,32', '127.0.0.1', '', '{}', '{\"msg\":\"操作成功\",\"code\":200}', 0, NULL, '2024-07-11 14:04:44', 51);
INSERT INTO `sys_oper_log` VALUES (447, '代码生成', 6, 'com.ruoyi.gen.controller.GenController.importTableSave()', 'POST', 1, 'admin', NULL, '/gen/importTable', '127.0.0.1', '', '{\"tables\":\"starbookings,starroomtypes\"}', '{\"msg\":\"操作成功\",\"code\":200}', 0, NULL, '2024-07-11 14:04:49', 151);
INSERT INTO `sys_oper_log` VALUES (448, '代码生成', 2, 'com.ruoyi.gen.controller.GenController.editSave()', 'PUT', 1, 'admin', NULL, '/gen', '127.0.0.1', '', '{\"businessName\":\"starbookings\",\"className\":\"Starbookings\",\"columns\":[{\"capJavaField\":\"Id\",\"columnComment\":\"星级酒店预定id\",\"columnId\":215,\"columnName\":\"id\",\"columnType\":\"int\",\"createBy\":\"admin\",\"createTime\":\"2024-07-11 14:04:49\",\"dictType\":\"\",\"edit\":false,\"htmlType\":\"input\",\"increment\":true,\"insert\":false,\"isIncrement\":\"1\",\"isInsert\":\"0\",\"isPk\":\"1\",\"javaField\":\"id\",\"javaType\":\"Long\",\"list\":false,\"params\":{},\"pk\":true,\"query\":false,\"queryType\":\"EQ\",\"required\":false,\"sort\":1,\"superColumn\":false,\"tableId\":38,\"updateBy\":\"\",\"usableColumn\":false},{\"capJavaField\":\"HotelId\",\"columnComment\":\"酒店id\",\"columnId\":216,\"columnName\":\"hotel_id\",\"columnType\":\"int\",\"createBy\":\"admin\",\"createTime\":\"2024-07-11 14:04:49\",\"dictType\":\"\",\"edit\":true,\"htmlType\":\"input\",\"increment\":false,\"insert\":true,\"isEdit\":\"1\",\"isIncrement\":\"0\",\"isInsert\":\"1\",\"isList\":\"1\",\"isPk\":\"0\",\"isQuery\":\"1\",\"isRequired\":\"1\",\"javaField\":\"hotelId\",\"javaType\":\"Long\",\"list\":true,\"params\":{},\"pk\":false,\"query\":true,\"queryType\":\"EQ\",\"required\":true,\"sort\":2,\"superColumn\":false,\"tableId\":38,\"updateBy\":\"\",\"usableColumn\":false},{\"capJavaField\":\"RoomTypeId\",\"columnComment\":\"房型id\",\"columnId\":217,\"columnName\":\"room_type_id\",\"columnType\":\"int\",\"createBy\":\"admin\",\"createTime\":\"2024-07-11 14:04:49\",\"dictType\":\"\",\"edit\":true,\"htmlType\":\"input\",\"increment\":false,\"insert\":true,\"isEdit\":\"1\",\"isIncrement\":\"0\",\"isInsert\":\"1\",\"isList\":\"1\",\"isPk\":\"0\",\"isQuery\":\"1\",\"isRequired\":\"1\",\"javaField\":\"roomTypeId\",\"javaType\":\"Long\",\"list\":true,\"params\":{},\"pk\":false,\"query\":true,\"queryType\":\"EQ\",\"required\":true,\"sort\":3,\"superColumn\":false,\"tableId\":38,\"updateBy\":\"\",\"usableColumn\":false},{\"capJavaField\":\"GuestId\",\"columnComment\":\"预约人id\",\"columnId\":218,\"columnName\":\"guest_id\",\"columnType\":\"bigint\",\"createBy\":\"admin\",\"createTime\":\"2024-07-11 14:04:49\",\"dictType\":\"\",\"edit\":true,\"htmlType\":\"input\",\"increment\":false,\"insert\":true,\"isEdit\":\"1\",\"isIncrement\":\"0\",\"isInsert\":\"1\",\"isList\":\"1\",\"isPk\":\"0\",\"isQuery\":\"1\",\"isRequired\":\"1\",\"javaField\":\"guestId\",\"javaTyp', '{\"msg\":\"操作成功\",\"code\":200}', 0, NULL, '2024-07-11 14:09:27', 77);
INSERT INTO `sys_oper_log` VALUES (449, '代码生成', 2, 'com.ruoyi.gen.controller.GenController.editSave()', 'PUT', 1, 'admin', NULL, '/gen', '127.0.0.1', '', '{\"businessName\":\"starroomtypes\",\"className\":\"Starroomtypes\",\"columns\":[{\"capJavaField\":\"Id\",\"columnComment\":\"房型id\",\"columnId\":225,\"columnName\":\"id\",\"columnType\":\"int\",\"createBy\":\"admin\",\"createTime\":\"2024-07-11 14:04:49\",\"dictType\":\"\",\"edit\":false,\"htmlType\":\"input\",\"increment\":true,\"insert\":false,\"isIncrement\":\"1\",\"isInsert\":\"0\",\"isPk\":\"1\",\"javaField\":\"id\",\"javaType\":\"Long\",\"list\":false,\"params\":{},\"pk\":true,\"query\":false,\"queryType\":\"EQ\",\"required\":false,\"sort\":1,\"superColumn\":false,\"tableId\":39,\"updateBy\":\"\",\"usableColumn\":false},{\"capJavaField\":\"HotelId\",\"columnComment\":\"酒店id\",\"columnId\":226,\"columnName\":\"hotel_id\",\"columnType\":\"int\",\"createBy\":\"admin\",\"createTime\":\"2024-07-11 14:04:49\",\"dictType\":\"\",\"edit\":true,\"htmlType\":\"input\",\"increment\":false,\"insert\":true,\"isEdit\":\"1\",\"isIncrement\":\"0\",\"isInsert\":\"1\",\"isList\":\"1\",\"isPk\":\"0\",\"isQuery\":\"0\",\"javaField\":\"hotelId\",\"javaType\":\"Long\",\"list\":true,\"params\":{},\"pk\":false,\"query\":false,\"queryType\":\"EQ\",\"required\":false,\"sort\":2,\"superColumn\":false,\"tableId\":39,\"updateBy\":\"\",\"usableColumn\":false},{\"capJavaField\":\"Name\",\"columnComment\":\"房型名称\",\"columnId\":227,\"columnName\":\"name\",\"columnType\":\"varchar(255)\",\"createBy\":\"admin\",\"createTime\":\"2024-07-11 14:04:49\",\"dictType\":\"\",\"edit\":true,\"htmlType\":\"input\",\"increment\":false,\"insert\":true,\"isEdit\":\"1\",\"isIncrement\":\"0\",\"isInsert\":\"1\",\"isList\":\"1\",\"isPk\":\"0\",\"isQuery\":\"1\",\"isRequired\":\"1\",\"javaField\":\"name\",\"javaType\":\"String\",\"list\":true,\"params\":{},\"pk\":false,\"query\":true,\"queryType\":\"LIKE\",\"required\":true,\"sort\":3,\"superColumn\":false,\"tableId\":39,\"updateBy\":\"\",\"usableColumn\":false},{\"capJavaField\":\"Price\",\"columnComment\":\"价格\",\"columnId\":228,\"columnName\":\"price\",\"columnType\":\"int\",\"createBy\":\"admin\",\"createTime\":\"2024-07-11 14:04:49\",\"dictType\":\"\",\"edit\":true,\"htmlType\":\"input\",\"increment\":false,\"insert\":true,\"isEdit\":\"1\",\"isIncrement\":\"0\",\"isInsert\":\"1\",\"isList\":\"1\",\"isPk\":\"0\",\"isQuery\":\"0\",\"isRequired\":\"1\",\"javaField\":\"price\",\"javaType\":\"Long\",\"list\":true,\"params\":{},\"pk', '{\"msg\":\"操作成功\",\"code\":200}', 0, NULL, '2024-07-11 14:11:15', 41);
INSERT INTO `sys_oper_log` VALUES (450, '代码生成', 8, 'com.ruoyi.gen.controller.GenController.batchGenCode()', 'GET', 1, 'admin', NULL, '/gen/batchGenCode', '127.0.0.1', '', '{\"tables\":\"starbookings,starroomtypes\"}', NULL, 0, NULL, '2024-07-11 14:11:22', 734);
INSERT INTO `sys_oper_log` VALUES (451, '星级酒店信息', 2, 'com.ruoyi.hotel.controller.StarhotelsController.edit()', 'PUT', 1, 'admin', NULL, '/starhotels', '127.0.0.1', '', '{\"address\":\"示例地址B\",\"id\":2,\"imageUrl\":\"https://tourism-oss.oss-cn-beijing.aliyuncs.com/2024/07/12/20240712083742mdl.png.png\",\"minPrice\":180,\"name\":\"示例酒店B\",\"ownerId\":100,\"params\":{},\"starLevel\":4,\"totalQuantity\":43}', '{\"msg\":\"操作成功\",\"code\":200}', 0, NULL, '2024-07-12 08:37:43', 96);
INSERT INTO `sys_oper_log` VALUES (452, '星级酒店信息', 2, 'com.ruoyi.hotel.controller.StarhotelsController.edit()', 'PUT', 1, 'admin', NULL, '/starhotels', '127.0.0.1', '', '{\"address\":\"示例地址C\",\"id\":3,\"imageUrl\":\"https://tourism-oss.oss-cn-beijing.aliyuncs.com/2024/07/12/20240712084359mdl.png.png\",\"minPrice\":220,\"name\":\"示例酒店C\",\"ownerId\":100,\"params\":{},\"starLevel\":3,\"totalQuantity\":31}', '{\"msg\":\"操作成功\",\"code\":200}', 0, NULL, '2024-07-12 08:44:05', 9);
INSERT INTO `sys_oper_log` VALUES (453, '菜单管理', 3, 'com.ruoyi.system.controller.SysMenuController.remove()', 'DELETE', 1, 'admin', NULL, '/menu/2292', '127.0.0.1', '', '{}', '{\"msg\":\"操作成功\",\"code\":200}', 0, NULL, '2024-07-12 09:05:45', 242);
INSERT INTO `sys_oper_log` VALUES (454, '菜单管理', 3, 'com.ruoyi.system.controller.SysMenuController.remove()', 'DELETE', 1, 'admin', NULL, '/menu/2293', '127.0.0.1', '', '{}', '{\"msg\":\"操作成功\",\"code\":200}', 0, NULL, '2024-07-12 09:05:47', 200);
INSERT INTO `sys_oper_log` VALUES (455, '菜单管理', 3, 'com.ruoyi.system.controller.SysMenuController.remove()', 'DELETE', 1, 'admin', NULL, '/menu/2294', '127.0.0.1', '', '{}', '{\"msg\":\"操作成功\",\"code\":200}', 0, NULL, '2024-07-12 09:05:48', 177);
INSERT INTO `sys_oper_log` VALUES (456, '菜单管理', 3, 'com.ruoyi.system.controller.SysMenuController.remove()', 'DELETE', 1, 'admin', NULL, '/menu/2295', '127.0.0.1', '', '{}', '{\"msg\":\"操作成功\",\"code\":200}', 0, NULL, '2024-07-12 09:05:49', 159);
INSERT INTO `sys_oper_log` VALUES (457, '菜单管理', 3, 'com.ruoyi.system.controller.SysMenuController.remove()', 'DELETE', 1, 'admin', NULL, '/menu/2296', '127.0.0.1', '', '{}', '{\"msg\":\"操作成功\",\"code\":200}', 0, NULL, '2024-07-12 09:05:51', 267);
INSERT INTO `sys_oper_log` VALUES (458, '菜单管理', 3, 'com.ruoyi.system.controller.SysMenuController.remove()', 'DELETE', 1, 'admin', NULL, '/menu/2291', '127.0.0.1', '', '{}', '{\"msg\":\"操作成功\",\"code\":200}', 0, NULL, '2024-07-12 09:05:53', 73);
INSERT INTO `sys_oper_log` VALUES (459, '代码生成', 2, 'com.ruoyi.gen.controller.GenController.editSave()', 'PUT', 1, 'admin', NULL, '/gen', '127.0.0.1', '', '{\"businessName\":\"starroomtypes\",\"className\":\"Starroomtypes\",\"columns\":[{\"capJavaField\":\"Id\",\"columnComment\":\"房型id\",\"columnId\":225,\"columnName\":\"id\",\"columnType\":\"int\",\"createBy\":\"admin\",\"createTime\":\"2024-07-11 14:04:49\",\"dictType\":\"\",\"edit\":false,\"htmlType\":\"input\",\"increment\":true,\"insert\":false,\"isIncrement\":\"1\",\"isInsert\":\"0\",\"isPk\":\"1\",\"javaField\":\"id\",\"javaType\":\"Long\",\"list\":false,\"params\":{},\"pk\":true,\"query\":false,\"queryType\":\"EQ\",\"required\":false,\"sort\":1,\"superColumn\":false,\"tableId\":39,\"updateBy\":\"\",\"updateTime\":\"2024-07-11 14:11:15\",\"usableColumn\":false},{\"capJavaField\":\"HotelId\",\"columnComment\":\"酒店id\",\"columnId\":226,\"columnName\":\"hotel_id\",\"columnType\":\"int\",\"createBy\":\"admin\",\"createTime\":\"2024-07-11 14:04:49\",\"dictType\":\"\",\"edit\":true,\"htmlType\":\"input\",\"increment\":false,\"insert\":true,\"isEdit\":\"1\",\"isIncrement\":\"0\",\"isInsert\":\"1\",\"isList\":\"1\",\"isPk\":\"0\",\"isQuery\":\"0\",\"javaField\":\"hotelId\",\"javaType\":\"Long\",\"list\":true,\"params\":{},\"pk\":false,\"query\":false,\"queryType\":\"EQ\",\"required\":false,\"sort\":2,\"superColumn\":false,\"tableId\":39,\"updateBy\":\"\",\"updateTime\":\"2024-07-11 14:11:15\",\"usableColumn\":false},{\"capJavaField\":\"Name\",\"columnComment\":\"房型名称\",\"columnId\":227,\"columnName\":\"name\",\"columnType\":\"varchar(255)\",\"createBy\":\"admin\",\"createTime\":\"2024-07-11 14:04:49\",\"dictType\":\"\",\"edit\":true,\"htmlType\":\"input\",\"increment\":false,\"insert\":true,\"isEdit\":\"1\",\"isIncrement\":\"0\",\"isInsert\":\"1\",\"isList\":\"1\",\"isPk\":\"0\",\"isQuery\":\"1\",\"isRequired\":\"1\",\"javaField\":\"name\",\"javaType\":\"String\",\"list\":true,\"params\":{},\"pk\":false,\"query\":true,\"queryType\":\"LIKE\",\"required\":true,\"sort\":3,\"superColumn\":false,\"tableId\":39,\"updateBy\":\"\",\"updateTime\":\"2024-07-11 14:11:15\",\"usableColumn\":false},{\"capJavaField\":\"Price\",\"columnComment\":\"价格\",\"columnId\":228,\"columnName\":\"price\",\"columnType\":\"int\",\"createBy\":\"admin\",\"createTime\":\"2024-07-11 14:04:49\",\"dictType\":\"\",\"edit\":true,\"htmlType\":\"input\",\"increment\":false,\"insert\":true,\"isEdit\":\"1\",\"isIncrement\":\"0\",\"isInsert\":\"1\",\"isList\":\"1\",\"i', '{\"msg\":\"操作成功\",\"code\":200}', 0, NULL, '2024-07-12 09:13:33', 178);
INSERT INTO `sys_oper_log` VALUES (460, '代码生成', 8, 'com.ruoyi.gen.controller.GenController.batchGenCode()', 'GET', 1, 'admin', NULL, '/gen/batchGenCode', '127.0.0.1', '', '{\"tables\":\"starroomtypes\"}', NULL, 0, NULL, '2024-07-12 09:13:35', 762);
INSERT INTO `sys_oper_log` VALUES (461, '星级酒店房型', 2, 'com.ruoyi.hotel.controller.StarroomtypesController.edit()', 'PUT', 1, 'admin', NULL, '/starroomtypes', '127.0.0.1', '', '{\"hotelId\":1,\"id\":1,\"imageUrl\":\"https://dimg04.c-ctrip.com/images/1mc3l12000en9sqbb1136_W_1080_808_R5_D.jpg_.webp\",\"name\":\"标准单人房\",\"ownerId\":100,\"params\":{},\"price\":200,\"quantity\":10,\"sales\":52}', '{\"msg\":\"操作成功\",\"code\":200}', 0, NULL, '2024-07-12 09:18:23', 110);
INSERT INTO `sys_oper_log` VALUES (462, '星级酒店房型', 2, 'com.ruoyi.hotel.controller.StarroomtypesController.edit()', 'PUT', 1, 'admin', NULL, '/starroomtypes', '127.0.0.1', '', '{\"hotelId\":1,\"id\":2,\"imageUrl\":\"https://dimg04.c-ctrip.com/images/1mc5712000en9sr0186DD_W_1080_808_R5_D.jpg_.webp\",\"name\":\"标准双人房\",\"ownerId\":100,\"params\":{},\"price\":300,\"quantity\":8,\"sales\":41}', '{\"msg\":\"操作成功\",\"code\":200}', 0, NULL, '2024-07-12 09:18:26', 12);
INSERT INTO `sys_oper_log` VALUES (463, '星级酒店房型', 2, 'com.ruoyi.hotel.controller.StarroomtypesController.edit()', 'PUT', 1, 'admin', NULL, '/starroomtypes', '127.0.0.1', '', '{\"hotelId\":1,\"id\":79,\"imageUrl\":\"https://dimg04.c-ctrip.com/images/1mc6b12000en9sr9t9E14_W_1080_808_R5_D.jpg_.webp\",\"name\":\"高级单人房\",\"ownerId\":100,\"params\":{},\"price\":400,\"quantity\":5,\"sales\":31}', '{\"msg\":\"操作成功\",\"code\":200}', 0, NULL, '2024-07-12 09:18:29', 8);
INSERT INTO `sys_oper_log` VALUES (464, '星级酒店房型', 2, 'com.ruoyi.hotel.controller.StarroomtypesController.edit()', 'PUT', 1, 'admin', NULL, '/starroomtypes', '127.0.0.1', '', '{\"hotelId\":1,\"id\":80,\"imageUrl\":\"https://example.com/images/superior_double.jpg\",\"name\":\"高级双人房\",\"ownerId\":100,\"params\":{},\"price\":500,\"quantity\":7,\"sales\":20}', '{\"msg\":\"操作成功\",\"code\":200}', 0, NULL, '2024-07-12 09:18:36', 11);
INSERT INTO `sys_oper_log` VALUES (465, '星级酒店房型', 2, 'com.ruoyi.hotel.controller.StarroomtypesController.edit()', 'PUT', 1, 'admin', NULL, '/starroomtypes', '127.0.0.1', '', '{\"hotelId\":1,\"id\":81,\"imageUrl\":\"https://example.com/images/luxury_suite.jpg\",\"name\":\"豪华套房\",\"ownerId\":100,\"params\":{},\"price\":800,\"quantity\":2,\"sales\":10}', '{\"msg\":\"操作成功\",\"code\":200}', 0, NULL, '2024-07-12 09:18:39', 9);
INSERT INTO `sys_oper_log` VALUES (466, '星级酒店房型', 2, 'com.ruoyi.hotel.controller.StarroomtypesController.edit()', 'PUT', 1, 'admin', NULL, '/starroomtypes', '127.0.0.1', '', '{\"hotelId\":2,\"id\":82,\"imageUrl\":\"https://example.com/images/standard_single_2.jpg\",\"name\":\"标准单人房\",\"ownerId\":100,\"params\":{},\"price\":180,\"quantity\":12,\"sales\":55}', '{\"msg\":\"操作成功\",\"code\":200}', 0, NULL, '2024-07-12 09:18:43', 13);
INSERT INTO `sys_oper_log` VALUES (467, '星级酒店房型', 2, 'com.ruoyi.hotel.controller.StarroomtypesController.edit()', 'PUT', 1, 'admin', NULL, '/starroomtypes', '127.0.0.1', '', '{\"hotelId\":2,\"id\":83,\"imageUrl\":\"https://example.com/images/standard_double_2.jpg\",\"name\":\"标准双人房\",\"ownerId\":100,\"params\":{},\"price\":280,\"quantity\":9,\"sales\":42}', '{\"msg\":\"操作成功\",\"code\":200}', 0, NULL, '2024-07-12 09:18:48', 7);
INSERT INTO `sys_oper_log` VALUES (468, '用户管理', 3, 'com.ruoyi.system.controller.SysUserController.remove()', 'DELETE', 1, 'admin', NULL, '/user/100', '127.0.0.1', '', '{}', '{\"msg\":\"操作成功\",\"code\":200}', 0, NULL, '2024-07-12 09:34:31', 271);
INSERT INTO `sys_oper_log` VALUES (469, '用户管理', 3, 'com.ruoyi.system.controller.SysUserController.remove()', 'DELETE', 1, 'admin', NULL, '/user/101', '127.0.0.1', '', '{}', '{\"msg\":\"操作成功\",\"code\":200}', 0, NULL, '2024-07-12 09:34:34', 20);
INSERT INTO `sys_oper_log` VALUES (470, '用户信息', 3, 'com.ruoyi.userSys.controller.SysUserController.remove()', 'DELETE', 1, 'admin', NULL, '/userSys/100,101', '127.0.0.1', '', '{}', '{\"msg\":\"操作成功\",\"code\":200}', 0, NULL, '2024-07-12 09:34:48', 209);
INSERT INTO `sys_oper_log` VALUES (471, '角色管理', 2, 'com.ruoyi.system.controller.SysRoleController.edit()', 'PUT', 1, 'admin', NULL, '/role', '127.0.0.1', '', '{\"admin\":false,\"createTime\":\"2024-07-11 09:18:24\",\"dataScope\":\"1\",\"delFlag\":\"0\",\"deptCheckStrictly\":true,\"flag\":false,\"menuCheckStrictly\":true,\"menuIds\":[],\"params\":{},\"roleId\":102,\"roleKey\":\"hotelManager\",\"roleName\":\"酒店管理人员\",\"roleSort\":4,\"status\":\"0\",\"updateBy\":\"admin\"}', '{\"msg\":\"操作成功\",\"code\":200}', 0, NULL, '2024-07-12 09:38:41', 66);
INSERT INTO `sys_oper_log` VALUES (472, '角色管理', 2, 'com.ruoyi.system.controller.SysRoleController.edit()', 'PUT', 1, 'admin', NULL, '/role', '127.0.0.1', '', '{\"admin\":false,\"createTime\":\"2024-07-11 09:18:24\",\"dataScope\":\"1\",\"delFlag\":\"0\",\"deptCheckStrictly\":true,\"flag\":false,\"menuCheckStrictly\":true,\"menuIds\":[2002,2003,2201,2202,2203,2204,2205,2206,2213,2214,2215,2216,2217,2218,2285,2286,2287,2288,2289,2290],\"params\":{},\"roleId\":102,\"roleKey\":\"hotelManager\",\"roleName\":\"酒店管理人员\",\"roleSort\":4,\"status\":\"0\",\"updateBy\":\"admin\"}', '{\"msg\":\"操作成功\",\"code\":200}', 0, NULL, '2024-07-12 09:39:01', 41);
INSERT INTO `sys_oper_log` VALUES (473, '角色管理', 2, 'com.ruoyi.system.controller.SysRoleController.edit()', 'PUT', 1, 'admin', NULL, '/role', '127.0.0.1', '', '{\"admin\":false,\"createTime\":\"2024-07-11 09:18:24\",\"dataScope\":\"1\",\"delFlag\":\"0\",\"deptCheckStrictly\":true,\"flag\":false,\"menuCheckStrictly\":true,\"menuIds\":[2002,2003,2201,2202,2203,2204,2205,2206,2213,2214,2215,2216,2217,2218,2285,2286,2287,2288,2289,2290],\"params\":{},\"roleId\":102,\"roleKey\":\"hotelManager\",\"roleName\":\"酒店管理人员\",\"roleSort\":4,\"status\":\"0\",\"updateBy\":\"admin\"}', '{\"msg\":\"操作成功\",\"code\":200}', 0, NULL, '2024-07-12 09:39:47', 24);
INSERT INTO `sys_oper_log` VALUES (474, '角色管理', 4, 'com.ruoyi.system.controller.SysRoleController.selectAuthUserAll()', 'PUT', 1, 'admin', NULL, '/role/authUser/selectAll', '127.0.0.1', '', '{\"roleId\":\"102\",\"userIds\":\"100\"}', '{\"msg\":\"操作成功\",\"code\":200}', 0, NULL, '2024-07-12 09:39:51', 11);
INSERT INTO `sys_oper_log` VALUES (475, '星级酒店预定信息', 2, 'com.ruoyi.hotel.controller.StarbookingsController.edit()', 'PUT', 1, 'hotelManager', NULL, '/starbookings', '127.0.0.1', '', '{\"checkInTime\":\"2024-07-10\",\"checkOutTime\":\"2024-07-12\",\"contactNumber\":\"12\",\"guestId\":1,\"guestName\":\"12\",\"hotelId\":1,\"id\":1,\"ownerId\":100,\"params\":{},\"roomTypeId\":1}', '{\"msg\":\"操作成功\",\"code\":200}', 0, NULL, '2024-07-12 09:40:31', 43);
INSERT INTO `sys_oper_log` VALUES (476, '星级酒店预定信息', 2, 'com.ruoyi.hotel.controller.StarbookingsController.edit()', 'PUT', 1, 'hotelManager', NULL, '/starbookings', '127.0.0.1', '', '{\"checkInTime\":\"2024-07-10\",\"checkOutTime\":\"2024-07-12\",\"contactNumber\":\"123\",\"guestId\":1,\"guestName\":\"12\",\"hotelId\":1,\"id\":2,\"ownerId\":100,\"params\":{},\"roomTypeId\":1}', '{\"msg\":\"操作成功\",\"code\":200}', 0, NULL, '2024-07-12 09:40:34', 11);
INSERT INTO `sys_oper_log` VALUES (477, '星级酒店预定信息', 2, 'com.ruoyi.hotel.controller.StarbookingsController.edit()', 'PUT', 1, 'hotelManager', NULL, '/starbookings', '127.0.0.1', '', '{\"checkInTime\":\"2024-07-10\",\"checkOutTime\":\"2024-07-12\",\"contactNumber\":\"12\",\"guestId\":1,\"guestName\":\"12\",\"hotelId\":1,\"id\":1,\"ownerId\":100,\"params\":{},\"recorded\":0,\"roomTypeId\":1}', '{\"msg\":\"操作成功\",\"code\":200}', 0, NULL, '2024-07-12 10:16:33', 26);
INSERT INTO `sys_oper_log` VALUES (478, '星级酒店预定信息', 2, 'com.ruoyi.hotel.controller.StarbookingsController.edit()', 'PUT', 1, 'hotelManager', NULL, '/starbookings', '127.0.0.1', '', '{\"checkInTime\":\"2024-07-10\",\"checkOutTime\":\"2024-07-12\",\"contactNumber\":\"123\",\"guestId\":1,\"guestName\":\"12\",\"hotelId\":1,\"id\":2,\"ownerId\":100,\"params\":{},\"recorded\":0,\"roomTypeId\":1}', '{\"msg\":\"操作成功\",\"code\":200}', 0, NULL, '2024-07-12 10:16:37', 6);
INSERT INTO `sys_oper_log` VALUES (479, '星级酒店预定信息', 3, 'com.ruoyi.hotel.controller.StarbookingsController.remove()', 'DELETE', 1, 'hotelManager', NULL, '/starbookings/1', '127.0.0.1', '', '{}', '{\"msg\":\"操作成功\",\"code\":200}', 0, NULL, '2024-07-12 11:09:29', 150);
INSERT INTO `sys_oper_log` VALUES (480, '用户管理', 1, 'com.ruoyi.system.controller.SysUserController.add()', 'POST', 1, 'admin', NULL, '/user', '127.0.0.1', '', '{\"admin\":false,\"createBy\":\"admin\",\"nickName\":\"approver\",\"params\":{},\"postIds\":[],\"roleIds\":[101],\"status\":\"0\",\"userId\":101,\"userName\":\"approver\"}', '{\"msg\":\"操作成功\",\"code\":200}', 0, NULL, '2024-07-12 13:11:31', 199);
INSERT INTO `sys_oper_log` VALUES (481, '用户管理', 1, 'com.ruoyi.system.controller.SysUserController.add()', 'POST', 1, 'admin', NULL, '/user', '127.0.0.1', '', '{\"admin\":false,\"createBy\":\"admin\",\"nickName\":\"complaintHandler\",\"params\":{},\"postIds\":[],\"roleIds\":[],\"status\":\"0\",\"userId\":102,\"userName\":\"complaintHandler\"}', '{\"msg\":\"操作成功\",\"code\":200}', 0, NULL, '2024-07-12 13:12:06', 116);
INSERT INTO `sys_oper_log` VALUES (482, '用户管理', 2, 'com.ruoyi.system.controller.SysUserController.edit()', 'PUT', 1, 'admin', NULL, '/user', '127.0.0.1', '', '{\"admin\":false,\"avatar\":\"\",\"createBy\":\"admin\",\"createTime\":\"2024-07-12 13:12:06\",\"delFlag\":\"0\",\"email\":\"\",\"loginIp\":\"\",\"nickName\":\"complaintHandler\",\"params\":{},\"phonenumber\":\"\",\"postIds\":[],\"roleIds\":[101],\"roles\":[],\"sex\":\"0\",\"status\":\"0\",\"updateBy\":\"admin\",\"userId\":102,\"userName\":\"complaintHandler\"}', '{\"msg\":\"操作成功\",\"code\":200}', 0, NULL, '2024-07-12 13:12:25', 20);
INSERT INTO `sys_oper_log` VALUES (483, '代码生成', 2, 'com.ruoyi.gen.controller.GenController.editSave()', 'PUT', 1, 'admin', NULL, '/gen', '127.0.0.1', '', '{\"businessName\":\"emergencyinfo\",\"className\":\"Emergencyinfo\",\"columns\":[{\"capJavaField\":\"Id\",\"columnComment\":\"应急信息id\",\"columnId\":62,\"columnName\":\"id\",\"columnType\":\"int\",\"createBy\":\"admin\",\"createTime\":\"2024-07-05 21:52:28\",\"dictType\":\"\",\"edit\":false,\"htmlType\":\"input\",\"increment\":false,\"insert\":false,\"isIncrement\":\"0\",\"isInsert\":\"0\",\"isPk\":\"1\",\"javaField\":\"id\",\"javaType\":\"Long\",\"list\":false,\"params\":{},\"pk\":true,\"query\":false,\"queryType\":\"EQ\",\"required\":false,\"sort\":1,\"superColumn\":false,\"tableId\":12,\"updateBy\":\"\",\"updateTime\":\"2024-07-06 15:29:20\",\"usableColumn\":false},{\"capJavaField\":\"Priority\",\"columnComment\":\"优先级\",\"columnId\":63,\"columnName\":\"priority\",\"columnType\":\"int\",\"createBy\":\"admin\",\"createTime\":\"2024-07-05 21:52:28\",\"dictType\":\"\",\"edit\":true,\"htmlType\":\"input\",\"increment\":false,\"insert\":true,\"isEdit\":\"1\",\"isIncrement\":\"0\",\"isInsert\":\"1\",\"isList\":\"1\",\"isPk\":\"0\",\"isQuery\":\"0\",\"isRequired\":\"1\",\"javaField\":\"priority\",\"javaType\":\"Long\",\"list\":true,\"params\":{},\"pk\":false,\"query\":false,\"queryType\":\"EQ\",\"required\":true,\"sort\":2,\"superColumn\":false,\"tableId\":12,\"updateBy\":\"\",\"updateTime\":\"2024-07-06 15:29:20\",\"usableColumn\":false},{\"capJavaField\":\"Validity\",\"columnComment\":\"截止日期\",\"columnId\":64,\"columnName\":\"validity\",\"columnType\":\"datetime\",\"createBy\":\"admin\",\"createTime\":\"2024-07-05 21:52:28\",\"dictType\":\"\",\"edit\":true,\"htmlType\":\"datetime\",\"increment\":false,\"insert\":true,\"isEdit\":\"1\",\"isIncrement\":\"0\",\"isInsert\":\"1\",\"isList\":\"1\",\"isPk\":\"0\",\"isQuery\":\"0\",\"isRequired\":\"1\",\"javaField\":\"validity\",\"javaType\":\"Date\",\"list\":true,\"params\":{},\"pk\":false,\"query\":false,\"queryType\":\"EQ\",\"required\":true,\"sort\":3,\"superColumn\":false,\"tableId\":12,\"updateBy\":\"\",\"updateTime\":\"2024-07-06 15:29:20\",\"usableColumn\":false},{\"capJavaField\":\"Content\",\"columnComment\":\"内容\",\"columnId\":65,\"columnName\":\"content\",\"columnType\":\"varchar(255)\",\"createBy\":\"admin\",\"createTime\":\"2024-07-05 21:52:28\",\"dictType\":\"\",\"edit\":true,\"htmlType\":\"editor\",\"increment\":false,\"insert\":true,\"isEdit\":\"1\",\"isIncreme', '{\"msg\":\"操作成功\",\"code\":200}', 0, NULL, '2024-07-12 13:26:12', 33);
INSERT INTO `sys_oper_log` VALUES (484, '代码生成', 8, 'com.ruoyi.gen.controller.GenController.batchGenCode()', 'GET', 1, 'admin', NULL, '/gen/batchGenCode', '127.0.0.1', '', '{\"tables\":\"emergencyinfo\"}', NULL, 0, NULL, '2024-07-12 13:26:21', 434);
INSERT INTO `sys_oper_log` VALUES (485, '菜单管理', 3, 'com.ruoyi.system.controller.SysMenuController.remove()', 'DELETE', 1, 'admin', NULL, '/menu/2123', '127.0.0.1', '', '{}', '{\"msg\":\"菜单已分配,不允许删除\",\"code\":601}', 0, NULL, '2024-07-12 13:27:12', 12);
INSERT INTO `sys_oper_log` VALUES (486, '菜单管理', 3, 'com.ruoyi.system.controller.SysMenuController.remove()', 'DELETE', 1, 'admin', NULL, '/menu/2123', '127.0.0.1', '', '{}', '{\"msg\":\"菜单已分配,不允许删除\",\"code\":601}', 0, NULL, '2024-07-12 13:27:14', 5);
INSERT INTO `sys_oper_log` VALUES (487, '菜单管理', 3, 'com.ruoyi.system.controller.SysMenuController.remove()', 'DELETE', 1, 'admin', NULL, '/menu/2000', '127.0.0.1', '', '{}', '{\"msg\":\"存在子菜单,不允许删除\",\"code\":601}', 0, NULL, '2024-07-12 13:27:17', 3);
INSERT INTO `sys_oper_log` VALUES (488, '菜单管理', 2, 'com.ruoyi.system.controller.SysMenuController.edit()', 'PUT', 1, 'admin', NULL, '/menu', '127.0.0.1', '', '{\"children\":[],\"component\":\"emergency/emergencyinfo/index\",\"createTime\":\"2024-07-06 15:32:00\",\"icon\":\"#\",\"isCache\":\"0\",\"isFrame\":\"1\",\"menuId\":2122,\"menuName\":\"应急信息\",\"menuType\":\"C\",\"orderNum\":1,\"params\":{},\"parentId\":2001,\"path\":\"emergencyinfo\",\"perms\":\"emergency:emergencyinfo:list\",\"routeName\":\"\",\"status\":\"1\",\"updateBy\":\"admin\",\"visible\":\"1\"}', '{\"msg\":\"操作成功\",\"code\":200}', 0, NULL, '2024-07-12 13:27:22', 32);
INSERT INTO `sys_oper_log` VALUES (489, '应急信息', 1, 'com.ruoyi.emergency.controller.EmergencyinfoController.add()', 'POST', 1, 'admin', NULL, '/emergencyinfo', '127.0.0.1', '', '{\"content\":\"警惕山洪暴发！\",\"params\":{},\"priority\":3,\"status\":0,\"validity\":\"2024-07-13\"}', NULL, 1, '\r\n### Error updating database.  Cause: java.sql.SQLException: Field \'scenicarea_id\' doesn\'t have a default value\r\n### The error may exist in file [C:\\Users\\Lenovo\\Desktop\\实训\\RuoYi-Cloud-master\\RuoYi-Cloud-master\\ruoyi-modules\\ruoyi-emergency\\target\\classes\\mapper\\emergency\\EmergencyinfoMapper.xml]\r\n### The error may involve com.ruoyi.emergency.mapper.EmergencyinfoMapper.insertEmergencyinfo-Inline\r\n### The error occurred while setting parameters\r\n### SQL: insert into emergencyinfo          ( priority,             validity,             content,             status )           values ( ?,             ?,             ?,             ? )\r\n### Cause: java.sql.SQLException: Field \'scenicarea_id\' doesn\'t have a default value\n; Field \'scenicarea_id\' doesn\'t have a default value; nested exception is java.sql.SQLException: Field \'scenicarea_id\' doesn\'t have a default value', '2024-07-12 13:34:35', 235);
INSERT INTO `sys_oper_log` VALUES (490, '应急信息', 1, 'com.ruoyi.emergency.controller.EmergencyinfoController.add()', 'POST', 1, 'admin', NULL, '/emergencyinfo', '127.0.0.1', '', '{\"content\":\"警惕山洪暴发！\",\"params\":{},\"priority\":3,\"status\":0,\"validity\":\"2024-07-13\"}', NULL, 1, '\r\n### Error updating database.  Cause: java.sql.SQLException: Field \'scenicarea_id\' doesn\'t have a default value\r\n### The error may exist in file [C:\\Users\\Lenovo\\Desktop\\实训\\RuoYi-Cloud-master\\RuoYi-Cloud-master\\ruoyi-modules\\ruoyi-emergency\\target\\classes\\mapper\\emergency\\EmergencyinfoMapper.xml]\r\n### The error may involve com.ruoyi.emergency.mapper.EmergencyinfoMapper.insertEmergencyinfo-Inline\r\n### The error occurred while setting parameters\r\n### SQL: insert into emergencyinfo          ( priority,             validity,             content,             status )           values ( ?,             ?,             ?,             ? )\r\n### Cause: java.sql.SQLException: Field \'scenicarea_id\' doesn\'t have a default value\n; Field \'scenicarea_id\' doesn\'t have a default value; nested exception is java.sql.SQLException: Field \'scenicarea_id\' doesn\'t have a default value', '2024-07-12 13:34:39', 10);
INSERT INTO `sys_oper_log` VALUES (491, '应急信息', 1, 'com.ruoyi.emergency.controller.EmergencyinfoController.add()', 'POST', 1, 'admin', NULL, '/emergencyinfo', '127.0.0.1', '', '{\"content\":\"警惕山洪暴发！\",\"params\":{},\"priority\":3,\"status\":0,\"validity\":\"2024-07-13\"}', NULL, 1, '\r\n### Error updating database.  Cause: java.sql.SQLException: Field \'scenicarea_id\' doesn\'t have a default value\r\n### The error may exist in file [C:\\Users\\Lenovo\\Desktop\\实训\\RuoYi-Cloud-master\\RuoYi-Cloud-master\\ruoyi-modules\\ruoyi-emergency\\target\\classes\\mapper\\emergency\\EmergencyinfoMapper.xml]\r\n### The error may involve com.ruoyi.emergency.mapper.EmergencyinfoMapper.insertEmergencyinfo-Inline\r\n### The error occurred while setting parameters\r\n### SQL: insert into emergencyinfo          ( priority,             validity,             content,             status )           values ( ?,             ?,             ?,             ? )\r\n### Cause: java.sql.SQLException: Field \'scenicarea_id\' doesn\'t have a default value\n; Field \'scenicarea_id\' doesn\'t have a default value; nested exception is java.sql.SQLException: Field \'scenicarea_id\' doesn\'t have a default value', '2024-07-12 13:34:43', 7);
INSERT INTO `sys_oper_log` VALUES (492, '应急信息', 1, 'com.ruoyi.emergency.controller.EmergencyinfoController.add()', 'POST', 1, 'admin', NULL, '/emergencyinfo', '127.0.0.1', '', '{\"content\":\"警惕山洪暴发！\",\"params\":{},\"priority\":3,\"status\":0,\"validity\":\"2024-07-13\"}', NULL, 1, '\r\n### Error updating database.  Cause: java.sql.SQLException: Field \'scenicarea_id\' doesn\'t have a default value\r\n### The error may exist in file [C:\\Users\\Lenovo\\Desktop\\实训\\RuoYi-Cloud-master\\RuoYi-Cloud-master\\ruoyi-modules\\ruoyi-emergency\\target\\classes\\mapper\\emergency\\EmergencyinfoMapper.xml]\r\n### The error may involve com.ruoyi.emergency.mapper.EmergencyinfoMapper.insertEmergencyinfo-Inline\r\n### The error occurred while setting parameters\r\n### SQL: insert into emergencyinfo          ( priority,             validity,             content,             status )           values ( ?,             ?,             ?,             ? )\r\n### Cause: java.sql.SQLException: Field \'scenicarea_id\' doesn\'t have a default value\n; Field \'scenicarea_id\' doesn\'t have a default value; nested exception is java.sql.SQLException: Field \'scenicarea_id\' doesn\'t have a default value', '2024-07-12 13:35:06', 5);
INSERT INTO `sys_oper_log` VALUES (493, '应急信息', 1, 'com.ruoyi.emergency.controller.EmergencyinfoController.add()', 'POST', 1, 'admin', NULL, '/emergencyinfo', '127.0.0.1', '', '{\"content\":\"警惕山洪暴发！\",\"params\":{},\"priority\":3,\"status\":0,\"validity\":\"2024-07-13\"}', NULL, 1, '\r\n### Error updating database.  Cause: java.sql.SQLException: Field \'scenicarea_id\' doesn\'t have a default value\r\n### The error may exist in file [C:\\Users\\Lenovo\\Desktop\\实训\\RuoYi-Cloud-master\\RuoYi-Cloud-master\\ruoyi-modules\\ruoyi-emergency\\target\\classes\\mapper\\emergency\\EmergencyinfoMapper.xml]\r\n### The error may involve com.ruoyi.emergency.mapper.EmergencyinfoMapper.insertEmergencyinfo-Inline\r\n### The error occurred while setting parameters\r\n### SQL: insert into emergencyinfo          ( priority,             validity,             content,             status )           values ( ?,             ?,             ?,             ? )\r\n### Cause: java.sql.SQLException: Field \'scenicarea_id\' doesn\'t have a default value\n; Field \'scenicarea_id\' doesn\'t have a default value; nested exception is java.sql.SQLException: Field \'scenicarea_id\' doesn\'t have a default value', '2024-07-12 13:35:07', 5);
INSERT INTO `sys_oper_log` VALUES (494, '应急信息', 1, 'com.ruoyi.emergency.controller.EmergencyinfoController.add()', 'POST', 1, 'admin', NULL, '/emergencyinfo', '127.0.0.1', '', '{\"content\":\"警惕山洪暴发！\",\"params\":{},\"priority\":3,\"status\":0,\"validity\":\"2024-07-13\"}', NULL, 1, '\r\n### Error updating database.  Cause: java.sql.SQLException: Field \'scenicarea_id\' doesn\'t have a default value\r\n### The error may exist in file [C:\\Users\\Lenovo\\Desktop\\实训\\RuoYi-Cloud-master\\RuoYi-Cloud-master\\ruoyi-modules\\ruoyi-emergency\\target\\classes\\mapper\\emergency\\EmergencyinfoMapper.xml]\r\n### The error may involve com.ruoyi.emergency.mapper.EmergencyinfoMapper.insertEmergencyinfo-Inline\r\n### The error occurred while setting parameters\r\n### SQL: insert into emergencyinfo          ( priority,             validity,             content,             status )           values ( ?,             ?,             ?,             ? )\r\n### Cause: java.sql.SQLException: Field \'scenicarea_id\' doesn\'t have a default value\n; Field \'scenicarea_id\' doesn\'t have a default value; nested exception is java.sql.SQLException: Field \'scenicarea_id\' doesn\'t have a default value', '2024-07-12 13:35:10', 4);
INSERT INTO `sys_oper_log` VALUES (495, '应急信息', 1, 'com.ruoyi.emergency.controller.EmergencyinfoController.add()', 'POST', 1, 'admin', NULL, '/emergencyinfo', '127.0.0.1', '', '{\"content\":\"警惕山洪暴发！\",\"params\":{},\"priority\":3,\"status\":0,\"validity\":\"2024-07-13\"}', NULL, 1, '\r\n### Error updating database.  Cause: java.sql.SQLException: Field \'scenicarea_id\' doesn\'t have a default value\r\n### The error may exist in file [C:\\Users\\Lenovo\\Desktop\\实训\\RuoYi-Cloud-master\\RuoYi-Cloud-master\\ruoyi-modules\\ruoyi-emergency\\target\\classes\\mapper\\emergency\\EmergencyinfoMapper.xml]\r\n### The error may involve com.ruoyi.emergency.mapper.EmergencyinfoMapper.insertEmergencyinfo-Inline\r\n### The error occurred while setting parameters\r\n### SQL: insert into emergencyinfo          ( priority,             validity,             content,             status )           values ( ?,             ?,             ?,             ? )\r\n### Cause: java.sql.SQLException: Field \'scenicarea_id\' doesn\'t have a default value\n; Field \'scenicarea_id\' doesn\'t have a default value; nested exception is java.sql.SQLException: Field \'scenicarea_id\' doesn\'t have a default value', '2024-07-12 13:35:12', 3);
INSERT INTO `sys_oper_log` VALUES (496, '应急信息', 1, 'com.ruoyi.emergency.controller.EmergencyinfoController.add()', 'POST', 1, 'admin', NULL, '/emergencyinfo', '127.0.0.1', '', '{\"content\":\"警惕山洪暴发！\",\"params\":{},\"priority\":3,\"status\":0,\"validity\":\"2024-07-13\"}', NULL, 1, '\r\n### Error updating database.  Cause: java.sql.SQLException: Field \'scenicarea_id\' doesn\'t have a default value\r\n### The error may exist in file [C:\\Users\\Lenovo\\Desktop\\实训\\RuoYi-Cloud-master\\RuoYi-Cloud-master\\ruoyi-modules\\ruoyi-emergency\\target\\classes\\mapper\\emergency\\EmergencyinfoMapper.xml]\r\n### The error may involve com.ruoyi.emergency.mapper.EmergencyinfoMapper.insertEmergencyinfo-Inline\r\n### The error occurred while setting parameters\r\n### SQL: insert into emergencyinfo          ( priority,             validity,             content,             status )           values ( ?,             ?,             ?,             ? )\r\n### Cause: java.sql.SQLException: Field \'scenicarea_id\' doesn\'t have a default value\n; Field \'scenicarea_id\' doesn\'t have a default value; nested exception is java.sql.SQLException: Field \'scenicarea_id\' doesn\'t have a default value', '2024-07-12 13:35:21', 4);
INSERT INTO `sys_oper_log` VALUES (497, '应急信息', 1, 'com.ruoyi.emergency.controller.EmergencyinfoController.add()', 'POST', 1, 'admin', NULL, '/emergencyinfo', '127.0.0.1', '', '{\"content\":\"警惕山洪暴发！\",\"params\":{},\"priority\":3,\"status\":0,\"validity\":\"2024-07-13\"}', '{\"msg\":\"操作成功\",\"code\":200}', 0, NULL, '2024-07-12 13:37:29', 12);
INSERT INTO `sys_oper_log` VALUES (498, '菜单管理', 3, 'com.ruoyi.system.controller.SysMenuController.remove()', 'DELETE', 1, 'admin', NULL, '/menu/2297', '127.0.0.1', '', '{}', '{\"msg\":\"存在子菜单,不允许删除\",\"code\":601}', 0, NULL, '2024-07-12 13:41:07', 6);
INSERT INTO `sys_oper_log` VALUES (499, '菜单管理', 3, 'com.ruoyi.system.controller.SysMenuController.remove()', 'DELETE', 1, 'admin', NULL, '/menu/2298', '127.0.0.1', '', '{}', '{\"msg\":\"操作成功\",\"code\":200}', 0, NULL, '2024-07-12 13:41:11', 34);
INSERT INTO `sys_oper_log` VALUES (500, '菜单管理', 3, 'com.ruoyi.system.controller.SysMenuController.remove()', 'DELETE', 1, 'admin', NULL, '/menu/2299', '127.0.0.1', '', '{}', '{\"msg\":\"操作成功\",\"code\":200}', 0, NULL, '2024-07-12 13:41:13', 13);
INSERT INTO `sys_oper_log` VALUES (501, '菜单管理', 3, 'com.ruoyi.system.controller.SysMenuController.remove()', 'DELETE', 1, 'admin', NULL, '/menu/2300', '127.0.0.1', '', '{}', '{\"msg\":\"操作成功\",\"code\":200}', 0, NULL, '2024-07-12 13:41:14', 8);
INSERT INTO `sys_oper_log` VALUES (502, '菜单管理', 3, 'com.ruoyi.system.controller.SysMenuController.remove()', 'DELETE', 1, 'admin', NULL, '/menu/2301', '127.0.0.1', '', '{}', '{\"msg\":\"操作成功\",\"code\":200}', 0, NULL, '2024-07-12 13:41:15', 10);
INSERT INTO `sys_oper_log` VALUES (503, '菜单管理', 3, 'com.ruoyi.system.controller.SysMenuController.remove()', 'DELETE', 1, 'admin', NULL, '/menu/2302', '127.0.0.1', '', '{}', '{\"msg\":\"操作成功\",\"code\":200}', 0, NULL, '2024-07-12 13:41:16', 15);
INSERT INTO `sys_oper_log` VALUES (504, '菜单管理', 3, 'com.ruoyi.system.controller.SysMenuController.remove()', 'DELETE', 1, 'admin', NULL, '/menu/2297', '127.0.0.1', '', '{}', '{\"msg\":\"操作成功\",\"code\":200}', 0, NULL, '2024-07-12 13:41:17', 6);
INSERT INTO `sys_oper_log` VALUES (505, '代码生成', 3, 'com.ruoyi.gen.controller.GenController.remove()', 'DELETE', 1, 'admin', NULL, '/gen/12', '127.0.0.1', '', '{}', '{\"msg\":\"操作成功\",\"code\":200}', 0, NULL, '2024-07-12 13:42:40', 66);
INSERT INTO `sys_oper_log` VALUES (506, '代码生成', 6, 'com.ruoyi.gen.controller.GenController.importTableSave()', 'POST', 1, 'admin', NULL, '/gen/importTable', '127.0.0.1', '', '{\"tables\":\"emergencyinfo\"}', '{\"msg\":\"操作成功\",\"code\":200}', 0, NULL, '2024-07-12 13:42:45', 142);
INSERT INTO `sys_oper_log` VALUES (507, '代码生成', 2, 'com.ruoyi.gen.controller.GenController.editSave()', 'PUT', 1, 'admin', NULL, '/gen', '127.0.0.1', '', '{\"businessName\":\"emergencyinfo\",\"className\":\"Emergencyinfo\",\"columns\":[{\"capJavaField\":\"Id\",\"columnComment\":\"应急信息id\",\"columnId\":233,\"columnName\":\"id\",\"columnType\":\"int\",\"createBy\":\"admin\",\"createTime\":\"2024-07-12 13:42:45\",\"dictType\":\"\",\"edit\":false,\"htmlType\":\"input\",\"increment\":true,\"insert\":false,\"isIncrement\":\"1\",\"isInsert\":\"0\",\"isPk\":\"1\",\"javaField\":\"id\",\"javaType\":\"Long\",\"list\":false,\"params\":{},\"pk\":true,\"query\":false,\"queryType\":\"EQ\",\"required\":false,\"sort\":1,\"superColumn\":false,\"tableId\":40,\"updateBy\":\"\",\"usableColumn\":false},{\"capJavaField\":\"Priority\",\"columnComment\":\"优先级\",\"columnId\":234,\"columnName\":\"priority\",\"columnType\":\"int\",\"createBy\":\"admin\",\"createTime\":\"2024-07-12 13:42:45\",\"dictType\":\"\",\"edit\":true,\"htmlType\":\"input\",\"increment\":false,\"insert\":true,\"isEdit\":\"1\",\"isIncrement\":\"0\",\"isInsert\":\"1\",\"isList\":\"1\",\"isPk\":\"0\",\"isQuery\":\"0\",\"isRequired\":\"1\",\"javaField\":\"priority\",\"javaType\":\"Long\",\"list\":true,\"params\":{},\"pk\":false,\"query\":false,\"queryType\":\"EQ\",\"required\":true,\"sort\":2,\"superColumn\":false,\"tableId\":40,\"updateBy\":\"\",\"usableColumn\":false},{\"capJavaField\":\"Validity\",\"columnComment\":\"截止日期\",\"columnId\":235,\"columnName\":\"validity\",\"columnType\":\"datetime\",\"createBy\":\"admin\",\"createTime\":\"2024-07-12 13:42:45\",\"dictType\":\"\",\"edit\":true,\"htmlType\":\"datetime\",\"increment\":false,\"insert\":true,\"isEdit\":\"1\",\"isIncrement\":\"0\",\"isInsert\":\"1\",\"isList\":\"1\",\"isPk\":\"0\",\"isQuery\":\"0\",\"isRequired\":\"1\",\"javaField\":\"validity\",\"javaType\":\"Date\",\"list\":true,\"params\":{},\"pk\":false,\"query\":false,\"queryType\":\"EQ\",\"required\":true,\"sort\":3,\"superColumn\":false,\"tableId\":40,\"updateBy\":\"\",\"usableColumn\":false},{\"capJavaField\":\"Content\",\"columnComment\":\"文本内容\",\"columnId\":236,\"columnName\":\"content\",\"columnType\":\"varchar(255)\",\"createBy\":\"admin\",\"createTime\":\"2024-07-12 13:42:45\",\"dictType\":\"\",\"edit\":true,\"htmlType\":\"editor\",\"increment\":false,\"insert\":true,\"isEdit\":\"1\",\"isIncrement\":\"0\",\"isInsert\":\"1\",\"isList\":\"1\",\"isPk\":\"0\",\"isQuery\":\"1\",\"isRequired\":\"1\",\"javaField\":\"content\",', '{\"msg\":\"操作成功\",\"code\":200}', 0, NULL, '2024-07-12 13:45:07', 17);
INSERT INTO `sys_oper_log` VALUES (508, '代码生成', 8, 'com.ruoyi.gen.controller.GenController.batchGenCode()', 'GET', 1, 'admin', NULL, '/gen/batchGenCode', '127.0.0.1', '', '{\"tables\":\"emergencyinfo\"}', NULL, 0, NULL, '2024-07-12 13:45:11', 57);
INSERT INTO `sys_oper_log` VALUES (509, '用户管理', 2, 'com.ruoyi.system.controller.SysUserController.resetPwd()', 'PUT', 1, 'admin', NULL, '/user/resetPwd', '127.0.0.1', '', '{\"admin\":false,\"params\":{},\"updateBy\":\"admin\",\"userId\":101}', '{\"msg\":\"操作成功\",\"code\":200}', 0, NULL, '2024-07-14 09:05:22', 7885);
INSERT INTO `sys_oper_log` VALUES (510, '用户管理', 2, 'com.ruoyi.system.controller.SysUserController.edit()', 'PUT', 1, 'admin', NULL, '/user', '127.0.0.1', '', '{\"admin\":false,\"avatar\":\"\",\"createBy\":\"admin\",\"createTime\":\"2024-07-11 09:20:26\",\"delFlag\":\"0\",\"email\":\"\",\"loginIp\":\"\",\"nickName\":\"hotelManager\",\"params\":{},\"phonenumber\":\"\",\"postIds\":[],\"roleIds\":[102],\"roles\":[{\"admin\":false,\"dataScope\":\"1\",\"deptCheckStrictly\":false,\"flag\":false,\"menuCheckStrictly\":false,\"params\":{},\"roleId\":102,\"roleKey\":\"hotelManager\",\"roleName\":\"酒店管理人员\",\"roleSort\":4,\"status\":\"0\"}],\"sex\":\"0\",\"status\":\"0\",\"updateBy\":\"admin\",\"userId\":100,\"userName\":\"hotelManager\"}', '{\"msg\":\"操作成功\",\"code\":200}', 0, NULL, '2024-07-14 09:07:19', 66);
INSERT INTO `sys_oper_log` VALUES (511, '角色管理', 2, 'com.ruoyi.system.controller.SysRoleController.edit()', 'PUT', 1, 'admin', NULL, '/role', '127.0.0.1', '', '{\"admin\":false,\"createTime\":\"2024-07-11 09:18:24\",\"dataScope\":\"1\",\"delFlag\":\"0\",\"deptCheckStrictly\":true,\"flag\":false,\"menuCheckStrictly\":true,\"menuIds\":[2002,2003,2062,2063,2064,2065,2066,2067,2201,2202,2203,2204,2205,2206,2213,2214,2215,2216,2217,2218,2219,2220,2221,2222,2223,2224,2285,2286,2287,2288,2289,2290],\"params\":{},\"roleId\":102,\"roleKey\":\"hotelManager\",\"roleName\":\"酒店管理人员\",\"roleSort\":4,\"status\":\"0\",\"updateBy\":\"admin\"}', '{\"msg\":\"操作成功\",\"code\":200}', 0, NULL, '2024-07-14 09:07:33', 107);
INSERT INTO `sys_oper_log` VALUES (512, '角色管理', 2, 'com.ruoyi.system.controller.SysRoleController.edit()', 'PUT', 1, 'admin', NULL, '/role', '127.0.0.1', '', '{\"admin\":false,\"createTime\":\"2024-07-11 09:18:24\",\"dataScope\":\"1\",\"delFlag\":\"0\",\"deptCheckStrictly\":true,\"flag\":false,\"menuCheckStrictly\":true,\"menuIds\":[2002,2003,2062,2063,2064,2065,2066,2067,2201,2202,2203,2204,2205,2206,2213,2214,2215,2216,2217,2218,2219,2220,2221,2222,2223,2224,2285,2286,2287,2288,2289,2290],\"params\":{},\"roleId\":102,\"roleKey\":\"hotelManager\",\"roleName\":\"酒店管理人员\",\"roleSort\":4,\"status\":\"0\",\"updateBy\":\"admin\"}', '{\"msg\":\"操作成功\",\"code\":200}', 0, NULL, '2024-07-14 09:09:30', 17);
INSERT INTO `sys_oper_log` VALUES (513, '菜单管理', 1, 'com.ruoyi.system.controller.SysMenuController.add()', 'POST', 1, 'admin', NULL, '/menu', '127.0.0.1', '', '{\"children\":[],\"createBy\":\"admin\",\"isCache\":\"0\",\"isFrame\":\"1\",\"menuName\":\"确认\",\"menuType\":\"F\",\"orderNum\":0,\"params\":{},\"parentId\":2201,\"perms\":\"hotel:starbookings:confirm\",\"status\":\"0\",\"visible\":\"0\"}', '{\"msg\":\"操作成功\",\"code\":200}', 0, NULL, '2024-07-14 09:12:15', 55);
INSERT INTO `sys_oper_log` VALUES (514, '角色管理', 2, 'com.ruoyi.system.controller.SysRoleController.edit()', 'PUT', 1, 'admin', NULL, '/role', '127.0.0.1', '', '{\"admin\":false,\"createTime\":\"2024-07-11 09:18:24\",\"dataScope\":\"1\",\"delFlag\":\"0\",\"deptCheckStrictly\":true,\"flag\":false,\"menuCheckStrictly\":true,\"menuIds\":[2002,2003,2062,2063,2064,2065,2066,2067,2201,2309,2202,2203,2204,2205,2206,2213,2214,2215,2216,2217,2218,2219,2220,2221,2222,2223,2224,2285,2286,2287,2288,2289,2290],\"params\":{},\"roleId\":102,\"roleKey\":\"hotelManager\",\"roleName\":\"酒店管理人员\",\"roleSort\":4,\"status\":\"0\",\"updateBy\":\"admin\"}', '{\"msg\":\"操作成功\",\"code\":200}', 0, NULL, '2024-07-14 09:12:28', 17);
INSERT INTO `sys_oper_log` VALUES (515, '角色管理', 2, 'com.ruoyi.system.controller.SysRoleController.edit()', 'PUT', 1, 'admin', NULL, '/role', '127.0.0.1', '', '{\"admin\":false,\"createTime\":\"2024-07-06 16:38:12\",\"dataScope\":\"1\",\"delFlag\":\"0\",\"deptCheckStrictly\":true,\"flag\":false,\"menuCheckStrictly\":true,\"menuIds\":[2001,2303,2304,2305,2306,2307,2308,2000,2255,2256,2257,2258,2259,2260,2261,2262,2263,2264,2265,2266,2267,2268,2269,2270,2271,2272],\"params\":{},\"roleId\":100,\"roleKey\":\"approver\",\"roleName\":\"平台管理人员\",\"roleSort\":2,\"status\":\"0\",\"updateBy\":\"admin\"}', '{\"msg\":\"操作成功\",\"code\":200}', 0, NULL, '2024-07-14 09:16:22', 29);
INSERT INTO `sys_oper_log` VALUES (516, '角色管理', 2, 'com.ruoyi.system.controller.SysRoleController.edit()', 'PUT', 1, 'admin', NULL, '/role', '127.0.0.1', '', '{\"admin\":false,\"createTime\":\"2024-07-06 16:38:12\",\"dataScope\":\"1\",\"delFlag\":\"0\",\"deptCheckStrictly\":true,\"flag\":false,\"menuCheckStrictly\":true,\"menuIds\":[2001,2303,2304,2305,2306,2307,2308,2000,2255,2256,2257,2258,2259,2260,2261,2262,2263,2264,2265,2266,2267,2268,2269,2270,2271,2272],\"params\":{},\"roleId\":100,\"roleKey\":\"approver\",\"roleName\":\"平台管理人员\",\"roleSort\":2,\"status\":\"0\",\"updateBy\":\"admin\"}', '{\"msg\":\"操作成功\",\"code\":200}', 0, NULL, '2024-07-14 09:16:37', 17);
INSERT INTO `sys_oper_log` VALUES (517, '角色管理', 2, 'com.ruoyi.system.controller.SysRoleController.edit()', 'PUT', 1, 'admin', NULL, '/role', '127.0.0.1', '', '{\"admin\":false,\"createTime\":\"2024-07-06 16:38:12\",\"dataScope\":\"1\",\"delFlag\":\"0\",\"deptCheckStrictly\":true,\"flag\":false,\"menuCheckStrictly\":true,\"menuIds\":[2001,2303,2304,2305,2306,2307,2308,2000,2255,2256,2257,2258,2259,2260,2261,2262,2263,2264,2265,2266,2267,2268,2269,2270,2271,2272],\"params\":{},\"roleId\":100,\"roleKey\":\"approver\",\"roleName\":\"平台管理人员\",\"roleSort\":2,\"status\":\"0\",\"updateBy\":\"admin\"}', '{\"msg\":\"操作成功\",\"code\":200}', 0, NULL, '2024-07-14 09:16:48', 18);
INSERT INTO `sys_oper_log` VALUES (518, '用户管理', 2, 'com.ruoyi.system.controller.SysUserController.edit()', 'PUT', 1, 'admin', NULL, '/user', '127.0.0.1', '', '{\"admin\":false,\"avatar\":\"\",\"createBy\":\"admin\",\"createTime\":\"2024-07-12 13:11:31\",\"delFlag\":\"0\",\"email\":\"\",\"loginIp\":\"\",\"nickName\":\"approver\",\"params\":{},\"phonenumber\":\"\",\"postIds\":[],\"roleIds\":[100],\"roles\":[{\"admin\":false,\"dataScope\":\"1\",\"deptCheckStrictly\":false,\"flag\":false,\"menuCheckStrictly\":false,\"params\":{},\"roleId\":101,\"roleKey\":\"complainthandler\",\"roleName\":\"投诉处理人员\",\"roleSort\":3,\"status\":\"0\"}],\"sex\":\"0\",\"status\":\"0\",\"updateBy\":\"admin\",\"userId\":101,\"userName\":\"approver\"}', '{\"msg\":\"操作成功\",\"code\":200}', 0, NULL, '2024-07-14 09:17:01', 23);
INSERT INTO `sys_oper_log` VALUES (519, '角色管理', 2, 'com.ruoyi.system.controller.SysRoleController.edit()', 'PUT', 1, 'admin', NULL, '/role', '127.0.0.1', '', '{\"admin\":false,\"createTime\":\"2024-07-06 16:38:12\",\"dataScope\":\"1\",\"delFlag\":\"0\",\"deptCheckStrictly\":true,\"flag\":false,\"menuCheckStrictly\":true,\"menuIds\":[2001,2122,2123,2124,2125,2126,2127,2000,2255,2256,2257,2258,2259,2260,2261,2262,2263,2264,2265,2266,2267,2268,2269,2270,2271,2272],\"params\":{},\"roleId\":100,\"roleKey\":\"approver\",\"roleName\":\"平台管理人员\",\"roleSort\":2,\"status\":\"0\",\"updateBy\":\"admin\"}', '{\"msg\":\"操作成功\",\"code\":200}', 0, NULL, '2024-07-14 09:17:31', 19);
INSERT INTO `sys_oper_log` VALUES (520, '角色管理', 2, 'com.ruoyi.system.controller.SysRoleController.edit()', 'PUT', 1, 'admin', NULL, '/role', '127.0.0.1', '', '{\"admin\":false,\"createTime\":\"2024-07-06 16:38:12\",\"dataScope\":\"1\",\"delFlag\":\"0\",\"deptCheckStrictly\":true,\"flag\":false,\"menuCheckStrictly\":true,\"menuIds\":[2001,2122,2123,2124,2125,2126,2127,2303,2304,2305,2306,2307,2308,2000,2255,2256,2257,2258,2259,2260,2261,2262,2263,2264,2265,2266,2267,2268,2269,2270,2271,2272],\"params\":{},\"roleId\":100,\"roleKey\":\"approver\",\"roleName\":\"平台管理人员\",\"roleSort\":2,\"status\":\"0\",\"updateBy\":\"admin\"}', '{\"msg\":\"操作成功\",\"code\":200}', 0, NULL, '2024-07-14 09:19:04', 26);
INSERT INTO `sys_oper_log` VALUES (521, '菜单管理', 3, 'com.ruoyi.system.controller.SysMenuController.remove()', 'DELETE', 1, 'admin', NULL, '/menu/2308', '127.0.0.1', '', '{}', '{\"msg\":\"菜单已分配,不允许删除\",\"code\":601}', 0, NULL, '2024-07-14 09:20:18', 12);
INSERT INTO `sys_oper_log` VALUES (522, '菜单管理', 1, 'com.ruoyi.system.controller.SysMenuController.add()', 'POST', 1, 'admin', NULL, '/menu', '127.0.0.1', '', '{\"children\":[],\"createBy\":\"admin\",\"isCache\":\"0\",\"isFrame\":\"1\",\"menuName\":\"确认\",\"menuType\":\"F\",\"orderNum\":5,\"params\":{},\"parentId\":2303,\"perms\":\"emergency:emergencyinfo:confirm\",\"status\":\"0\",\"visible\":\"0\"}', '{\"msg\":\"操作成功\",\"code\":200}', 0, NULL, '2024-07-14 09:24:13', 11);
INSERT INTO `sys_oper_log` VALUES (523, '角色管理', 2, 'com.ruoyi.system.controller.SysRoleController.edit()', 'PUT', 1, 'admin', NULL, '/role', '127.0.0.1', '', '{\"admin\":false,\"createTime\":\"2024-07-06 16:38:12\",\"dataScope\":\"1\",\"delFlag\":\"0\",\"deptCheckStrictly\":true,\"flag\":false,\"menuCheckStrictly\":true,\"menuIds\":[2001,2122,2123,2124,2125,2126,2127,2303,2304,2305,2306,2307,2308,2310,2000,2255,2256,2257,2258,2259,2260,2261,2262,2263,2264,2265,2266,2267,2268,2269,2270,2271,2272],\"params\":{},\"roleId\":100,\"roleKey\":\"approver\",\"roleName\":\"平台管理人员\",\"roleSort\":2,\"status\":\"0\",\"updateBy\":\"admin\"}', '{\"msg\":\"操作成功\",\"code\":200}', 0, NULL, '2024-07-14 09:24:28', 14);
INSERT INTO `sys_oper_log` VALUES (524, '角色管理', 2, 'com.ruoyi.system.controller.SysRoleController.edit()', 'PUT', 1, 'admin', NULL, '/role', '127.0.0.1', '', '{\"admin\":false,\"createTime\":\"2024-07-11 09:18:24\",\"dataScope\":\"1\",\"delFlag\":\"0\",\"deptCheckStrictly\":true,\"flag\":false,\"menuCheckStrictly\":true,\"menuIds\":[2002,2003,2062,2063,2064,2065,2066,2067,2201,2309,2202,2203,2204,2205,2206,2213,2214,2215,2216,2217,2218,2219,2220,2221,2222,2223,2224,2285,2286,2287,2288,2289,2290],\"params\":{},\"roleId\":102,\"roleKey\":\"hotelManager\",\"roleName\":\"酒店管理人员\",\"roleSort\":4,\"status\":\"0\",\"updateBy\":\"admin\"}', '{\"msg\":\"操作成功\",\"code\":200}', 0, NULL, '2024-07-14 09:28:32', 26);
INSERT INTO `sys_oper_log` VALUES (525, '角色管理', 2, 'com.ruoyi.system.controller.SysRoleController.edit()', 'PUT', 1, 'admin', NULL, '/role', '127.0.0.1', '', '{\"admin\":false,\"createTime\":\"2024-07-06 16:38:12\",\"dataScope\":\"1\",\"delFlag\":\"0\",\"deptCheckStrictly\":true,\"flag\":false,\"menuCheckStrictly\":true,\"menuIds\":[2001,2303,2304,2305,2306,2307,2308,2310,2000,2255,2256,2257,2258,2259,2260,2261,2262,2263,2264,2265,2266,2267,2268,2269,2270,2271,2272],\"params\":{},\"roleId\":100,\"roleKey\":\"approver\",\"roleName\":\"平台管理人员\",\"roleSort\":2,\"status\":\"0\",\"updateBy\":\"admin\"}', '{\"msg\":\"操作成功\",\"code\":200}', 0, NULL, '2024-07-14 09:29:10', 13);
INSERT INTO `sys_oper_log` VALUES (526, '角色管理', 2, 'com.ruoyi.system.controller.SysRoleController.edit()', 'PUT', 1, 'admin', NULL, '/role', '127.0.0.1', '', '{\"admin\":false,\"createTime\":\"2024-07-06 16:38:12\",\"dataScope\":\"1\",\"delFlag\":\"0\",\"deptCheckStrictly\":true,\"flag\":false,\"menuCheckStrictly\":true,\"menuIds\":[2001,2303,2304,2305,2306,2307,2308,2310,2000,2255,2256,2257,2258,2259,2260,2261,2262,2263,2264,2265,2266,2267,2268,2269,2270,2271,2272],\"params\":{},\"roleId\":100,\"roleKey\":\"approver\",\"roleName\":\"平台管理人员\",\"roleSort\":2,\"status\":\"0\",\"updateBy\":\"admin\"}', '{\"msg\":\"操作成功\",\"code\":200}', 0, NULL, '2024-07-14 09:34:31', 89);
INSERT INTO `sys_oper_log` VALUES (527, '用户管理', 1, 'com.ruoyi.system.controller.SysUserController.add()', 'POST', 1, 'admin', NULL, '/user', '127.0.0.1', '', '{\"admin\":false,\"createBy\":\"admin\",\"nickName\":\"approver2\",\"params\":{},\"postIds\":[],\"roleIds\":[],\"status\":\"0\",\"userId\":103,\"userName\":\"approver2\"}', '{\"msg\":\"操作成功\",\"code\":200}', 0, NULL, '2024-07-14 09:35:02', 230);
INSERT INTO `sys_oper_log` VALUES (528, '用户管理', 2, 'com.ruoyi.system.controller.SysUserController.edit()', 'PUT', 1, 'admin', NULL, '/user', '127.0.0.1', '', '{\"admin\":false,\"avatar\":\"\",\"createBy\":\"admin\",\"createTime\":\"2024-07-14 09:35:02\",\"delFlag\":\"0\",\"email\":\"\",\"loginIp\":\"\",\"nickName\":\"approver2\",\"params\":{},\"phonenumber\":\"\",\"postIds\":[],\"roleIds\":[100],\"roles\":[],\"sex\":\"0\",\"status\":\"0\",\"updateBy\":\"admin\",\"userId\":103,\"userName\":\"approver2\"}', '{\"msg\":\"操作成功\",\"code\":200}', 0, NULL, '2024-07-14 09:35:08', 24);
INSERT INTO `sys_oper_log` VALUES (529, '菜单管理', 3, 'com.ruoyi.system.controller.SysMenuController.remove()', 'DELETE', 1, 'admin', NULL, '/menu/2015', '127.0.0.1', '', '{}', '{\"msg\":\"操作成功\",\"code\":200}', 0, NULL, '2024-07-14 10:46:41', 37);
INSERT INTO `sys_oper_log` VALUES (530, '菜单管理', 3, 'com.ruoyi.system.controller.SysMenuController.remove()', 'DELETE', 1, 'admin', NULL, '/menu/2016', '127.0.0.1', '', '{}', '{\"msg\":\"操作成功\",\"code\":200}', 0, NULL, '2024-07-14 10:46:43', 19);
INSERT INTO `sys_oper_log` VALUES (531, '菜单管理', 3, 'com.ruoyi.system.controller.SysMenuController.remove()', 'DELETE', 1, 'admin', NULL, '/menu/2017', '127.0.0.1', '', '{}', '{\"msg\":\"操作成功\",\"code\":200}', 0, NULL, '2024-07-14 10:46:44', 8);
INSERT INTO `sys_oper_log` VALUES (532, '菜单管理', 3, 'com.ruoyi.system.controller.SysMenuController.remove()', 'DELETE', 1, 'admin', NULL, '/menu/2018', '127.0.0.1', '', '{}', '{\"msg\":\"操作成功\",\"code\":200}', 0, NULL, '2024-07-14 10:46:45', 8);
INSERT INTO `sys_oper_log` VALUES (533, '菜单管理', 3, 'com.ruoyi.system.controller.SysMenuController.remove()', 'DELETE', 1, 'admin', NULL, '/menu/2019', '127.0.0.1', '', '{}', '{\"msg\":\"操作成功\",\"code\":200}', 0, NULL, '2024-07-14 10:46:47', 12);
INSERT INTO `sys_oper_log` VALUES (534, '菜单管理', 3, 'com.ruoyi.system.controller.SysMenuController.remove()', 'DELETE', 1, 'admin', NULL, '/menu/2014', '127.0.0.1', '', '{}', '{\"msg\":\"操作成功\",\"code\":200}', 0, NULL, '2024-07-14 10:46:48', 12);
INSERT INTO `sys_oper_log` VALUES (535, '菜单管理', 3, 'com.ruoyi.system.controller.SysMenuController.remove()', 'DELETE', 1, 'admin', NULL, '/menu/2021', '127.0.0.1', '', '{}', '{\"msg\":\"操作成功\",\"code\":200}', 0, NULL, '2024-07-14 10:46:58', 12);
INSERT INTO `sys_oper_log` VALUES (536, '菜单管理', 3, 'com.ruoyi.system.controller.SysMenuController.remove()', 'DELETE', 1, 'admin', NULL, '/menu/2022', '127.0.0.1', '', '{}', '{\"msg\":\"操作成功\",\"code\":200}', 0, NULL, '2024-07-14 10:46:59', 19);
INSERT INTO `sys_oper_log` VALUES (537, '菜单管理', 3, 'com.ruoyi.system.controller.SysMenuController.remove()', 'DELETE', 1, 'admin', NULL, '/menu/2023', '127.0.0.1', '', '{}', '{\"msg\":\"操作成功\",\"code\":200}', 0, NULL, '2024-07-14 10:47:00', 19);
INSERT INTO `sys_oper_log` VALUES (538, '菜单管理', 3, 'com.ruoyi.system.controller.SysMenuController.remove()', 'DELETE', 1, 'admin', NULL, '/menu/2024', '127.0.0.1', '', '{}', '{\"msg\":\"操作成功\",\"code\":200}', 0, NULL, '2024-07-14 10:47:02', 6);
INSERT INTO `sys_oper_log` VALUES (539, '菜单管理', 3, 'com.ruoyi.system.controller.SysMenuController.remove()', 'DELETE', 1, 'admin', NULL, '/menu/2025', '127.0.0.1', '', '{}', '{\"msg\":\"操作成功\",\"code\":200}', 0, NULL, '2024-07-14 10:47:03', 24);
INSERT INTO `sys_oper_log` VALUES (540, '菜单管理', 3, 'com.ruoyi.system.controller.SysMenuController.remove()', 'DELETE', 1, 'admin', NULL, '/menu/2020', '127.0.0.1', '', '{}', '{\"msg\":\"操作成功\",\"code\":200}', 0, NULL, '2024-07-14 10:47:05', 18);
INSERT INTO `sys_oper_log` VALUES (541, '菜单管理', 3, 'com.ruoyi.system.controller.SysMenuController.remove()', 'DELETE', 1, 'admin', NULL, '/menu/2027', '127.0.0.1', '', '{}', '{\"msg\":\"操作成功\",\"code\":200}', 0, NULL, '2024-07-14 10:47:08', 10);
INSERT INTO `sys_oper_log` VALUES (542, '菜单管理', 3, 'com.ruoyi.system.controller.SysMenuController.remove()', 'DELETE', 1, 'admin', NULL, '/menu/2028', '127.0.0.1', '', '{}', '{\"msg\":\"操作成功\",\"code\":200}', 0, NULL, '2024-07-14 10:47:09', 37);
INSERT INTO `sys_oper_log` VALUES (543, '菜单管理', 3, 'com.ruoyi.system.controller.SysMenuController.remove()', 'DELETE', 1, 'admin', NULL, '/menu/2029', '127.0.0.1', '', '{}', '{\"msg\":\"操作成功\",\"code\":200}', 0, NULL, '2024-07-14 10:47:11', 20);
INSERT INTO `sys_oper_log` VALUES (544, '菜单管理', 3, 'com.ruoyi.system.controller.SysMenuController.remove()', 'DELETE', 1, 'admin', NULL, '/menu/2030', '127.0.0.1', '', '{}', '{\"msg\":\"操作成功\",\"code\":200}', 0, NULL, '2024-07-14 10:47:13', 13);
INSERT INTO `sys_oper_log` VALUES (545, '菜单管理', 3, 'com.ruoyi.system.controller.SysMenuController.remove()', 'DELETE', 1, 'admin', NULL, '/menu/2031', '127.0.0.1', '', '{}', '{\"msg\":\"操作成功\",\"code\":200}', 0, NULL, '2024-07-14 10:47:14', 11);
INSERT INTO `sys_oper_log` VALUES (546, '菜单管理', 3, 'com.ruoyi.system.controller.SysMenuController.remove()', 'DELETE', 1, 'admin', NULL, '/menu/2026', '127.0.0.1', '', '{}', '{\"msg\":\"操作成功\",\"code\":200}', 0, NULL, '2024-07-14 10:47:16', 13);
INSERT INTO `sys_oper_log` VALUES (547, '菜单管理', 3, 'com.ruoyi.system.controller.SysMenuController.remove()', 'DELETE', 1, 'admin', NULL, '/menu/2033', '127.0.0.1', '', '{}', '{\"msg\":\"操作成功\",\"code\":200}', 0, NULL, '2024-07-14 10:47:22', 8);
INSERT INTO `sys_oper_log` VALUES (548, '菜单管理', 3, 'com.ruoyi.system.controller.SysMenuController.remove()', 'DELETE', 1, 'admin', NULL, '/menu/2034', '127.0.0.1', '', '{}', '{\"msg\":\"操作成功\",\"code\":200}', 0, NULL, '2024-07-14 10:47:23', 20);
INSERT INTO `sys_oper_log` VALUES (549, '菜单管理', 3, 'com.ruoyi.system.controller.SysMenuController.remove()', 'DELETE', 1, 'admin', NULL, '/menu/2035', '127.0.0.1', '', '{}', '{\"msg\":\"操作成功\",\"code\":200}', 0, NULL, '2024-07-14 10:47:25', 12);
INSERT INTO `sys_oper_log` VALUES (550, '菜单管理', 3, 'com.ruoyi.system.controller.SysMenuController.remove()', 'DELETE', 1, 'admin', NULL, '/menu/2036', '127.0.0.1', '', '{}', '{\"msg\":\"操作成功\",\"code\":200}', 0, NULL, '2024-07-14 10:47:26', 5);
INSERT INTO `sys_oper_log` VALUES (551, '菜单管理', 3, 'com.ruoyi.system.controller.SysMenuController.remove()', 'DELETE', 1, 'admin', NULL, '/menu/2037', '127.0.0.1', '', '{}', '{\"msg\":\"操作成功\",\"code\":200}', 0, NULL, '2024-07-14 10:47:27', 11);
INSERT INTO `sys_oper_log` VALUES (552, '菜单管理', 3, 'com.ruoyi.system.controller.SysMenuController.remove()', 'DELETE', 1, 'admin', NULL, '/menu/2032', '127.0.0.1', '', '{}', '{\"msg\":\"操作成功\",\"code\":200}', 0, NULL, '2024-07-14 10:47:29', 9);
INSERT INTO `sys_oper_log` VALUES (553, '菜单管理', 3, 'com.ruoyi.system.controller.SysMenuController.remove()', 'DELETE', 1, 'admin', NULL, '/menu/2039', '127.0.0.1', '', '{}', '{\"msg\":\"操作成功\",\"code\":200}', 0, NULL, '2024-07-14 10:47:32', 6);
INSERT INTO `sys_oper_log` VALUES (554, '菜单管理', 3, 'com.ruoyi.system.controller.SysMenuController.remove()', 'DELETE', 1, 'admin', NULL, '/menu/2040', '127.0.0.1', '', '{}', '{\"msg\":\"操作成功\",\"code\":200}', 0, NULL, '2024-07-14 10:47:34', 12);
INSERT INTO `sys_oper_log` VALUES (555, '菜单管理', 3, 'com.ruoyi.system.controller.SysMenuController.remove()', 'DELETE', 1, 'admin', NULL, '/menu/2041', '127.0.0.1', '', '{}', '{\"msg\":\"操作成功\",\"code\":200}', 0, NULL, '2024-07-14 10:47:35', 12);
INSERT INTO `sys_oper_log` VALUES (556, '菜单管理', 3, 'com.ruoyi.system.controller.SysMenuController.remove()', 'DELETE', 1, 'admin', NULL, '/menu/2042', '127.0.0.1', '', '{}', '{\"msg\":\"操作成功\",\"code\":200}', 0, NULL, '2024-07-14 10:47:36', 5);
INSERT INTO `sys_oper_log` VALUES (557, '菜单管理', 3, 'com.ruoyi.system.controller.SysMenuController.remove()', 'DELETE', 1, 'admin', NULL, '/menu/2043', '127.0.0.1', '', '{}', '{\"msg\":\"操作成功\",\"code\":200}', 0, NULL, '2024-07-14 10:47:38', 7);
INSERT INTO `sys_oper_log` VALUES (558, '菜单管理', 3, 'com.ruoyi.system.controller.SysMenuController.remove()', 'DELETE', 1, 'admin', NULL, '/menu/2038', '127.0.0.1', '', '{}', '{\"msg\":\"操作成功\",\"code\":200}', 0, NULL, '2024-07-14 10:47:40', 12);
INSERT INTO `sys_oper_log` VALUES (559, '代码生成', 3, 'com.ruoyi.gen.controller.GenController.remove()', 'DELETE', 1, 'admin', NULL, '/gen/17,20,22,2,1', '127.0.0.1', '', '{}', '{\"msg\":\"操作成功\",\"code\":200}', 0, NULL, '2024-07-14 10:48:13', 241);
INSERT INTO `sys_oper_log` VALUES (560, '代码生成', 6, 'com.ruoyi.gen.controller.GenController.importTableSave()', 'POST', 1, 'admin', NULL, '/gen/importTable', '127.0.0.1', '', '{\"tables\":\"nonstarhotelreviews,nonstarroomtypes,nonstarhotels,nonstarbookings,nonstarmarketingrecords\"}', '{\"msg\":\"操作成功\",\"code\":200}', 0, NULL, '2024-07-14 10:48:31', 278);
INSERT INTO `sys_oper_log` VALUES (561, '代码生成', 3, 'com.ruoyi.gen.controller.GenController.remove()', 'DELETE', 1, 'admin', NULL, '/gen/45,44,43,42,41', '127.0.0.1', '', '{}', '{\"msg\":\"操作成功\",\"code\":200}', 0, NULL, '2024-07-14 11:14:45', 25);
INSERT INTO `sys_oper_log` VALUES (562, '代码生成', 6, 'com.ruoyi.gen.controller.GenController.importTableSave()', 'POST', 1, 'admin', NULL, '/gen/importTable', '127.0.0.1', '', '{\"tables\":\"nonstarbookings,nonstarhotels,nonstarroomtypes,nonstarhotelreviews,nonstarmarketingrecords\"}', '{\"msg\":\"操作成功\",\"code\":200}', 0, NULL, '2024-07-14 11:14:50', 186);
INSERT INTO `sys_oper_log` VALUES (563, '代码生成', 2, 'com.ruoyi.gen.controller.GenController.editSave()', 'PUT', 1, 'admin', NULL, '/gen', '127.0.0.1', '', '{\"businessName\":\"nonstarbookings\",\"className\":\"Nonstarbookings\",\"columns\":[{\"capJavaField\":\"Id\",\"columnComment\":\"预定信息id\",\"columnId\":271,\"columnName\":\"id\",\"columnType\":\"int\",\"createBy\":\"admin\",\"createTime\":\"2024-07-14 11:14:50\",\"dictType\":\"\",\"edit\":false,\"htmlType\":\"input\",\"increment\":true,\"insert\":false,\"isIncrement\":\"1\",\"isInsert\":\"0\",\"isPk\":\"1\",\"javaField\":\"id\",\"javaType\":\"Long\",\"list\":false,\"params\":{},\"pk\":true,\"query\":false,\"queryType\":\"EQ\",\"required\":false,\"sort\":1,\"superColumn\":false,\"tableId\":46,\"updateBy\":\"\",\"usableColumn\":false},{\"capJavaField\":\"HotelId\",\"columnComment\":\"酒店id\",\"columnId\":272,\"columnName\":\"hotel_id\",\"columnType\":\"int\",\"createBy\":\"admin\",\"createTime\":\"2024-07-14 11:14:50\",\"dictType\":\"\",\"edit\":true,\"htmlType\":\"input\",\"increment\":false,\"insert\":true,\"isEdit\":\"1\",\"isIncrement\":\"0\",\"isInsert\":\"1\",\"isList\":\"1\",\"isPk\":\"0\",\"isQuery\":\"1\",\"isRequired\":\"1\",\"javaField\":\"hotelId\",\"javaType\":\"Long\",\"list\":true,\"params\":{},\"pk\":false,\"query\":true,\"queryType\":\"LIKE\",\"required\":true,\"sort\":2,\"superColumn\":false,\"tableId\":46,\"updateBy\":\"\",\"usableColumn\":false},{\"capJavaField\":\"RoomTypeId\",\"columnComment\":\"房型id\",\"columnId\":273,\"columnName\":\"room_type_id\",\"columnType\":\"int\",\"createBy\":\"admin\",\"createTime\":\"2024-07-14 11:14:50\",\"dictType\":\"\",\"edit\":true,\"htmlType\":\"input\",\"increment\":false,\"insert\":true,\"isEdit\":\"1\",\"isIncrement\":\"0\",\"isInsert\":\"1\",\"isList\":\"1\",\"isPk\":\"0\",\"isQuery\":\"1\",\"isRequired\":\"1\",\"javaField\":\"roomTypeId\",\"javaType\":\"Long\",\"list\":true,\"params\":{},\"pk\":false,\"query\":true,\"queryType\":\"LIKE\",\"required\":true,\"sort\":3,\"superColumn\":false,\"tableId\":46,\"updateBy\":\"\",\"usableColumn\":false},{\"capJavaField\":\"GuestId\",\"columnComment\":\"预定人id\",\"columnId\":274,\"columnName\":\"guest_id\",\"columnType\":\"bigint\",\"createBy\":\"admin\",\"createTime\":\"2024-07-14 11:14:50\",\"dictType\":\"\",\"edit\":true,\"htmlType\":\"input\",\"increment\":false,\"insert\":true,\"isEdit\":\"1\",\"isIncrement\":\"0\",\"isInsert\":\"1\",\"isList\":\"1\",\"isPk\":\"0\",\"isQuery\":\"1\",\"isRequired\":\"1\",\"javaField\":\"guestId\",', '{\"msg\":\"操作成功\",\"code\":200}', 0, NULL, '2024-07-14 11:17:33', 91);
INSERT INTO `sys_oper_log` VALUES (564, '代码生成', 2, 'com.ruoyi.gen.controller.GenController.editSave()', 'PUT', 1, 'admin', NULL, '/gen', '127.0.0.1', '', '{\"businessName\":\"nonstarhotelreviews\",\"className\":\"Nonstarhotelreviews\",\"columns\":[{\"capJavaField\":\"Id\",\"columnComment\":\"评价信息id\",\"columnId\":281,\"columnName\":\"id\",\"columnType\":\"int\",\"createBy\":\"admin\",\"createTime\":\"2024-07-14 11:14:50\",\"dictType\":\"\",\"edit\":false,\"htmlType\":\"input\",\"increment\":true,\"insert\":false,\"isIncrement\":\"1\",\"isInsert\":\"0\",\"isPk\":\"1\",\"javaField\":\"id\",\"javaType\":\"Long\",\"list\":false,\"params\":{},\"pk\":true,\"query\":false,\"queryType\":\"EQ\",\"required\":false,\"sort\":1,\"superColumn\":false,\"tableId\":47,\"updateBy\":\"\",\"usableColumn\":false},{\"capJavaField\":\"HotelId\",\"columnComment\":\"酒店id\",\"columnId\":282,\"columnName\":\"hotel_id\",\"columnType\":\"int\",\"createBy\":\"admin\",\"createTime\":\"2024-07-14 11:14:50\",\"dictType\":\"\",\"edit\":true,\"htmlType\":\"input\",\"increment\":false,\"insert\":true,\"isEdit\":\"1\",\"isIncrement\":\"0\",\"isInsert\":\"1\",\"isList\":\"1\",\"isPk\":\"0\",\"isQuery\":\"1\",\"javaField\":\"hotelId\",\"javaType\":\"Long\",\"list\":true,\"params\":{},\"pk\":false,\"query\":true,\"queryType\":\"EQ\",\"required\":false,\"sort\":2,\"superColumn\":false,\"tableId\":47,\"updateBy\":\"\",\"usableColumn\":false},{\"capJavaField\":\"Content\",\"columnComment\":\"内容\",\"columnId\":283,\"columnName\":\"content\",\"columnType\":\"varchar(255)\",\"createBy\":\"admin\",\"createTime\":\"2024-07-14 11:14:50\",\"dictType\":\"\",\"edit\":true,\"htmlType\":\"editor\",\"increment\":false,\"insert\":true,\"isEdit\":\"1\",\"isIncrement\":\"0\",\"isInsert\":\"1\",\"isList\":\"1\",\"isPk\":\"0\",\"isQuery\":\"1\",\"isRequired\":\"1\",\"javaField\":\"content\",\"javaType\":\"String\",\"list\":true,\"params\":{},\"pk\":false,\"query\":true,\"queryType\":\"LIKE\",\"required\":true,\"sort\":3,\"superColumn\":false,\"tableId\":47,\"updateBy\":\"\",\"usableColumn\":false},{\"capJavaField\":\"GuestId\",\"columnComment\":\"评价人id\",\"columnId\":284,\"columnName\":\"guest_id\",\"columnType\":\"bigint\",\"createBy\":\"admin\",\"createTime\":\"2024-07-14 11:14:50\",\"dictType\":\"\",\"edit\":true,\"htmlType\":\"input\",\"increment\":false,\"insert\":true,\"isEdit\":\"1\",\"isIncrement\":\"0\",\"isInsert\":\"1\",\"isList\":\"1\",\"isPk\":\"0\",\"isQuery\":\"0\",\"isRequired\":\"1\",\"javaField\":\"guestId\",\"javaType\":', '{\"msg\":\"操作成功\",\"code\":200}', 0, NULL, '2024-07-14 11:23:02', 19);
INSERT INTO `sys_oper_log` VALUES (565, '代码生成', 2, 'com.ruoyi.gen.controller.GenController.editSave()', 'PUT', 1, 'admin', NULL, '/gen', '127.0.0.1', '', '{\"businessName\":\"nonstarhotels\",\"className\":\"Nonstarhotels\",\"columns\":[{\"capJavaField\":\"Id\",\"columnComment\":\"非星级酒店id\",\"columnId\":288,\"columnName\":\"id\",\"columnType\":\"int\",\"createBy\":\"admin\",\"createTime\":\"2024-07-14 11:14:50\",\"dictType\":\"\",\"edit\":false,\"htmlType\":\"input\",\"increment\":true,\"insert\":false,\"isIncrement\":\"1\",\"isInsert\":\"0\",\"isPk\":\"1\",\"javaField\":\"id\",\"javaType\":\"Long\",\"list\":false,\"params\":{},\"pk\":true,\"query\":false,\"queryType\":\"EQ\",\"required\":false,\"sort\":1,\"superColumn\":false,\"tableId\":48,\"updateBy\":\"\",\"usableColumn\":false},{\"capJavaField\":\"Name\",\"columnComment\":\"酒店名称\",\"columnId\":289,\"columnName\":\"name\",\"columnType\":\"varchar(255)\",\"createBy\":\"admin\",\"createTime\":\"2024-07-14 11:14:50\",\"dictType\":\"\",\"edit\":true,\"htmlType\":\"input\",\"increment\":false,\"insert\":true,\"isEdit\":\"1\",\"isIncrement\":\"0\",\"isInsert\":\"1\",\"isList\":\"1\",\"isPk\":\"0\",\"isQuery\":\"1\",\"isRequired\":\"1\",\"javaField\":\"name\",\"javaType\":\"String\",\"list\":true,\"params\":{},\"pk\":false,\"query\":true,\"queryType\":\"LIKE\",\"required\":true,\"sort\":2,\"superColumn\":false,\"tableId\":48,\"updateBy\":\"\",\"usableColumn\":false},{\"capJavaField\":\"MinPrice\",\"columnComment\":\"最低价\",\"columnId\":290,\"columnName\":\"min_price\",\"columnType\":\"int\",\"createBy\":\"admin\",\"createTime\":\"2024-07-14 11:14:50\",\"dictType\":\"\",\"edit\":true,\"htmlType\":\"input\",\"increment\":false,\"insert\":true,\"isEdit\":\"1\",\"isIncrement\":\"0\",\"isInsert\":\"1\",\"isList\":\"1\",\"isPk\":\"0\",\"isQuery\":\"0\",\"isRequired\":\"1\",\"javaField\":\"minPrice\",\"javaType\":\"Long\",\"list\":true,\"params\":{},\"pk\":false,\"query\":false,\"queryType\":\"EQ\",\"required\":true,\"sort\":3,\"superColumn\":false,\"tableId\":48,\"updateBy\":\"\",\"usableColumn\":false},{\"capJavaField\":\"TotalQuantity\",\"columnComment\":\"总剩余量\",\"columnId\":291,\"columnName\":\"total_quantity\",\"columnType\":\"int\",\"createBy\":\"admin\",\"createTime\":\"2024-07-14 11:14:50\",\"dictType\":\"\",\"edit\":true,\"htmlType\":\"input\",\"increment\":false,\"insert\":true,\"isEdit\":\"1\",\"isIncrement\":\"0\",\"isInsert\":\"1\",\"isList\":\"1\",\"isPk\":\"0\",\"isQuery\":\"0\",\"isRequired\":\"1\",\"javaField\":\"totalQuantit', '{\"msg\":\"操作成功\",\"code\":200}', 0, NULL, '2024-07-14 11:26:13', 19);
INSERT INTO `sys_oper_log` VALUES (566, '代码生成', 2, 'com.ruoyi.gen.controller.GenController.editSave()', 'PUT', 1, 'admin', NULL, '/gen', '127.0.0.1', '', '{\"businessName\":\"nonstarmarketingrecords\",\"className\":\"Nonstarmarketingrecords\",\"columns\":[{\"capJavaField\":\"Id\",\"columnComment\":\"营销记录id\",\"columnId\":295,\"columnName\":\"id\",\"columnType\":\"int\",\"createBy\":\"admin\",\"createTime\":\"2024-07-14 11:14:50\",\"dictType\":\"\",\"edit\":false,\"htmlType\":\"input\",\"increment\":true,\"insert\":false,\"isIncrement\":\"1\",\"isInsert\":\"0\",\"isPk\":\"1\",\"javaField\":\"id\",\"javaType\":\"Long\",\"list\":false,\"params\":{},\"pk\":true,\"query\":false,\"queryType\":\"EQ\",\"required\":false,\"sort\":1,\"superColumn\":false,\"tableId\":49,\"updateBy\":\"\",\"usableColumn\":false},{\"capJavaField\":\"HotelId\",\"columnComment\":\"酒店id\",\"columnId\":296,\"columnName\":\"hotel_id\",\"columnType\":\"int\",\"createBy\":\"admin\",\"createTime\":\"2024-07-14 11:14:50\",\"dictType\":\"\",\"edit\":true,\"htmlType\":\"input\",\"increment\":false,\"insert\":true,\"isEdit\":\"1\",\"isIncrement\":\"0\",\"isInsert\":\"1\",\"isList\":\"1\",\"isPk\":\"0\",\"isQuery\":\"1\",\"isRequired\":\"1\",\"javaField\":\"hotelId\",\"javaType\":\"Long\",\"list\":true,\"params\":{},\"pk\":false,\"query\":true,\"queryType\":\"LIKE\",\"required\":true,\"sort\":2,\"superColumn\":false,\"tableId\":49,\"updateBy\":\"\",\"usableColumn\":false},{\"capJavaField\":\"RoomTypeId\",\"columnComment\":\"房型id\",\"columnId\":297,\"columnName\":\"room_type_id\",\"columnType\":\"int\",\"createBy\":\"admin\",\"createTime\":\"2024-07-14 11:14:50\",\"dictType\":\"\",\"edit\":true,\"htmlType\":\"input\",\"increment\":false,\"insert\":true,\"isEdit\":\"1\",\"isIncrement\":\"0\",\"isInsert\":\"1\",\"isList\":\"1\",\"isPk\":\"0\",\"isQuery\":\"1\",\"isRequired\":\"1\",\"javaField\":\"roomTypeId\",\"javaType\":\"Long\",\"list\":true,\"params\":{},\"pk\":false,\"query\":true,\"queryType\":\"LIKE\",\"required\":true,\"sort\":3,\"superColumn\":false,\"tableId\":49,\"updateBy\":\"\",\"usableColumn\":false},{\"capJavaField\":\"TotalSales\",\"columnComment\":\"总销量\",\"columnId\":298,\"columnName\":\"total_sales\",\"columnType\":\"int\",\"createBy\":\"admin\",\"createTime\":\"2024-07-14 11:14:50\",\"dictType\":\"\",\"edit\":true,\"htmlType\":\"input\",\"increment\":false,\"insert\":true,\"isEdit\":\"1\",\"isIncrement\":\"0\",\"isInsert\":\"1\",\"isList\":\"1\",\"isPk\":\"0\",\"isQuery\":\"0\",\"javaField\":\"totalSale', '{\"msg\":\"操作成功\",\"code\":200}', 0, NULL, '2024-07-14 11:27:19', 14);
INSERT INTO `sys_oper_log` VALUES (567, '代码生成', 2, 'com.ruoyi.gen.controller.GenController.editSave()', 'PUT', 1, 'admin', NULL, '/gen', '127.0.0.1', '', '{\"businessName\":\"nonstarroomtypes\",\"className\":\"Nonstarroomtypes\",\"columns\":[{\"capJavaField\":\"Id\",\"columnComment\":\"房型id\",\"columnId\":299,\"columnName\":\"id\",\"columnType\":\"int\",\"createBy\":\"admin\",\"createTime\":\"2024-07-14 11:14:50\",\"dictType\":\"\",\"edit\":false,\"htmlType\":\"input\",\"increment\":true,\"insert\":false,\"isIncrement\":\"1\",\"isInsert\":\"0\",\"isPk\":\"1\",\"javaField\":\"id\",\"javaType\":\"Long\",\"list\":false,\"params\":{},\"pk\":true,\"query\":false,\"queryType\":\"EQ\",\"required\":false,\"sort\":1,\"superColumn\":false,\"tableId\":50,\"updateBy\":\"\",\"usableColumn\":false},{\"capJavaField\":\"HotelId\",\"columnComment\":\"酒店id\",\"columnId\":300,\"columnName\":\"hotel_id\",\"columnType\":\"int\",\"createBy\":\"admin\",\"createTime\":\"2024-07-14 11:14:50\",\"dictType\":\"\",\"edit\":true,\"htmlType\":\"input\",\"increment\":false,\"insert\":true,\"isEdit\":\"1\",\"isIncrement\":\"0\",\"isInsert\":\"1\",\"isList\":\"1\",\"isPk\":\"0\",\"isQuery\":\"1\",\"javaField\":\"hotelId\",\"javaType\":\"Long\",\"list\":true,\"params\":{},\"pk\":false,\"query\":true,\"queryType\":\"LIKE\",\"required\":false,\"sort\":2,\"superColumn\":false,\"tableId\":50,\"updateBy\":\"\",\"usableColumn\":false},{\"capJavaField\":\"Name\",\"columnComment\":\"房型名称\",\"columnId\":301,\"columnName\":\"name\",\"columnType\":\"varchar(255)\",\"createBy\":\"admin\",\"createTime\":\"2024-07-14 11:14:50\",\"dictType\":\"\",\"edit\":true,\"htmlType\":\"input\",\"increment\":false,\"insert\":true,\"isEdit\":\"1\",\"isIncrement\":\"0\",\"isInsert\":\"1\",\"isList\":\"1\",\"isPk\":\"0\",\"isQuery\":\"1\",\"isRequired\":\"1\",\"javaField\":\"name\",\"javaType\":\"String\",\"list\":true,\"params\":{},\"pk\":false,\"query\":true,\"queryType\":\"LIKE\",\"required\":true,\"sort\":3,\"superColumn\":false,\"tableId\":50,\"updateBy\":\"\",\"usableColumn\":false},{\"capJavaField\":\"Price\",\"columnComment\":\"价格\",\"columnId\":302,\"columnName\":\"price\",\"columnType\":\"int\",\"createBy\":\"admin\",\"createTime\":\"2024-07-14 11:14:50\",\"dictType\":\"\",\"edit\":true,\"htmlType\":\"input\",\"increment\":false,\"insert\":true,\"isEdit\":\"1\",\"isIncrement\":\"0\",\"isInsert\":\"1\",\"isList\":\"1\",\"isPk\":\"0\",\"isQuery\":\"0\",\"isRequired\":\"1\",\"javaField\":\"price\",\"javaType\":\"Long\",\"list\":true,\"params\"', '{\"msg\":\"操作成功\",\"code\":200}', 0, NULL, '2024-07-14 11:28:51', 53);
INSERT INTO `sys_oper_log` VALUES (568, '代码生成', 8, 'com.ruoyi.gen.controller.GenController.batchGenCode()', 'GET', 1, 'admin', NULL, '/gen/batchGenCode', '127.0.0.1', '', '{\"tables\":\"nonstarroomtypes,nonstarmarketingrecords,nonstarhotels,nonstarhotelreviews,nonstarbookings\"}', NULL, 0, NULL, '2024-07-14 11:28:58', 1501);
INSERT INTO `sys_oper_log` VALUES (569, '非星级酒店预定信息', 1, 'com.ruoyi.hotel.controller.NonstarbookingsController.add()', 'POST', 1, 'admin', NULL, '/nonstarbookings', '127.0.0.1', '', '{\"checkInTime\":\"2024-07-09\",\"checkOutTime\":\"2024-07-19\",\"contactNumber\":\"13311746345\",\"guestId\":1,\"guestName\":\"11\",\"hotelId\":16,\"id\":1,\"ownerId\":101,\"params\":{},\"recorded\":0,\"roomTypeId\":16}', '{\"msg\":\"操作成功\",\"code\":200}', 0, NULL, '2024-07-14 13:22:07', 127);
INSERT INTO `sys_oper_log` VALUES (570, '非星级酒店预定信息', 2, 'com.ruoyi.hotel.controller.NonstarbookingsController.edit()', 'PUT', 1, 'admin', NULL, '/nonstarbookings', '127.0.0.1', '', '{\"checkInTime\":\"2024-07-09\",\"checkOutTime\":\"2024-07-19\",\"contactNumber\":\"13311746345\",\"guestId\":1,\"guestName\":\"11\",\"hotelId\":16,\"id\":1,\"ownerId\":100,\"params\":{},\"recorded\":0,\"roomTypeId\":16}', '{\"msg\":\"操作成功\",\"code\":200}', 0, NULL, '2024-07-14 13:22:32', 16);
INSERT INTO `sys_oper_log` VALUES (571, '菜单管理', 1, 'com.ruoyi.system.controller.SysMenuController.add()', 'POST', 1, 'admin', NULL, '/menu', '127.0.0.1', '', '{\"children\":[],\"createBy\":\"admin\",\"isCache\":\"0\",\"isFrame\":\"1\",\"menuName\":\"确认\",\"menuType\":\"F\",\"orderNum\":0,\"params\":{},\"parentId\":2311,\"perms\":\"hotel:nonstarbookings:confirm\",\"status\":\"0\",\"visible\":\"0\"}', '{\"msg\":\"操作成功\",\"code\":200}', 0, NULL, '2024-07-14 13:32:38', 55);
INSERT INTO `sys_oper_log` VALUES (572, '代码生成', 2, 'com.ruoyi.gen.controller.GenController.editSave()', 'PUT', 1, 'admin', NULL, '/gen', '127.0.0.1', '', '{\"businessName\":\"nonstarhotelreviews\",\"className\":\"Nonstarhotelreviews\",\"columns\":[{\"capJavaField\":\"Id\",\"columnComment\":\"评价信息id\",\"columnId\":281,\"columnName\":\"id\",\"columnType\":\"int\",\"createBy\":\"admin\",\"createTime\":\"2024-07-14 11:14:50\",\"dictType\":\"\",\"edit\":false,\"htmlType\":\"input\",\"increment\":true,\"insert\":false,\"isIncrement\":\"1\",\"isInsert\":\"0\",\"isPk\":\"1\",\"javaField\":\"id\",\"javaType\":\"Long\",\"list\":false,\"params\":{},\"pk\":true,\"query\":false,\"queryType\":\"EQ\",\"required\":false,\"sort\":1,\"superColumn\":false,\"tableId\":47,\"updateBy\":\"\",\"updateTime\":\"2024-07-14 11:23:02\",\"usableColumn\":false},{\"capJavaField\":\"HotelId\",\"columnComment\":\"酒店id\",\"columnId\":282,\"columnName\":\"hotel_id\",\"columnType\":\"int\",\"createBy\":\"admin\",\"createTime\":\"2024-07-14 11:14:50\",\"dictType\":\"\",\"edit\":true,\"htmlType\":\"input\",\"increment\":false,\"insert\":true,\"isEdit\":\"1\",\"isIncrement\":\"0\",\"isInsert\":\"1\",\"isList\":\"1\",\"isPk\":\"0\",\"isQuery\":\"1\",\"javaField\":\"hotelId\",\"javaType\":\"Long\",\"list\":true,\"params\":{},\"pk\":false,\"query\":true,\"queryType\":\"EQ\",\"required\":false,\"sort\":2,\"superColumn\":false,\"tableId\":47,\"updateBy\":\"\",\"updateTime\":\"2024-07-14 11:23:02\",\"usableColumn\":false},{\"capJavaField\":\"Content\",\"columnComment\":\"内容\",\"columnId\":283,\"columnName\":\"content\",\"columnType\":\"varchar(255)\",\"createBy\":\"admin\",\"createTime\":\"2024-07-14 11:14:50\",\"dictType\":\"\",\"edit\":true,\"htmlType\":\"editor\",\"increment\":false,\"insert\":true,\"isEdit\":\"1\",\"isIncrement\":\"0\",\"isInsert\":\"1\",\"isList\":\"1\",\"isPk\":\"0\",\"isQuery\":\"1\",\"isRequired\":\"1\",\"javaField\":\"content\",\"javaType\":\"String\",\"list\":true,\"params\":{},\"pk\":false,\"query\":true,\"queryType\":\"LIKE\",\"required\":true,\"sort\":3,\"superColumn\":false,\"tableId\":47,\"updateBy\":\"\",\"updateTime\":\"2024-07-14 11:23:02\",\"usableColumn\":false},{\"capJavaField\":\"GuestId\",\"columnComment\":\"评价人id\",\"columnId\":284,\"columnName\":\"guest_id\",\"columnType\":\"bigint\",\"createBy\":\"admin\",\"createTime\":\"2024-07-14 11:14:50\",\"dictType\":\"\",\"edit\":true,\"htmlType\":\"input\",\"increment\":false,\"insert\":true,\"isEdit\":\"1\",\"isIncrement\":\"0', '{\"msg\":\"操作成功\",\"code\":200}', 0, NULL, '2024-07-15 08:13:38', 124);
INSERT INTO `sys_oper_log` VALUES (573, '代码生成', 8, 'com.ruoyi.gen.controller.GenController.batchGenCode()', 'GET', 1, 'admin', NULL, '/gen/batchGenCode', '127.0.0.1', '', '{\"tables\":\"nonstarhotelreviews\"}', NULL, 0, NULL, '2024-07-15 08:13:45', 800);
INSERT INTO `sys_oper_log` VALUES (574, '菜单管理', 3, 'com.ruoyi.system.controller.SysMenuController.remove()', 'DELETE', 1, 'admin', NULL, '/menu/2318', '127.0.0.1', '', '{}', '{\"msg\":\"操作成功\",\"code\":200}', 0, NULL, '2024-07-15 08:20:18', 69);
INSERT INTO `sys_oper_log` VALUES (575, '菜单管理', 3, 'com.ruoyi.system.controller.SysMenuController.remove()', 'DELETE', 1, 'admin', NULL, '/menu/2319', '127.0.0.1', '', '{}', '{\"msg\":\"操作成功\",\"code\":200}', 0, NULL, '2024-07-15 08:20:21', 24);
INSERT INTO `sys_oper_log` VALUES (576, '菜单管理', 3, 'com.ruoyi.system.controller.SysMenuController.remove()', 'DELETE', 1, 'admin', NULL, '/menu/2320', '127.0.0.1', '', '{}', '{\"msg\":\"操作成功\",\"code\":200}', 0, NULL, '2024-07-15 08:20:22', 24);
INSERT INTO `sys_oper_log` VALUES (577, '菜单管理', 3, 'com.ruoyi.system.controller.SysMenuController.remove()', 'DELETE', 1, 'admin', NULL, '/menu/2321', '127.0.0.1', '', '{}', '{\"msg\":\"操作成功\",\"code\":200}', 0, NULL, '2024-07-15 08:20:24', 26);
INSERT INTO `sys_oper_log` VALUES (578, '菜单管理', 3, 'com.ruoyi.system.controller.SysMenuController.remove()', 'DELETE', 1, 'admin', NULL, '/menu/2322', '127.0.0.1', '', '{}', '{\"msg\":\"操作成功\",\"code\":200}', 0, NULL, '2024-07-15 08:20:25', 12);
INSERT INTO `sys_oper_log` VALUES (579, '菜单管理', 3, 'com.ruoyi.system.controller.SysMenuController.remove()', 'DELETE', 1, 'admin', NULL, '/menu/2317', '127.0.0.1', '', '{}', '{\"msg\":\"操作成功\",\"code\":200}', 0, NULL, '2024-07-15 08:20:27', 18);
INSERT INTO `sys_oper_log` VALUES (580, '代码生成', 3, 'com.ruoyi.gen.controller.GenController.remove()', 'DELETE', 1, 'admin', NULL, '/gen/33,47', '127.0.0.1', '', '{}', '{\"msg\":\"操作成功\",\"code\":200}', 0, NULL, '2024-07-15 08:22:37', 29);
INSERT INTO `sys_oper_log` VALUES (581, '代码生成', 3, 'com.ruoyi.gen.controller.GenController.remove()', 'DELETE', 1, 'admin', NULL, '/gen/25', '127.0.0.1', '', '{}', '{\"msg\":\"操作成功\",\"code\":200}', 0, NULL, '2024-07-15 08:22:53', 23);
INSERT INTO `sys_oper_log` VALUES (582, '代码生成', 6, 'com.ruoyi.gen.controller.GenController.importTableSave()', 'POST', 1, 'admin', NULL, '/gen/importTable', '127.0.0.1', '', '{\"tables\":\"nonstarhotelreviews,starhotelreviews,reviews\"}', '{\"msg\":\"操作成功\",\"code\":200}', 0, NULL, '2024-07-15 08:23:13', 193);
INSERT INTO `sys_oper_log` VALUES (583, '菜单管理', 3, 'com.ruoyi.system.controller.SysMenuController.remove()', 'DELETE', 1, 'admin', NULL, '/menu/2343', '127.0.0.1', '', '{}', '{\"msg\":\"操作成功\",\"code\":200}', 0, NULL, '2024-07-15 08:23:41', 14);
INSERT INTO `sys_oper_log` VALUES (584, '菜单管理', 3, 'com.ruoyi.system.controller.SysMenuController.remove()', 'DELETE', 1, 'admin', NULL, '/menu/2344', '127.0.0.1', '', '{}', '{\"msg\":\"操作成功\",\"code\":200}', 0, NULL, '2024-07-15 08:23:42', 19);
INSERT INTO `sys_oper_log` VALUES (585, '菜单管理', 3, 'com.ruoyi.system.controller.SysMenuController.remove()', 'DELETE', 1, 'admin', NULL, '/menu/2345', '127.0.0.1', '', '{}', '{\"msg\":\"操作成功\",\"code\":200}', 0, NULL, '2024-07-15 08:23:43', 6);
INSERT INTO `sys_oper_log` VALUES (586, '菜单管理', 3, 'com.ruoyi.system.controller.SysMenuController.remove()', 'DELETE', 1, 'admin', NULL, '/menu/2346', '127.0.0.1', '', '{}', '{\"msg\":\"操作成功\",\"code\":200}', 0, NULL, '2024-07-15 08:23:45', 14);
INSERT INTO `sys_oper_log` VALUES (587, '菜单管理', 3, 'com.ruoyi.system.controller.SysMenuController.remove()', 'DELETE', 1, 'admin', NULL, '/menu/2347', '127.0.0.1', '', '{}', '{\"msg\":\"操作成功\",\"code\":200}', 0, NULL, '2024-07-15 08:23:46', 13);
INSERT INTO `sys_oper_log` VALUES (588, '菜单管理', 3, 'com.ruoyi.system.controller.SysMenuController.remove()', 'DELETE', 1, 'admin', NULL, '/menu/2342', '127.0.0.1', '', '{}', '{\"msg\":\"操作成功\",\"code\":200}', 0, NULL, '2024-07-15 08:23:48', 17);
INSERT INTO `sys_oper_log` VALUES (589, '代码生成', 2, 'com.ruoyi.gen.controller.GenController.editSave()', 'PUT', 1, 'admin', NULL, '/gen', '127.0.0.1', '', '{\"businessName\":\"starhotelreviews\",\"className\":\"Starhotelreviews\",\"columns\":[{\"capJavaField\":\"Id\",\"columnComment\":\"评价id\",\"columnId\":320,\"columnName\":\"id\",\"columnType\":\"int\",\"createBy\":\"admin\",\"createTime\":\"2024-07-15 08:23:13\",\"dictType\":\"\",\"edit\":false,\"htmlType\":\"input\",\"increment\":true,\"insert\":false,\"isIncrement\":\"1\",\"isInsert\":\"0\",\"isPk\":\"1\",\"javaField\":\"id\",\"javaType\":\"Long\",\"list\":false,\"params\":{},\"pk\":true,\"query\":false,\"queryType\":\"EQ\",\"required\":false,\"sort\":1,\"superColumn\":false,\"tableId\":53,\"updateBy\":\"\",\"usableColumn\":false},{\"capJavaField\":\"HotelId\",\"columnComment\":\"酒店id\",\"columnId\":321,\"columnName\":\"hotel_id\",\"columnType\":\"int\",\"createBy\":\"admin\",\"createTime\":\"2024-07-15 08:23:13\",\"dictType\":\"\",\"edit\":true,\"htmlType\":\"input\",\"increment\":false,\"insert\":true,\"isEdit\":\"1\",\"isIncrement\":\"0\",\"isInsert\":\"1\",\"isList\":\"1\",\"isPk\":\"0\",\"isQuery\":\"1\",\"isRequired\":\"1\",\"javaField\":\"hotelId\",\"javaType\":\"Long\",\"list\":true,\"params\":{},\"pk\":false,\"query\":true,\"queryType\":\"EQ\",\"required\":true,\"sort\":2,\"superColumn\":false,\"tableId\":53,\"updateBy\":\"\",\"usableColumn\":false},{\"capJavaField\":\"Content\",\"columnComment\":\"内容\",\"columnId\":322,\"columnName\":\"content\",\"columnType\":\"varchar(255)\",\"createBy\":\"admin\",\"createTime\":\"2024-07-15 08:23:13\",\"dictType\":\"\",\"edit\":true,\"htmlType\":\"editor\",\"increment\":false,\"insert\":true,\"isEdit\":\"1\",\"isIncrement\":\"0\",\"isInsert\":\"1\",\"isList\":\"1\",\"isPk\":\"0\",\"isQuery\":\"1\",\"isRequired\":\"1\",\"javaField\":\"content\",\"javaType\":\"String\",\"list\":true,\"params\":{},\"pk\":false,\"query\":true,\"queryType\":\"LIKE\",\"required\":true,\"sort\":3,\"superColumn\":false,\"tableId\":53,\"updateBy\":\"\",\"usableColumn\":false},{\"capJavaField\":\"GuestId\",\"columnComment\":\"评价人id\",\"columnId\":323,\"columnName\":\"guest_id\",\"columnType\":\"bigint\",\"createBy\":\"admin\",\"createTime\":\"2024-07-15 08:23:13\",\"dictType\":\"\",\"edit\":true,\"htmlType\":\"input\",\"increment\":false,\"insert\":true,\"isEdit\":\"1\",\"isIncrement\":\"0\",\"isInsert\":\"1\",\"isList\":\"1\",\"isPk\":\"0\",\"isQuery\":\"1\",\"isRequired\":\"1\",\"javaField\":\"guestId\",\"ja', '{\"msg\":\"操作成功\",\"code\":200}', 0, NULL, '2024-07-15 08:27:12', 23);
INSERT INTO `sys_oper_log` VALUES (590, '代码生成', 2, 'com.ruoyi.gen.controller.GenController.editSave()', 'PUT', 1, 'admin', NULL, '/gen', '127.0.0.1', '', '{\"businessName\":\"nonstarhotelreviews\",\"className\":\"Nonstarhotelreviews\",\"columns\":[{\"capJavaField\":\"Id\",\"columnComment\":\"评价id\",\"columnId\":307,\"columnName\":\"id\",\"columnType\":\"int\",\"createBy\":\"admin\",\"createTime\":\"2024-07-15 08:23:13\",\"dictType\":\"\",\"edit\":false,\"htmlType\":\"input\",\"increment\":true,\"insert\":false,\"isIncrement\":\"1\",\"isInsert\":\"0\",\"isPk\":\"1\",\"javaField\":\"id\",\"javaType\":\"Long\",\"list\":false,\"params\":{},\"pk\":true,\"query\":false,\"queryType\":\"EQ\",\"required\":false,\"sort\":1,\"superColumn\":false,\"tableId\":51,\"updateBy\":\"\",\"usableColumn\":false},{\"capJavaField\":\"HotelId\",\"columnComment\":\"酒店id\",\"columnId\":308,\"columnName\":\"hotel_id\",\"columnType\":\"int\",\"createBy\":\"admin\",\"createTime\":\"2024-07-15 08:23:13\",\"dictType\":\"\",\"edit\":true,\"htmlType\":\"input\",\"increment\":false,\"insert\":true,\"isEdit\":\"1\",\"isIncrement\":\"0\",\"isInsert\":\"1\",\"isList\":\"1\",\"isPk\":\"0\",\"isQuery\":\"1\",\"isRequired\":\"1\",\"javaField\":\"hotelId\",\"javaType\":\"Long\",\"list\":true,\"params\":{},\"pk\":false,\"query\":true,\"queryType\":\"EQ\",\"required\":true,\"sort\":2,\"superColumn\":false,\"tableId\":51,\"updateBy\":\"\",\"usableColumn\":false},{\"capJavaField\":\"Content\",\"columnComment\":\"内容\",\"columnId\":309,\"columnName\":\"content\",\"columnType\":\"varchar(255)\",\"createBy\":\"admin\",\"createTime\":\"2024-07-15 08:23:13\",\"dictType\":\"\",\"edit\":true,\"htmlType\":\"editor\",\"increment\":false,\"insert\":true,\"isEdit\":\"1\",\"isIncrement\":\"0\",\"isInsert\":\"1\",\"isList\":\"1\",\"isPk\":\"0\",\"isQuery\":\"1\",\"isRequired\":\"1\",\"javaField\":\"content\",\"javaType\":\"String\",\"list\":true,\"params\":{},\"pk\":false,\"query\":true,\"queryType\":\"LIKE\",\"required\":true,\"sort\":3,\"superColumn\":false,\"tableId\":51,\"updateBy\":\"\",\"usableColumn\":false},{\"capJavaField\":\"GuestId\",\"columnComment\":\"评价人id\",\"columnId\":310,\"columnName\":\"guest_id\",\"columnType\":\"bigint\",\"createBy\":\"admin\",\"createTime\":\"2024-07-15 08:23:13\",\"dictType\":\"\",\"edit\":true,\"htmlType\":\"input\",\"increment\":false,\"insert\":true,\"isEdit\":\"1\",\"isIncrement\":\"0\",\"isInsert\":\"1\",\"isList\":\"1\",\"isPk\":\"0\",\"isQuery\":\"1\",\"isRequired\":\"1\",\"javaField\":\"guestI', '{\"msg\":\"操作成功\",\"code\":200}', 0, NULL, '2024-07-15 08:30:19', 18);
INSERT INTO `sys_oper_log` VALUES (591, '代码生成', 8, 'com.ruoyi.gen.controller.GenController.batchGenCode()', 'GET', 1, 'admin', NULL, '/gen/batchGenCode', '127.0.0.1', '', '{\"tables\":\"nonstarhotelreviews,starhotelreviews\"}', NULL, 0, NULL, '2024-07-15 08:30:48', 67);
INSERT INTO `sys_oper_log` VALUES (592, '菜单管理', 2, 'com.ruoyi.system.controller.SysMenuController.edit()', 'PUT', 1, 'admin', NULL, '/menu', '127.0.0.1', '', '{\"children\":[],\"component\":\"hotel/starhotelreviews/index\",\"createTime\":\"2024-07-15 08:35:39\",\"icon\":\"#\",\"isCache\":\"0\",\"isFrame\":\"1\",\"menuId\":2354,\"menuName\":\"星级酒店评价\",\"menuType\":\"C\",\"orderNum\":1,\"params\":{},\"parentId\":0,\"path\":\"starhotelreviews\",\"perms\":\"hotel:starhotelreviews:list\",\"routeName\":\"\",\"status\":\"0\",\"updateBy\":\"admin\",\"visible\":\"0\"}', '{\"msg\":\"操作成功\",\"code\":200}', 0, NULL, '2024-07-15 08:37:49', 43);
INSERT INTO `sys_oper_log` VALUES (593, '菜单管理', 2, 'com.ruoyi.system.controller.SysMenuController.edit()', 'PUT', 1, 'admin', NULL, '/menu', '127.0.0.1', '', '{\"children\":[],\"component\":\"hotel/starhotelreviews/index\",\"createTime\":\"2024-07-15 08:35:39\",\"icon\":\"#\",\"isCache\":\"0\",\"isFrame\":\"1\",\"menuId\":2354,\"menuName\":\"星级酒店评价\",\"menuType\":\"C\",\"orderNum\":1,\"params\":{},\"parentId\":2003,\"path\":\"starhotelreviews\",\"perms\":\"hotel:starhotelreviews:list\",\"routeName\":\"\",\"status\":\"0\",\"updateBy\":\"admin\",\"visible\":\"0\"}', '{\"msg\":\"操作成功\",\"code\":200}', 0, NULL, '2024-07-15 08:38:06', 42);
INSERT INTO `sys_oper_log` VALUES (594, '菜单管理', 2, 'com.ruoyi.system.controller.SysMenuController.edit()', 'PUT', 1, 'admin', NULL, '/menu', '127.0.0.1', '', '{\"children\":[],\"component\":\"hotel/starhotelreviews/index\",\"createTime\":\"2024-07-15 08:35:39\",\"icon\":\"#\",\"isCache\":\"1\",\"isFrame\":\"1\",\"menuId\":2354,\"menuName\":\"星级酒店评价\",\"menuType\":\"C\",\"orderNum\":1,\"params\":{},\"parentId\":2003,\"path\":\"starhotelreviews\",\"perms\":\"hotel:starhotelreviews:list\",\"routeName\":\"\",\"status\":\"0\",\"updateBy\":\"admin\",\"visible\":\"0\"}', '{\"msg\":\"操作成功\",\"code\":200}', 0, NULL, '2024-07-15 08:38:23', 12);
INSERT INTO `sys_oper_log` VALUES (595, '菜单管理', 3, 'com.ruoyi.system.controller.SysMenuController.remove()', 'DELETE', 1, 'admin', NULL, '/menu/2348', '127.0.0.1', '', '{}', '{\"msg\":\"存在子菜单,不允许删除\",\"code\":601}', 0, NULL, '2024-07-15 10:39:30', 10);
INSERT INTO `sys_oper_log` VALUES (596, '菜单管理', 3, 'com.ruoyi.system.controller.SysMenuController.remove()', 'DELETE', 1, 'admin', NULL, '/menu/2349', '127.0.0.1', '', '{}', '{\"msg\":\"操作成功\",\"code\":200}', 0, NULL, '2024-07-15 10:39:39', 20);
INSERT INTO `sys_oper_log` VALUES (597, '菜单管理', 3, 'com.ruoyi.system.controller.SysMenuController.remove()', 'DELETE', 1, 'admin', NULL, '/menu/2350', '127.0.0.1', '', '{}', '{\"msg\":\"操作成功\",\"code\":200}', 0, NULL, '2024-07-15 10:39:42', 12);
INSERT INTO `sys_oper_log` VALUES (598, '菜单管理', 3, 'com.ruoyi.system.controller.SysMenuController.remove()', 'DELETE', 1, 'admin', NULL, '/menu/2351', '127.0.0.1', '', '{}', '{\"msg\":\"操作成功\",\"code\":200}', 0, NULL, '2024-07-15 10:39:45', 20);
INSERT INTO `sys_oper_log` VALUES (599, '菜单管理', 3, 'com.ruoyi.system.controller.SysMenuController.remove()', 'DELETE', 1, 'admin', NULL, '/menu/2352', '127.0.0.1', '', '{}', '{\"msg\":\"操作成功\",\"code\":200}', 0, NULL, '2024-07-15 10:39:48', 8);
INSERT INTO `sys_oper_log` VALUES (600, '菜单管理', 3, 'com.ruoyi.system.controller.SysMenuController.remove()', 'DELETE', 1, 'admin', NULL, '/menu/2353', '127.0.0.1', '', '{}', '{\"msg\":\"操作成功\",\"code\":200}', 0, NULL, '2024-07-15 10:39:50', 11);
INSERT INTO `sys_oper_log` VALUES (601, '菜单管理', 3, 'com.ruoyi.system.controller.SysMenuController.remove()', 'DELETE', 1, 'admin', NULL, '/menu/2348', '127.0.0.1', '', '{}', '{\"msg\":\"操作成功\",\"code\":200}', 0, NULL, '2024-07-15 10:39:53', 11);
INSERT INTO `sys_oper_log` VALUES (602, '菜单管理', 1, 'com.ruoyi.system.controller.SysMenuController.add()', 'POST', 1, 'admin', NULL, '/menu', '127.0.0.1', '', '{\"children\":[],\"createBy\":\"admin\",\"isCache\":\"0\",\"isFrame\":\"1\",\"menuName\":\"测试\",\"menuType\":\"C\",\"orderNum\":1,\"params\":{},\"parentId\":2004,\"path\":\"hotel:nonstarbookings1:list\",\"status\":\"0\",\"visible\":\"0\"}', '{\"msg\":\"操作成功\",\"code\":200}', 0, NULL, '2024-07-15 10:44:01', 16);
INSERT INTO `sys_oper_log` VALUES (603, '菜单管理', 2, 'com.ruoyi.system.controller.SysMenuController.edit()', 'PUT', 1, 'admin', NULL, '/menu', '127.0.0.1', '', '{\"children\":[],\"component\":\"hotel/nonstarbookings/index\",\"createTime\":\"2024-07-14 13:12:07\",\"icon\":\"#\",\"isCache\":\"0\",\"isFrame\":\"1\",\"menuId\":2311,\"menuName\":\"非星级酒店预定信息\",\"menuType\":\"C\",\"orderNum\":1,\"params\":{},\"parentId\":2004,\"path\":\"nonstarbookings\",\"perms\":\"hotel:nonstarbookings:list\",\"routeName\":\"\",\"status\":\"0\",\"updateBy\":\"admin\",\"visible\":\"0\"}', '{\"msg\":\"操作成功\",\"code\":200}', 0, NULL, '2024-07-15 10:44:23', 11);
INSERT INTO `sys_oper_log` VALUES (604, '菜单管理', 2, 'com.ruoyi.system.controller.SysMenuController.edit()', 'PUT', 1, 'admin', NULL, '/menu', '127.0.0.1', '', '{\"children\":[],\"component\":\"hotel/nonstarbookings1/index\",\"createTime\":\"2024-07-15 10:44:01\",\"icon\":\"#\",\"isCache\":\"0\",\"isFrame\":\"1\",\"menuId\":2360,\"menuName\":\"测试\",\"menuType\":\"C\",\"orderNum\":1,\"params\":{},\"parentId\":2004,\"path\":\"nonstarbookings1\",\"perms\":\"hotel:nonstarbookings1:list\",\"routeName\":\"\",\"status\":\"0\",\"updateBy\":\"admin\",\"visible\":\"0\"}', '{\"msg\":\"操作成功\",\"code\":200}', 0, NULL, '2024-07-15 10:44:58', 12);
INSERT INTO `sys_oper_log` VALUES (605, '星级酒店评价', 2, 'com.ruoyi.hotel.controller.StarhotelreviewsController.edit()', 'PUT', 1, 'admin', NULL, '/starhotelreviews', '127.0.0.1', '', '{\"content\":\"房间很舒适，服务也很周到\",\"guestId\":1,\"hotelId\":7,\"id\":2,\"params\":{},\"rating\":88,\"reviewDate\":\"2023-07-01\",\"roomTypeId\":115}', '{\"msg\":\"操作成功\",\"code\":200}', 0, NULL, '2024-07-15 10:47:40', 139);
INSERT INTO `sys_oper_log` VALUES (606, '菜单管理', 2, 'com.ruoyi.system.controller.SysMenuController.edit()', 'PUT', 1, 'admin', NULL, '/menu', '127.0.0.1', '', '{\"children\":[],\"component\":\"hotel/nonstarreviews/index\",\"createTime\":\"2024-07-15 10:44:01\",\"icon\":\"#\",\"isCache\":\"0\",\"isFrame\":\"1\",\"menuId\":2360,\"menuName\":\"非星级酒店评价\",\"menuType\":\"C\",\"orderNum\":1,\"params\":{},\"parentId\":2004,\"path\":\"nonstarreviews\",\"perms\":\"hotel:nonstarreviews:list\",\"routeName\":\"\",\"status\":\"0\",\"updateBy\":\"admin\",\"visible\":\"0\"}', '{\"msg\":\"操作成功\",\"code\":200}', 0, NULL, '2024-07-15 10:53:15', 6);
INSERT INTO `sys_oper_log` VALUES (607, '菜单管理', 2, 'com.ruoyi.system.controller.SysMenuController.edit()', 'PUT', 1, 'admin', NULL, '/menu', '127.0.0.1', '', '{\"children\":[],\"component\":\"hotel/nonstar/index\",\"createTime\":\"2024-07-15 10:44:01\",\"icon\":\"#\",\"isCache\":\"0\",\"isFrame\":\"1\",\"menuId\":2360,\"menuName\":\"非星级酒店评价\",\"menuType\":\"C\",\"orderNum\":1,\"params\":{},\"parentId\":2004,\"path\":\"nonstar\",\"perms\":\"hotel:nonstar:list\",\"routeName\":\"\",\"status\":\"0\",\"updateBy\":\"admin\",\"visible\":\"0\"}', '{\"msg\":\"操作成功\",\"code\":200}', 0, NULL, '2024-07-15 10:54:33', 41);
INSERT INTO `sys_oper_log` VALUES (608, '菜单管理', 2, 'com.ruoyi.system.controller.SysMenuController.edit()', 'PUT', 1, 'admin', NULL, '/menu', '127.0.0.1', '', '{\"children\":[],\"component\":\"hotel/starhotelre/index\",\"createTime\":\"2024-07-15 08:35:39\",\"icon\":\"#\",\"isCache\":\"1\",\"isFrame\":\"1\",\"menuId\":2354,\"menuName\":\"星级酒店评价\",\"menuType\":\"C\",\"orderNum\":1,\"params\":{},\"parentId\":2003,\"path\":\"starhotelre\",\"perms\":\"hotel:starhotelre:list\",\"routeName\":\"\",\"status\":\"0\",\"updateBy\":\"admin\",\"visible\":\"0\"}', '{\"msg\":\"操作成功\",\"code\":200}', 0, NULL, '2024-07-15 10:55:43', 8);
INSERT INTO `sys_oper_log` VALUES (609, '菜单管理', 3, 'com.ruoyi.system.controller.SysMenuController.remove()', 'DELETE', 1, 'admin', NULL, '/menu/2355', '127.0.0.1', '', '{}', '{\"msg\":\"操作成功\",\"code\":200}', 0, NULL, '2024-07-15 10:58:19', 37);
INSERT INTO `sys_oper_log` VALUES (610, '菜单管理', 3, 'com.ruoyi.system.controller.SysMenuController.remove()', 'DELETE', 1, 'admin', NULL, '/menu/2356', '127.0.0.1', '', '{}', '{\"msg\":\"操作成功\",\"code\":200}', 0, NULL, '2024-07-15 10:58:22', 6);
INSERT INTO `sys_oper_log` VALUES (611, '菜单管理', 3, 'com.ruoyi.system.controller.SysMenuController.remove()', 'DELETE', 1, 'admin', NULL, '/menu/2357', '127.0.0.1', '', '{}', '{\"msg\":\"操作成功\",\"code\":200}', 0, NULL, '2024-07-15 10:58:25', 10);
INSERT INTO `sys_oper_log` VALUES (612, '菜单管理', 3, 'com.ruoyi.system.controller.SysMenuController.remove()', 'DELETE', 1, 'admin', NULL, '/menu/2358', '127.0.0.1', '', '{}', '{\"msg\":\"操作成功\",\"code\":200}', 0, NULL, '2024-07-15 10:58:27', 12);
INSERT INTO `sys_oper_log` VALUES (613, '菜单管理', 3, 'com.ruoyi.system.controller.SysMenuController.remove()', 'DELETE', 1, 'admin', NULL, '/menu/2359', '127.0.0.1', '', '{}', '{\"msg\":\"操作成功\",\"code\":200}', 0, NULL, '2024-07-15 10:58:30', 11);
INSERT INTO `sys_oper_log` VALUES (614, '菜单管理', 3, 'com.ruoyi.system.controller.SysMenuController.remove()', 'DELETE', 1, 'admin', NULL, '/menu/2354', '127.0.0.1', '', '{}', '{\"msg\":\"操作成功\",\"code\":200}', 0, NULL, '2024-07-15 10:58:34', 10);
INSERT INTO `sys_oper_log` VALUES (615, '菜单管理', 2, 'com.ruoyi.system.controller.SysMenuController.edit()', 'PUT', 1, 'admin', NULL, '/menu', '127.0.0.1', '', '{\"children\":[],\"component\":\"hotel/starbookings/index\",\"createTime\":\"2024-07-10 14:32:46\",\"icon\":\"#\",\"isCache\":\"0\",\"isFrame\":\"1\",\"menuId\":2201,\"menuName\":\"星级酒店预定信息\",\"menuType\":\"C\",\"orderNum\":1,\"params\":{},\"parentId\":2003,\"path\":\"starbookings\",\"perms\":\"hotel:starbookings:list\",\"routeName\":\"\",\"status\":\"0\",\"updateBy\":\"admin\",\"visible\":\"0\"}', '{\"msg\":\"操作成功\",\"code\":200}', 0, NULL, '2024-07-15 10:59:10', 38);
INSERT INTO `sys_oper_log` VALUES (616, '菜单管理', 1, 'com.ruoyi.system.controller.SysMenuController.add()', 'POST', 1, 'admin', NULL, '/menu', '127.0.0.1', '', '{\"children\":[],\"component\":\"hotel/starhotelre/index\",\"createBy\":\"admin\",\"isCache\":\"0\",\"isFrame\":\"1\",\"menuName\":\"星级酒店评价\",\"menuType\":\"C\",\"orderNum\":1,\"params\":{},\"parentId\":2003,\"path\":\"starhotelre\",\"perms\":\"hotel:starhotelre:list\",\"status\":\"0\",\"visible\":\"0\"}', '{\"msg\":\"操作成功\",\"code\":200}', 0, NULL, '2024-07-15 11:00:09', 18);
INSERT INTO `sys_oper_log` VALUES (617, '角色管理', 2, 'com.ruoyi.system.controller.SysRoleController.edit()', 'PUT', 1, 'admin', NULL, '/role', '127.0.0.1', '', '{\"admin\":false,\"createTime\":\"2024-07-11 09:18:24\",\"dataScope\":\"1\",\"delFlag\":\"0\",\"deptCheckStrictly\":true,\"flag\":false,\"menuCheckStrictly\":true,\"menuIds\":[2002,2003,2062,2063,2064,2065,2066,2067,2201,2309,2202,2203,2204,2205,2206,2213,2214,2215,2216,2217,2218,2219,2220,2221,2222,2223,2224,2285,2286,2287,2288,2289,2290,2361,2004,2311,2341,2312,2313,2314,2315,2316,2323,2324,2325,2326,2327,2328,2329,2330,2331,2332,2333,2334,2335,2336,2337,2338,2339,2340,2360],\"params\":{},\"roleId\":102,\"roleKey\":\"hotelManager\",\"roleName\":\"酒店管理人员\",\"roleSort\":4,\"status\":\"0\",\"updateBy\":\"admin\"}', '{\"msg\":\"操作成功\",\"code\":200}', 0, NULL, '2024-07-15 11:01:32', 119);
INSERT INTO `sys_oper_log` VALUES (618, '代码生成', 3, 'com.ruoyi.gen.controller.GenController.remove()', 'DELETE', 1, 'admin', NULL, '/gen/52', '127.0.0.1', '', '{}', '{\"msg\":\"操作成功\",\"code\":200}', 0, NULL, '2024-07-15 11:09:26', 31);
INSERT INTO `sys_oper_log` VALUES (619, '代码生成', 6, 'com.ruoyi.gen.controller.GenController.importTableSave()', 'POST', 1, 'admin', NULL, '/gen/importTable', '127.0.0.1', '', '{\"tables\":\"reviews\"}', '{\"msg\":\"操作成功\",\"code\":200}', 0, NULL, '2024-07-15 11:11:17', 33);
INSERT INTO `sys_oper_log` VALUES (620, '代码生成', 2, 'com.ruoyi.gen.controller.GenController.editSave()', 'PUT', 1, 'admin', NULL, '/gen', '127.0.0.1', '', '{\"businessName\":\"reviews\",\"className\":\"Reviews\",\"columns\":[{\"capJavaField\":\"Id\",\"columnComment\":\"评价id\",\"columnId\":327,\"columnName\":\"id\",\"columnType\":\"int\",\"createBy\":\"admin\",\"createTime\":\"2024-07-15 11:11:17\",\"dictType\":\"\",\"edit\":false,\"htmlType\":\"input\",\"increment\":true,\"insert\":false,\"isIncrement\":\"1\",\"isInsert\":\"0\",\"isPk\":\"1\",\"javaField\":\"id\",\"javaType\":\"Long\",\"list\":false,\"params\":{},\"pk\":true,\"query\":false,\"queryType\":\"EQ\",\"required\":false,\"sort\":1,\"superColumn\":false,\"tableId\":54,\"updateBy\":\"\",\"usableColumn\":false},{\"capJavaField\":\"DiningEntertainmentId\",\"columnComment\":\"餐饮娱乐id\",\"columnId\":328,\"columnName\":\"dining_entertainment_id\",\"columnType\":\"int\",\"createBy\":\"admin\",\"createTime\":\"2024-07-15 11:11:17\",\"dictType\":\"\",\"edit\":true,\"htmlType\":\"input\",\"increment\":false,\"insert\":true,\"isEdit\":\"1\",\"isIncrement\":\"0\",\"isInsert\":\"1\",\"isList\":\"1\",\"isPk\":\"0\",\"isQuery\":\"1\",\"isRequired\":\"1\",\"javaField\":\"diningEntertainmentId\",\"javaType\":\"Long\",\"list\":true,\"params\":{},\"pk\":false,\"query\":true,\"queryType\":\"EQ\",\"required\":true,\"sort\":2,\"superColumn\":false,\"tableId\":54,\"updateBy\":\"\",\"usableColumn\":false},{\"capJavaField\":\"Content\",\"columnComment\":\"内容\",\"columnId\":329,\"columnName\":\"content\",\"columnType\":\"varchar(255)\",\"createBy\":\"admin\",\"createTime\":\"2024-07-15 11:11:17\",\"dictType\":\"\",\"edit\":true,\"htmlType\":\"editor\",\"increment\":false,\"insert\":true,\"isEdit\":\"1\",\"isIncrement\":\"0\",\"isInsert\":\"1\",\"isList\":\"1\",\"isPk\":\"0\",\"isQuery\":\"1\",\"isRequired\":\"1\",\"javaField\":\"content\",\"javaType\":\"String\",\"list\":true,\"params\":{},\"pk\":false,\"query\":true,\"queryType\":\"LIKE\",\"required\":true,\"sort\":3,\"superColumn\":false,\"tableId\":54,\"updateBy\":\"\",\"usableColumn\":false},{\"capJavaField\":\"GuestName\",\"columnComment\":\"评价人\",\"columnId\":330,\"columnName\":\"guest_name\",\"columnType\":\"bigint\",\"createBy\":\"admin\",\"createTime\":\"2024-07-15 11:11:17\",\"dictType\":\"\",\"edit\":true,\"htmlType\":\"input\",\"increment\":false,\"insert\":true,\"isEdit\":\"1\",\"isIncrement\":\"0\",\"isInsert\":\"1\",\"isList\":\"1\",\"isPk\":\"0\",\"isQuery\":\"1\",\"isRequired\":', '{\"msg\":\"操作成功\",\"code\":200}', 0, NULL, '2024-07-15 11:15:43', 58);
INSERT INTO `sys_oper_log` VALUES (621, '代码生成', 8, 'com.ruoyi.gen.controller.GenController.batchGenCode()', 'GET', 1, 'admin', NULL, '/gen/batchGenCode', '127.0.0.1', '', '{\"tables\":\"reviews\"}', NULL, 0, NULL, '2024-07-15 11:15:52', 656);
INSERT INTO `sys_oper_log` VALUES (622, '菜单管理', 3, 'com.ruoyi.system.controller.SysMenuController.remove()', 'DELETE', 1, 'admin', NULL, '/menu/2363', '127.0.0.1', '', '{}', '{\"msg\":\"操作成功\",\"code\":200}', 0, NULL, '2024-07-15 11:24:24', 18);
INSERT INTO `sys_oper_log` VALUES (623, '菜单管理', 3, 'com.ruoyi.system.controller.SysMenuController.remove()', 'DELETE', 1, 'admin', NULL, '/menu/2362', '127.0.0.1', '', '{}', '{\"msg\":\"存在子菜单,不允许删除\",\"code\":601}', 0, NULL, '2024-07-15 11:24:26', 0);
INSERT INTO `sys_oper_log` VALUES (624, '菜单管理', 3, 'com.ruoyi.system.controller.SysMenuController.remove()', 'DELETE', 1, 'admin', NULL, '/menu/2364', '127.0.0.1', '', '{}', '{\"msg\":\"操作成功\",\"code\":200}', 0, NULL, '2024-07-15 11:24:28', 18);
INSERT INTO `sys_oper_log` VALUES (625, '菜单管理', 3, 'com.ruoyi.system.controller.SysMenuController.remove()', 'DELETE', 1, 'admin', NULL, '/menu/2362', '127.0.0.1', '', '{}', '{\"msg\":\"存在子菜单,不允许删除\",\"code\":601}', 0, NULL, '2024-07-15 11:24:29', 0);
INSERT INTO `sys_oper_log` VALUES (626, '菜单管理', 3, 'com.ruoyi.system.controller.SysMenuController.remove()', 'DELETE', 1, 'admin', NULL, '/menu/2365', '127.0.0.1', '', '{}', '{\"msg\":\"操作成功\",\"code\":200}', 0, NULL, '2024-07-15 11:24:30', 10);
INSERT INTO `sys_oper_log` VALUES (627, '菜单管理', 3, 'com.ruoyi.system.controller.SysMenuController.remove()', 'DELETE', 1, 'admin', NULL, '/menu/2366', '127.0.0.1', '', '{}', '{\"msg\":\"操作成功\",\"code\":200}', 0, NULL, '2024-07-15 11:24:32', 12);
INSERT INTO `sys_oper_log` VALUES (628, '菜单管理', 3, 'com.ruoyi.system.controller.SysMenuController.remove()', 'DELETE', 1, 'admin', NULL, '/menu/2367', '127.0.0.1', '', '{}', '{\"msg\":\"操作成功\",\"code\":200}', 0, NULL, '2024-07-15 11:24:33', 5);
INSERT INTO `sys_oper_log` VALUES (629, '菜单管理', 3, 'com.ruoyi.system.controller.SysMenuController.remove()', 'DELETE', 1, 'admin', NULL, '/menu/2362', '127.0.0.1', '', '{}', '{\"msg\":\"操作成功\",\"code\":200}', 0, NULL, '2024-07-15 11:24:35', 13);
INSERT INTO `sys_oper_log` VALUES (630, '菜单管理', 2, 'com.ruoyi.system.controller.SysMenuController.edit()', 'PUT', 1, 'admin', NULL, '/menu', '127.0.0.1', '', '{\"children\":[],\"component\":\"entertainment/dining/index\",\"createTime\":\"2024-07-09 16:12:52\",\"icon\":\"#\",\"isCache\":\"0\",\"isFrame\":\"1\",\"menuId\":2165,\"menuName\":\"餐饮信息\",\"menuType\":\"C\",\"orderNum\":1,\"params\":{},\"parentId\":2009,\"path\":\"dining\",\"perms\":\"entertainment:dining:list\",\"routeName\":\"\",\"status\":\"0\",\"updateBy\":\"admin\",\"visible\":\"0\"}', '{\"msg\":\"操作成功\",\"code\":200}', 0, NULL, '2024-07-15 11:25:18', 6);
INSERT INTO `sys_oper_log` VALUES (631, '菜单管理', 1, 'com.ruoyi.system.controller.SysMenuController.add()', 'POST', 1, 'admin', NULL, '/menu', '127.0.0.1', '', '{\"children\":[],\"component\":\"entertainment/derev/index\",\"createBy\":\"admin\",\"isCache\":\"0\",\"isFrame\":\"1\",\"menuName\":\"餐饮娱乐评价\",\"menuType\":\"C\",\"orderNum\":1,\"params\":{},\"parentId\":2009,\"path\":\"derev\",\"perms\":\"entertainment:derev:list\",\"status\":\"0\",\"visible\":\"0\"}', '{\"msg\":\"操作成功\",\"code\":200}', 0, NULL, '2024-07-15 11:28:05', 12);
INSERT INTO `sys_oper_log` VALUES (632, '投诉信息', 1, 'com.ruoyi.complaint.controller.ComplaintsController.add()', 'POST', 1, 'admin', NULL, '/complaints', '127.0.0.1', '', '{\"content\":\"111\",\"handlingresultsList\":[],\"params\":{},\"status\":\"待审批\",\"submitTime\":\"2024-07-02\"}', NULL, 1, '\r\n### Error updating database.  Cause: java.sql.SQLException: Field \'result\' doesn\'t have a default value\r\n### The error may exist in file [C:\\Users\\Lenovo\\Desktop\\实训\\RuoYi-Cloud-master\\RuoYi-Cloud-master\\ruoyi-modules\\ruoyi-complaint\\target\\classes\\mapper\\complaint\\ComplaintsMapper.xml]\r\n### The error may involve com.ruoyi.complaint.mapper.ComplaintsMapper.insertComplaints-Inline\r\n### The error occurred while setting parameters\r\n### SQL: insert into complaints          ( content,             submit_time,             status )           values ( ?,             ?,             ? )\r\n### Cause: java.sql.SQLException: Field \'result\' doesn\'t have a default value\n; Field \'result\' doesn\'t have a default value; nested exception is java.sql.SQLException: Field \'result\' doesn\'t have a default value', '2024-07-15 13:22:23', 391);
INSERT INTO `sys_oper_log` VALUES (633, '投诉信息', 1, 'com.ruoyi.complaint.controller.ComplaintsController.add()', 'POST', 1, 'admin', NULL, '/complaints', '127.0.0.1', '', '{\"content\":\"111\",\"handlingresultsList\":[],\"id\":2,\"params\":{},\"status\":\"待审批\",\"submitTime\":\"2024-07-02\"}', '{\"msg\":\"操作成功\",\"code\":200}', 0, NULL, '2024-07-15 13:23:07', 17);
INSERT INTO `sys_oper_log` VALUES (634, '投诉信息', 2, 'com.ruoyi.complaint.controller.ComplaintsController.edit()', 'PUT', 1, 'admin', NULL, '/complaints', '127.0.0.1', '', '{\"content\":\"111\",\"handleTime\":\"2024-07-18\",\"handlingresultsList\":[{\"complaintId\":2,\"handleTime\":\"2024-07-16\",\"handlerId\":22,\"params\":{},\"result\":\"\"}],\"id\":2,\"params\":{},\"result\":\"222\",\"status\":\"待审批\",\"submitTime\":\"2024-07-02\",\"userId\":11}', NULL, 1, '\r\n### Error updating database.  Cause: java.sql.SQLIntegrityConstraintViolationException: Cannot add or update a child row: a foreign key constraint fails (`ry-cloud`.`handlingresults`, CONSTRAINT `handler_id` FOREIGN KEY (`handler_id`) REFERENCES `sys_user` (`user_id`) ON DELETE CASCADE ON UPDATE CASCADE)\r\n### The error may exist in file [C:\\Users\\Lenovo\\Desktop\\实训\\RuoYi-Cloud-master\\RuoYi-Cloud-master\\ruoyi-modules\\ruoyi-complaint\\target\\classes\\mapper\\complaint\\ComplaintsMapper.xml]\r\n### The error may involve defaultParameterMap\r\n### The error occurred while setting parameters\r\n### SQL: insert into handlingresults( id, complaint_id, result, handle_time, handler_id) values                        ( ?, ?, ?, ?, ?)\r\n### Cause: java.sql.SQLIntegrityConstraintViolationException: Cannot add or update a child row: a foreign key constraint fails (`ry-cloud`.`handlingresults`, CONSTRAINT `handler_id` FOREIGN KEY (`handler_id`) REFERENCES `sys_user` (`user_id`) ON DELETE CASCADE ON UPDATE CASCADE)\n; Cannot add or update a child row: a foreign key constraint fails (`ry-cloud`.`handlingresults`, CONSTRAINT `handler_id` FOREIGN KEY (`handler_id`) REFERENCES `sys_user` (`user_id`) ON DELETE CASCADE ON UPDATE CASCADE); nested exception is java.sql.SQLIntegrityConstraintViolationException: Cannot add or update a child row: a foreign key constraint fails (`ry-cloud`.`handlingresults`, CONSTRAINT `handler_id` FOREIGN KEY (`handler_id`) REFERENCES `sys_user` (`user_id`) ON DELETE CASCADE ON UPDATE CASCADE)', '2024-07-15 13:27:19', 25);
INSERT INTO `sys_oper_log` VALUES (635, '投诉信息', 2, 'com.ruoyi.complaint.controller.ComplaintsController.edit()', 'PUT', 1, 'admin', NULL, '/complaints', '127.0.0.1', '', '{\"content\":\"111\",\"handleTime\":\"2024-07-18\",\"handlingresultsList\":[{\"complaintId\":2,\"handleTime\":\"2024-07-16\",\"handlerId\":22,\"params\":{},\"result\":\"\"}],\"id\":2,\"params\":{},\"result\":\"222\",\"status\":\"待审批\",\"submitTime\":\"2024-07-02\",\"userId\":11}', NULL, 1, '\r\n### Error updating database.  Cause: java.sql.SQLIntegrityConstraintViolationException: Cannot add or update a child row: a foreign key constraint fails (`ry-cloud`.`handlingresults`, CONSTRAINT `handler_id` FOREIGN KEY (`handler_id`) REFERENCES `sys_user` (`user_id`) ON DELETE CASCADE ON UPDATE CASCADE)\r\n### The error may exist in file [C:\\Users\\Lenovo\\Desktop\\实训\\RuoYi-Cloud-master\\RuoYi-Cloud-master\\ruoyi-modules\\ruoyi-complaint\\target\\classes\\mapper\\complaint\\ComplaintsMapper.xml]\r\n### The error may involve defaultParameterMap\r\n### The error occurred while setting parameters\r\n### SQL: insert into handlingresults( id, complaint_id, result, handle_time, handler_id) values                        ( ?, ?, ?, ?, ?)\r\n### Cause: java.sql.SQLIntegrityConstraintViolationException: Cannot add or update a child row: a foreign key constraint fails (`ry-cloud`.`handlingresults`, CONSTRAINT `handler_id` FOREIGN KEY (`handler_id`) REFERENCES `sys_user` (`user_id`) ON DELETE CASCADE ON UPDATE CASCADE)\n; Cannot add or update a child row: a foreign key constraint fails (`ry-cloud`.`handlingresults`, CONSTRAINT `handler_id` FOREIGN KEY (`handler_id`) REFERENCES `sys_user` (`user_id`) ON DELETE CASCADE ON UPDATE CASCADE); nested exception is java.sql.SQLIntegrityConstraintViolationException: Cannot add or update a child row: a foreign key constraint fails (`ry-cloud`.`handlingresults`, CONSTRAINT `handler_id` FOREIGN KEY (`handler_id`) REFERENCES `sys_user` (`user_id`) ON DELETE CASCADE ON UPDATE CASCADE)', '2024-07-15 13:27:23', 20);
INSERT INTO `sys_oper_log` VALUES (636, '投诉信息', 2, 'com.ruoyi.complaint.controller.ComplaintsController.edit()', 'PUT', 1, 'admin', NULL, '/complaints', '127.0.0.1', '', '{\"content\":\"111\",\"handleTime\":\"2024-07-18\",\"handlingresultsList\":[{\"complaintId\":2,\"handleTime\":\"2024-07-16\",\"handlerId\":22,\"params\":{},\"result\":\"\"}],\"id\":2,\"params\":{},\"result\":\"222\",\"status\":\"待审批\",\"submitTime\":\"2024-07-02\",\"userId\":11}', NULL, 1, '\r\n### Error updating database.  Cause: java.sql.SQLIntegrityConstraintViolationException: Cannot add or update a child row: a foreign key constraint fails (`ry-cloud`.`handlingresults`, CONSTRAINT `handler_id` FOREIGN KEY (`handler_id`) REFERENCES `sys_user` (`user_id`) ON DELETE CASCADE ON UPDATE CASCADE)\r\n### The error may exist in file [C:\\Users\\Lenovo\\Desktop\\实训\\RuoYi-Cloud-master\\RuoYi-Cloud-master\\ruoyi-modules\\ruoyi-complaint\\target\\classes\\mapper\\complaint\\ComplaintsMapper.xml]\r\n### The error may involve defaultParameterMap\r\n### The error occurred while setting parameters\r\n### SQL: insert into handlingresults( id, complaint_id, result, handle_time, handler_id) values                        ( ?, ?, ?, ?, ?)\r\n### Cause: java.sql.SQLIntegrityConstraintViolationException: Cannot add or update a child row: a foreign key constraint fails (`ry-cloud`.`handlingresults`, CONSTRAINT `handler_id` FOREIGN KEY (`handler_id`) REFERENCES `sys_user` (`user_id`) ON DELETE CASCADE ON UPDATE CASCADE)\n; Cannot add or update a child row: a foreign key constraint fails (`ry-cloud`.`handlingresults`, CONSTRAINT `handler_id` FOREIGN KEY (`handler_id`) REFERENCES `sys_user` (`user_id`) ON DELETE CASCADE ON UPDATE CASCADE); nested exception is java.sql.SQLIntegrityConstraintViolationException: Cannot add or update a child row: a foreign key constraint fails (`ry-cloud`.`handlingresults`, CONSTRAINT `handler_id` FOREIGN KEY (`handler_id`) REFERENCES `sys_user` (`user_id`) ON DELETE CASCADE ON UPDATE CASCADE)', '2024-07-15 13:27:27', 8);
INSERT INTO `sys_oper_log` VALUES (637, '投诉信息', 2, 'com.ruoyi.complaint.controller.ComplaintsController.edit()', 'PUT', 1, 'admin', NULL, '/complaints', '127.0.0.1', '', '{\"content\":\"111\",\"handleTime\":\"2024-07-18\",\"handlingresultsList\":[{\"complaintId\":2,\"handleTime\":\"2024-07-16\",\"handlerId\":22,\"params\":{},\"result\":\"\"}],\"id\":2,\"params\":{},\"result\":\"222\",\"status\":\"待审批\",\"submitTime\":\"2024-07-02\",\"userId\":11}', NULL, 1, '\r\n### Error updating database.  Cause: java.sql.SQLIntegrityConstraintViolationException: Cannot add or update a child row: a foreign key constraint fails (`ry-cloud`.`handlingresults`, CONSTRAINT `handler_id` FOREIGN KEY (`handler_id`) REFERENCES `sys_user` (`user_id`) ON DELETE CASCADE ON UPDATE CASCADE)\r\n### The error may exist in file [C:\\Users\\Lenovo\\Desktop\\实训\\RuoYi-Cloud-master\\RuoYi-Cloud-master\\ruoyi-modules\\ruoyi-complaint\\target\\classes\\mapper\\complaint\\ComplaintsMapper.xml]\r\n### The error may involve defaultParameterMap\r\n### The error occurred while setting parameters\r\n### SQL: insert into handlingresults( id, complaint_id, result, handle_time, handler_id) values                        ( ?, ?, ?, ?, ?)\r\n### Cause: java.sql.SQLIntegrityConstraintViolationException: Cannot add or update a child row: a foreign key constraint fails (`ry-cloud`.`handlingresults`, CONSTRAINT `handler_id` FOREIGN KEY (`handler_id`) REFERENCES `sys_user` (`user_id`) ON DELETE CASCADE ON UPDATE CASCADE)\n; Cannot add or update a child row: a foreign key constraint fails (`ry-cloud`.`handlingresults`, CONSTRAINT `handler_id` FOREIGN KEY (`handler_id`) REFERENCES `sys_user` (`user_id`) ON DELETE CASCADE ON UPDATE CASCADE); nested exception is java.sql.SQLIntegrityConstraintViolationException: Cannot add or update a child row: a foreign key constraint fails (`ry-cloud`.`handlingresults`, CONSTRAINT `handler_id` FOREIGN KEY (`handler_id`) REFERENCES `sys_user` (`user_id`) ON DELETE CASCADE ON UPDATE CASCADE)', '2024-07-15 13:27:31', 10);
INSERT INTO `sys_oper_log` VALUES (638, '投诉信息', 2, 'com.ruoyi.complaint.controller.ComplaintsController.edit()', 'PUT', 1, 'admin', NULL, '/complaints', '127.0.0.1', '', '{\"content\":\"111\",\"handleTime\":\"2024-07-18\",\"handlingresultsList\":[{\"complaintId\":2,\"handleTime\":\"2024-07-16\",\"handlerId\":22,\"params\":{},\"result\":\"\"}],\"id\":2,\"params\":{},\"result\":\"222\",\"status\":\"待审批\",\"submitTime\":\"2024-07-02\",\"userId\":11}', NULL, 1, '\r\n### Error updating database.  Cause: java.sql.SQLIntegrityConstraintViolationException: Cannot add or update a child row: a foreign key constraint fails (`ry-cloud`.`handlingresults`, CONSTRAINT `handler_id` FOREIGN KEY (`handler_id`) REFERENCES `sys_user` (`user_id`) ON DELETE CASCADE ON UPDATE CASCADE)\r\n### The error may exist in file [C:\\Users\\Lenovo\\Desktop\\实训\\RuoYi-Cloud-master\\RuoYi-Cloud-master\\ruoyi-modules\\ruoyi-complaint\\target\\classes\\mapper\\complaint\\ComplaintsMapper.xml]\r\n### The error may involve defaultParameterMap\r\n### The error occurred while setting parameters\r\n### SQL: insert into handlingresults( id, complaint_id, result, handle_time, handler_id) values                        ( ?, ?, ?, ?, ?)\r\n### Cause: java.sql.SQLIntegrityConstraintViolationException: Cannot add or update a child row: a foreign key constraint fails (`ry-cloud`.`handlingresults`, CONSTRAINT `handler_id` FOREIGN KEY (`handler_id`) REFERENCES `sys_user` (`user_id`) ON DELETE CASCADE ON UPDATE CASCADE)\n; Cannot add or update a child row: a foreign key constraint fails (`ry-cloud`.`handlingresults`, CONSTRAINT `handler_id` FOREIGN KEY (`handler_id`) REFERENCES `sys_user` (`user_id`) ON DELETE CASCADE ON UPDATE CASCADE); nested exception is java.sql.SQLIntegrityConstraintViolationException: Cannot add or update a child row: a foreign key constraint fails (`ry-cloud`.`handlingresults`, CONSTRAINT `handler_id` FOREIGN KEY (`handler_id`) REFERENCES `sys_user` (`user_id`) ON DELETE CASCADE ON UPDATE CASCADE)', '2024-07-15 13:27:45', 7);
INSERT INTO `sys_oper_log` VALUES (639, '投诉信息', 2, 'com.ruoyi.complaint.controller.ComplaintsController.edit()', 'PUT', 1, 'admin', NULL, '/complaints', '127.0.0.1', '', '{\"content\":\"111\",\"handleTime\":\"2024-07-18\",\"handlingresultsList\":[],\"id\":2,\"params\":{},\"result\":\"1\",\"status\":\"待审批\",\"submitTime\":\"2024-07-02\",\"userId\":1}', '{\"msg\":\"操作成功\",\"code\":200}', 0, NULL, '2024-07-15 13:34:19', 12);
INSERT INTO `sys_oper_log` VALUES (640, '投诉信息', 2, 'com.ruoyi.complaint.controller.ComplaintsController.edit()', 'PUT', 1, 'admin', NULL, '/complaints', '127.0.0.1', '', '{\"content\":\"111\",\"handleTime\":\"2024-07-18\",\"handlingresultsList\":[{\"complaintId\":2,\"handleTime\":\"2024-07-10\",\"handlerId\":11,\"params\":{},\"result\":\"\"}],\"id\":2,\"params\":{},\"result\":\"1\",\"status\":\"待审批\",\"submitTime\":\"2024-07-02\",\"userId\":1}', NULL, 1, '\r\n### Error updating database.  Cause: java.sql.SQLIntegrityConstraintViolationException: Cannot add or update a child row: a foreign key constraint fails (`ry-cloud`.`handlingresults`, CONSTRAINT `handler_id` FOREIGN KEY (`handler_id`) REFERENCES `sys_user` (`user_id`) ON DELETE CASCADE ON UPDATE CASCADE)\r\n### The error may exist in file [C:\\Users\\Lenovo\\Desktop\\实训\\RuoYi-Cloud-master\\RuoYi-Cloud-master\\ruoyi-modules\\ruoyi-complaint\\target\\classes\\mapper\\complaint\\ComplaintsMapper.xml]\r\n### The error may involve defaultParameterMap\r\n### The error occurred while setting parameters\r\n### SQL: insert into handlingresults( id, complaint_id, result, handle_time, handler_id) values                        ( ?, ?, ?, ?, ?)\r\n### Cause: java.sql.SQLIntegrityConstraintViolationException: Cannot add or update a child row: a foreign key constraint fails (`ry-cloud`.`handlingresults`, CONSTRAINT `handler_id` FOREIGN KEY (`handler_id`) REFERENCES `sys_user` (`user_id`) ON DELETE CASCADE ON UPDATE CASCADE)\n; Cannot add or update a child row: a foreign key constraint fails (`ry-cloud`.`handlingresults`, CONSTRAINT `handler_id` FOREIGN KEY (`handler_id`) REFERENCES `sys_user` (`user_id`) ON DELETE CASCADE ON UPDATE CASCADE); nested exception is java.sql.SQLIntegrityConstraintViolationException: Cannot add or update a child row: a foreign key constraint fails (`ry-cloud`.`handlingresults`, CONSTRAINT `handler_id` FOREIGN KEY (`handler_id`) REFERENCES `sys_user` (`user_id`) ON DELETE CASCADE ON UPDATE CASCADE)', '2024-07-15 13:34:41', 14);
INSERT INTO `sys_oper_log` VALUES (641, '代码生成', 3, 'com.ruoyi.gen.controller.GenController.remove()', 'DELETE', 1, 'admin', NULL, '/gen/10,13,31', '127.0.0.1', '', '{}', '{\"msg\":\"操作成功\",\"code\":200}', 0, NULL, '2024-07-15 13:45:15', 20);
INSERT INTO `sys_oper_log` VALUES (642, '代码生成', 6, 'com.ruoyi.gen.controller.GenController.importTableSave()', 'POST', 1, 'admin', NULL, '/gen/importTable', '127.0.0.1', '', '{\"tables\":\"handlingresults,complaints,feedbackresults\"}', '{\"msg\":\"操作成功\",\"code\":200}', 0, NULL, '2024-07-15 13:45:24', 45);
INSERT INTO `sys_oper_log` VALUES (643, '代码生成', 2, 'com.ruoyi.gen.controller.GenController.editSave()', 'PUT', 1, 'admin', NULL, '/gen', '127.0.0.1', '', '{\"businessName\":\"complaints\",\"className\":\"Complaints\",\"columns\":[{\"capJavaField\":\"Id\",\"columnComment\":\"投诉id\",\"columnId\":332,\"columnName\":\"id\",\"columnType\":\"int\",\"createBy\":\"admin\",\"createTime\":\"2024-07-15 13:45:24\",\"dictType\":\"\",\"edit\":false,\"htmlType\":\"input\",\"increment\":true,\"insert\":false,\"isIncrement\":\"1\",\"isInsert\":\"0\",\"isPk\":\"1\",\"javaField\":\"id\",\"javaType\":\"Long\",\"list\":false,\"params\":{},\"pk\":true,\"query\":false,\"queryType\":\"EQ\",\"required\":false,\"sort\":1,\"superColumn\":false,\"tableId\":55,\"updateBy\":\"\",\"usableColumn\":false},{\"capJavaField\":\"Content\",\"columnComment\":\"内容\",\"columnId\":333,\"columnName\":\"content\",\"columnType\":\"text\",\"createBy\":\"admin\",\"createTime\":\"2024-07-15 13:45:24\",\"dictType\":\"\",\"edit\":true,\"htmlType\":\"editor\",\"increment\":false,\"insert\":true,\"isEdit\":\"1\",\"isIncrement\":\"0\",\"isInsert\":\"1\",\"isList\":\"1\",\"isPk\":\"0\",\"isQuery\":\"1\",\"isRequired\":\"1\",\"javaField\":\"content\",\"javaType\":\"String\",\"list\":true,\"params\":{},\"pk\":false,\"query\":true,\"queryType\":\"EQ\",\"required\":true,\"sort\":2,\"superColumn\":false,\"tableId\":55,\"updateBy\":\"\",\"usableColumn\":false},{\"capJavaField\":\"SubmitTime\",\"columnComment\":\"投诉时间\",\"columnId\":334,\"columnName\":\"submit_time\",\"columnType\":\"datetime\",\"createBy\":\"admin\",\"createTime\":\"2024-07-15 13:45:24\",\"dictType\":\"\",\"edit\":true,\"htmlType\":\"datetime\",\"increment\":false,\"insert\":true,\"isEdit\":\"1\",\"isIncrement\":\"0\",\"isInsert\":\"1\",\"isList\":\"1\",\"isPk\":\"0\",\"isQuery\":\"1\",\"isRequired\":\"1\",\"javaField\":\"submitTime\",\"javaType\":\"Date\",\"list\":true,\"params\":{},\"pk\":false,\"query\":true,\"queryType\":\"EQ\",\"required\":true,\"sort\":3,\"superColumn\":false,\"tableId\":55,\"updateBy\":\"\",\"usableColumn\":false},{\"capJavaField\":\"Status\",\"columnComment\":\"状态\",\"columnId\":335,\"columnName\":\"status\",\"columnType\":\"enum(\'待审批\',\'已审批待处理\',\'已处理待确认\',\'已结案\')\",\"createBy\":\"admin\",\"createTime\":\"2024-07-15 13:45:24\",\"dictType\":\"\",\"edit\":true,\"htmlType\":\"radio\",\"increment\":false,\"insert\":true,\"isEdit\":\"1\",\"isIncrement\":\"0\",\"isInsert\":\"1\",\"isList\":\"1\",\"isPk\":\"0\",\"isQuery\":\"1\",\"isRequired\":\"1\",\"javaFi', '{\"msg\":\"操作成功\",\"code\":200}', 0, NULL, '2024-07-15 13:48:04', 39);
INSERT INTO `sys_oper_log` VALUES (644, '代码生成', 2, 'com.ruoyi.gen.controller.GenController.editSave()', 'PUT', 1, 'admin', NULL, '/gen', '127.0.0.1', '', '{\"businessName\":\"feedbackresults\",\"className\":\"Feedbackresults\",\"columns\":[{\"capJavaField\":\"Id\",\"columnComment\":\"反馈id\",\"columnId\":337,\"columnName\":\"id\",\"columnType\":\"int\",\"createBy\":\"admin\",\"createTime\":\"2024-07-15 13:45:24\",\"dictType\":\"\",\"edit\":false,\"htmlType\":\"input\",\"increment\":true,\"insert\":false,\"isIncrement\":\"1\",\"isInsert\":\"0\",\"isPk\":\"1\",\"javaField\":\"id\",\"javaType\":\"Long\",\"list\":false,\"params\":{},\"pk\":true,\"query\":false,\"queryType\":\"EQ\",\"required\":false,\"sort\":1,\"superColumn\":false,\"tableId\":56,\"updateBy\":\"\",\"usableColumn\":false},{\"capJavaField\":\"HandleResultId\",\"columnComment\":\"处理结果id\",\"columnId\":338,\"columnName\":\"handle_result_id\",\"columnType\":\"int\",\"createBy\":\"admin\",\"createTime\":\"2024-07-15 13:45:24\",\"dictType\":\"\",\"edit\":true,\"htmlType\":\"input\",\"increment\":false,\"insert\":true,\"isEdit\":\"1\",\"isIncrement\":\"0\",\"isInsert\":\"1\",\"isList\":\"1\",\"isPk\":\"0\",\"isQuery\":\"1\",\"isRequired\":\"1\",\"javaField\":\"handleResultId\",\"javaType\":\"Long\",\"list\":true,\"params\":{},\"pk\":false,\"query\":true,\"queryType\":\"LIKE\",\"required\":true,\"sort\":2,\"superColumn\":false,\"tableId\":56,\"updateBy\":\"\",\"usableColumn\":false},{\"capJavaField\":\"Rating\",\"columnComment\":\"评分\",\"columnId\":339,\"columnName\":\"rating\",\"columnType\":\"int\",\"createBy\":\"admin\",\"createTime\":\"2024-07-15 13:45:24\",\"dictType\":\"\",\"edit\":true,\"htmlType\":\"input\",\"increment\":false,\"insert\":true,\"isEdit\":\"1\",\"isIncrement\":\"0\",\"isInsert\":\"1\",\"isList\":\"1\",\"isPk\":\"0\",\"isQuery\":\"0\",\"isRequired\":\"1\",\"javaField\":\"rating\",\"javaType\":\"Long\",\"list\":true,\"params\":{},\"pk\":false,\"query\":false,\"queryType\":\"EQ\",\"required\":true,\"sort\":3,\"superColumn\":false,\"tableId\":56,\"updateBy\":\"\",\"usableColumn\":false}],\"crud\":true,\"functionAuthor\":\"ningf\",\"functionName\":\"投诉处理反馈信息\",\"genPath\":\"/\",\"genType\":\"0\",\"moduleName\":\"complaint\",\"options\":\"{\\\"parentMenuId\\\":2000}\",\"packageName\":\"com.ruoyi.complaint\",\"params\":{\"parentMenuId\":2000},\"parentMenuId\":\"2000\",\"sub\":false,\"tableComment\":\"投诉处理反馈\",\"tableId\":56,\"tableName\":\"feedbackresults\",\"tplCategory\":\"crud\",\"tplWebType\":\"elem', '{\"msg\":\"操作成功\",\"code\":200}', 0, NULL, '2024-07-15 13:49:54', 13);
INSERT INTO `sys_oper_log` VALUES (645, '代码生成', 2, 'com.ruoyi.gen.controller.GenController.editSave()', 'PUT', 1, 'admin', NULL, '/gen', '127.0.0.1', '', '{\"businessName\":\"complaints\",\"className\":\"Complaints\",\"columns\":[{\"capJavaField\":\"Id\",\"columnComment\":\"投诉id\",\"columnId\":332,\"columnName\":\"id\",\"columnType\":\"int\",\"createBy\":\"admin\",\"createTime\":\"2024-07-15 13:45:24\",\"dictType\":\"\",\"edit\":false,\"htmlType\":\"input\",\"increment\":true,\"insert\":false,\"isIncrement\":\"1\",\"isInsert\":\"0\",\"isPk\":\"1\",\"javaField\":\"id\",\"javaType\":\"Long\",\"list\":false,\"params\":{},\"pk\":true,\"query\":false,\"queryType\":\"EQ\",\"required\":false,\"sort\":1,\"superColumn\":false,\"tableId\":55,\"updateBy\":\"\",\"updateTime\":\"2024-07-15 13:48:04\",\"usableColumn\":false},{\"capJavaField\":\"Content\",\"columnComment\":\"内容\",\"columnId\":333,\"columnName\":\"content\",\"columnType\":\"text\",\"createBy\":\"admin\",\"createTime\":\"2024-07-15 13:45:24\",\"dictType\":\"\",\"edit\":true,\"htmlType\":\"editor\",\"increment\":false,\"insert\":true,\"isEdit\":\"1\",\"isIncrement\":\"0\",\"isInsert\":\"1\",\"isList\":\"1\",\"isPk\":\"0\",\"isQuery\":\"1\",\"isRequired\":\"1\",\"javaField\":\"content\",\"javaType\":\"String\",\"list\":true,\"params\":{},\"pk\":false,\"query\":true,\"queryType\":\"LIKE\",\"required\":true,\"sort\":2,\"superColumn\":false,\"tableId\":55,\"updateBy\":\"\",\"updateTime\":\"2024-07-15 13:48:04\",\"usableColumn\":false},{\"capJavaField\":\"SubmitTime\",\"columnComment\":\"投诉时间\",\"columnId\":334,\"columnName\":\"submit_time\",\"columnType\":\"datetime\",\"createBy\":\"admin\",\"createTime\":\"2024-07-15 13:45:24\",\"dictType\":\"\",\"edit\":true,\"htmlType\":\"datetime\",\"increment\":false,\"insert\":true,\"isEdit\":\"1\",\"isIncrement\":\"0\",\"isInsert\":\"1\",\"isList\":\"1\",\"isPk\":\"0\",\"isQuery\":\"0\",\"isRequired\":\"1\",\"javaField\":\"submitTime\",\"javaType\":\"Date\",\"list\":true,\"params\":{},\"pk\":false,\"query\":false,\"queryType\":\"EQ\",\"required\":true,\"sort\":3,\"superColumn\":false,\"tableId\":55,\"updateBy\":\"\",\"updateTime\":\"2024-07-15 13:48:04\",\"usableColumn\":false},{\"capJavaField\":\"Status\",\"columnComment\":\"状态\",\"columnId\":335,\"columnName\":\"status\",\"columnType\":\"enum(\'待审批\',\'已审批待处理\',\'已处理待确认\',\'已结案\')\",\"createBy\":\"admin\",\"createTime\":\"2024-07-15 13:45:24\",\"dictType\":\"\",\"edit\":true,\"htmlType\":\"radio\",\"increment\":false,\"insert\":true,', '{\"msg\":\"操作成功\",\"code\":200}', 0, NULL, '2024-07-15 13:50:08', 18);
INSERT INTO `sys_oper_log` VALUES (646, '代码生成', 2, 'com.ruoyi.gen.controller.GenController.editSave()', 'PUT', 1, 'admin', NULL, '/gen', '127.0.0.1', '', '{\"businessName\":\"handlingresults\",\"className\":\"Handlingresults\",\"columns\":[{\"capJavaField\":\"Id\",\"columnComment\":\"处理结果id\",\"columnId\":340,\"columnName\":\"id\",\"columnType\":\"int\",\"createBy\":\"admin\",\"createTime\":\"2024-07-15 13:45:24\",\"dictType\":\"\",\"edit\":false,\"htmlType\":\"input\",\"increment\":true,\"insert\":false,\"isIncrement\":\"1\",\"isInsert\":\"0\",\"isPk\":\"1\",\"javaField\":\"id\",\"javaType\":\"Long\",\"list\":false,\"params\":{},\"pk\":true,\"query\":false,\"queryType\":\"EQ\",\"required\":false,\"sort\":1,\"superColumn\":false,\"tableId\":57,\"updateBy\":\"\",\"usableColumn\":false},{\"capJavaField\":\"ComplaintId\",\"columnComment\":\"投诉id\",\"columnId\":341,\"columnName\":\"complaint_id\",\"columnType\":\"int\",\"createBy\":\"admin\",\"createTime\":\"2024-07-15 13:45:24\",\"dictType\":\"\",\"edit\":true,\"htmlType\":\"input\",\"increment\":false,\"insert\":true,\"isEdit\":\"1\",\"isIncrement\":\"0\",\"isInsert\":\"1\",\"isList\":\"1\",\"isPk\":\"0\",\"isQuery\":\"0\",\"isRequired\":\"1\",\"javaField\":\"complaintId\",\"javaType\":\"Long\",\"list\":true,\"params\":{},\"pk\":false,\"query\":false,\"queryType\":\"EQ\",\"required\":true,\"sort\":2,\"superColumn\":false,\"tableId\":57,\"updateBy\":\"\",\"usableColumn\":false},{\"capJavaField\":\"Result\",\"columnComment\":\"内容\",\"columnId\":342,\"columnName\":\"result\",\"columnType\":\"text\",\"createBy\":\"admin\",\"createTime\":\"2024-07-15 13:45:24\",\"dictType\":\"\",\"edit\":true,\"htmlType\":\"textarea\",\"increment\":false,\"insert\":true,\"isEdit\":\"1\",\"isIncrement\":\"0\",\"isInsert\":\"1\",\"isList\":\"1\",\"isPk\":\"0\",\"isQuery\":\"1\",\"isRequired\":\"1\",\"javaField\":\"result\",\"javaType\":\"String\",\"list\":true,\"params\":{},\"pk\":false,\"query\":true,\"queryType\":\"LIKE\",\"required\":true,\"sort\":3,\"superColumn\":false,\"tableId\":57,\"updateBy\":\"\",\"usableColumn\":false},{\"capJavaField\":\"HandleTime\",\"columnComment\":\"处理时间\",\"columnId\":343,\"columnName\":\"handle_time\",\"columnType\":\"datetime\",\"createBy\":\"admin\",\"createTime\":\"2024-07-15 13:45:24\",\"dictType\":\"\",\"edit\":true,\"htmlType\":\"datetime\",\"increment\":false,\"insert\":true,\"isEdit\":\"1\",\"isIncrement\":\"0\",\"isInsert\":\"1\",\"isList\":\"1\",\"isPk\":\"0\",\"isQuery\":\"0\",\"isRequired\":\"1\",\"javaField\"', '{\"msg\":\"操作成功\",\"code\":200}', 0, NULL, '2024-07-15 13:52:16', 12);
INSERT INTO `sys_oper_log` VALUES (647, '代码生成', 8, 'com.ruoyi.gen.controller.GenController.batchGenCode()', 'GET', 1, 'admin', NULL, '/gen/batchGenCode', '127.0.0.1', '', '{\"tables\":\"complaints,feedbackresults,handlingresults\"}', NULL, 0, NULL, '2024-07-15 13:53:16', 149);
INSERT INTO `sys_oper_log` VALUES (648, '菜单管理', 1, 'com.ruoyi.system.controller.SysMenuController.add()', 'POST', 1, 'admin', NULL, '/menu', '127.0.0.1', '', '{\"children\":[],\"createBy\":\"admin\",\"isCache\":\"0\",\"isFrame\":\"1\",\"menuName\":\"确认\",\"menuType\":\"F\",\"orderNum\":1,\"params\":{},\"parentId\":2369,\"perms\":\"complaint:complaints:confirm\",\"status\":\"0\",\"visible\":\"0\"}', '{\"msg\":\"操作成功\",\"code\":200}', 0, NULL, '2024-07-15 14:02:17', 49);
INSERT INTO `sys_oper_log` VALUES (649, '投诉信息', 3, 'com.ruoyi.complaint.controller.ComplaintsController.confirm()', 'DELETE', 1, 'admin', NULL, '/complaints/confirm/2', '127.0.0.1', '', '{}', '{\"msg\":\"操作成功\",\"code\":200}', 0, NULL, '2024-07-15 14:10:05', 191);
INSERT INTO `sys_oper_log` VALUES (650, '投诉信息', 3, 'com.ruoyi.complaint.controller.ComplaintsController.confirm()', 'DELETE', 1, 'admin', NULL, '/complaints/confirm/2', '127.0.0.1', '', '{}', NULL, 1, 'nested exception is org.apache.ibatis.binding.BindingException: Parameter \'ids\' not found. Available parameters are [array, arg0]', '2024-07-15 14:31:43', 50);
INSERT INTO `sys_oper_log` VALUES (651, '投诉信息', 3, 'com.ruoyi.complaint.controller.ComplaintsController.confirm()', 'DELETE', 1, 'admin', NULL, '/complaints/confirm/2', '127.0.0.1', '', '{}', NULL, 1, 'nested exception is org.apache.ibatis.binding.BindingException: Parameter \'ids\' not found. Available parameters are [array, arg0]', '2024-07-15 14:31:54', 0);
INSERT INTO `sys_oper_log` VALUES (652, '投诉信息', 3, 'com.ruoyi.complaint.controller.ComplaintsController.confirm()', 'DELETE', 1, 'admin', NULL, '/complaints/confirm/2', '127.0.0.1', '', '{}', NULL, 1, '\r\n### Error updating database.  Cause: java.sql.SQLSyntaxErrorException: You have an error in your SQL syntax; check the manual that corresponds to your MySQL server version for the right syntax to use near \'insert handlingresults (complaint_id) values\n         (  \n            (2)\n      \' at line 5\r\n### The error may exist in file [C:\\Users\\Lenovo\\Desktop\\实训\\RuoYi-Cloud-master\\RuoYi-Cloud-master\\ruoyi-modules\\ruoyi-complaint\\target\\classes\\mapper\\complaint\\ComplaintsMapper.xml]\r\n### The error may involve com.ruoyi.complaint.mapper.ComplaintsMapper.confirmComplaintsByIds-Inline\r\n### The error occurred while setting parameters\r\n### SQL: update complaints set status = \"已审批待处理\" where id in          (               ?          )          insert handlingresults (complaint_id) values          (               (?)          )\r\n### Cause: java.sql.SQLSyntaxErrorException: You have an error in your SQL syntax; check the manual that corresponds to your MySQL server version for the right syntax to use near \'insert handlingresults (complaint_id) values\n         (  \n            (2)\n      \' at line 5\n; bad SQL grammar []; nested exception is java.sql.SQLSyntaxErrorException: You have an error in your SQL syntax; check the manual that corresponds to your MySQL server version for the right syntax to use near \'insert handlingresults (complaint_id) values\n         (  \n            (2)\n      \' at line 5', '2024-07-16 08:12:15', 305);
INSERT INTO `sys_oper_log` VALUES (653, '投诉信息', 3, 'com.ruoyi.complaint.controller.ComplaintsController.confirm()', 'DELETE', 1, 'admin', NULL, '/complaints/confirm/2', '127.0.0.1', '', '{}', NULL, 1, 'nested exception is org.apache.ibatis.binding.BindingException: Parameter \'list\' not found. Available parameters are [array, arg0]', '2024-07-16 08:21:11', 49);
INSERT INTO `sys_oper_log` VALUES (654, '投诉信息', 3, 'com.ruoyi.complaint.controller.ComplaintsController.confirm()', 'DELETE', 1, 'admin', NULL, '/complaints/confirm/2', '127.0.0.1', '', '{}', '{\"msg\":\"操作成功\",\"code\":200}', 0, NULL, '2024-07-16 08:22:25', 84);
INSERT INTO `sys_oper_log` VALUES (655, '投诉处理结果', 3, 'com.ruoyi.complaint.controller.HandlingresultsController.remove()', 'DELETE', 1, 'admin', NULL, '/handlingresults/11', '127.0.0.1', '', '{}', '{\"msg\":\"操作成功\",\"code\":200}', 0, NULL, '2024-07-16 08:23:12', 24);
INSERT INTO `sys_oper_log` VALUES (656, '投诉信息', 3, 'com.ruoyi.complaint.controller.ComplaintsController.confirm()', 'DELETE', 1, 'admin', NULL, '/complaints/confirm/2', '127.0.0.1', '', '{}', '{\"msg\":\"操作成功\",\"code\":200}', 0, NULL, '2024-07-16 08:23:15', 10);
INSERT INTO `sys_oper_log` VALUES (657, '投诉处理结果', 2, 'com.ruoyi.complaint.controller.HandlingresultsController.edit()', 'PUT', 1, 'admin', NULL, '/handlingresults', '127.0.0.1', '', '{\"complaintId\":2,\"handleTime\":\"2024-07-18\",\"handlerId\":101,\"id\":12,\"params\":{},\"picUrl\":\"https://tourism-oss.oss-cn-beijing.aliyuncs.com/2024/07/16/20240716085129mdl.png.png\",\"result\":\"111\"}', NULL, 1, '\r\n### Error updating database.  Cause: java.sql.SQLException: Data truncated for column \'status\' at row 1\r\n### The error may exist in file [C:\\Users\\Lenovo\\Desktop\\实训\\RuoYi-Cloud-master\\RuoYi-Cloud-master\\ruoyi-modules\\ruoyi-complaint\\target\\classes\\mapper\\complaint\\HandlingresultsMapper.xml]\r\n### The error may involve com.ruoyi.complaint.mapper.HandlingresultsMapper.updateHandlingresults-Inline\r\n### The error occurred while setting parameters\r\n### SQL: update handlingresults          SET complaint_id = ?,             result = ?,             handle_time = ?,             handler_id = ?,             pic_url = ?          where id = ?\r\n### Cause: java.sql.SQLException: Data truncated for column \'status\' at row 1\n; Data truncated for column \'status\' at row 1; nested exception is java.sql.SQLException: Data truncated for column \'status\' at row 1', '2024-07-16 08:51:31', 160);
INSERT INTO `sys_oper_log` VALUES (658, '投诉处理结果', 2, 'com.ruoyi.complaint.controller.HandlingresultsController.edit()', 'PUT', 1, 'admin', NULL, '/handlingresults', '127.0.0.1', '', '{\"complaintId\":2,\"handleTime\":\"2024-07-18\",\"handlerId\":101,\"id\":12,\"params\":{},\"picUrl\":\"https://tourism-oss.oss-cn-beijing.aliyuncs.com/2024/07/16/20240716085129mdl.png.png\",\"result\":\"111\"}', '{\"msg\":\"操作成功\",\"code\":200}', 0, NULL, '2024-07-16 08:56:18', 15);

-- ----------------------------
-- Table structure for sys_post
-- ----------------------------
DROP TABLE IF EXISTS `sys_post`;
CREATE TABLE `sys_post`  (
  `post_id` bigint NOT NULL AUTO_INCREMENT COMMENT '岗位ID',
  `post_code` varchar(64) CHARACTER SET utf8mb4 COLLATE utf8mb4_0900_ai_ci NOT NULL COMMENT '岗位编码',
  `post_name` varchar(50) CHARACTER SET utf8mb4 COLLATE utf8mb4_0900_ai_ci NOT NULL COMMENT '岗位名称',
  `post_sort` int NOT NULL COMMENT '显示顺序',
  `status` char(1) CHARACTER SET utf8mb4 COLLATE utf8mb4_0900_ai_ci NOT NULL COMMENT '状态（0正常 1停用）',
  `create_by` varchar(64) CHARACTER SET utf8mb4 COLLATE utf8mb4_0900_ai_ci NULL DEFAULT '' COMMENT '创建者',
  `create_time` datetime NULL DEFAULT NULL COMMENT '创建时间',
  `update_by` varchar(64) CHARACTER SET utf8mb4 COLLATE utf8mb4_0900_ai_ci NULL DEFAULT '' COMMENT '更新者',
  `update_time` datetime NULL DEFAULT NULL COMMENT '更新时间',
  `remark` varchar(500) CHARACTER SET utf8mb4 COLLATE utf8mb4_0900_ai_ci NULL DEFAULT NULL COMMENT '备注',
  PRIMARY KEY (`post_id`) USING BTREE
) ENGINE = InnoDB AUTO_INCREMENT = 5 CHARACTER SET = utf8mb4 COLLATE = utf8mb4_0900_ai_ci COMMENT = '岗位信息表' ROW_FORMAT = Dynamic;

-- ----------------------------
-- Records of sys_post
-- ----------------------------
INSERT INTO `sys_post` VALUES (1, 'ceo', '董事长', 1, '0', 'admin', '2024-07-05 20:36:44', '', NULL, '');
INSERT INTO `sys_post` VALUES (2, 'se', '项目经理', 2, '0', 'admin', '2024-07-05 20:36:44', '', NULL, '');
INSERT INTO `sys_post` VALUES (3, 'hr', '人力资源', 3, '0', 'admin', '2024-07-05 20:36:44', '', NULL, '');
INSERT INTO `sys_post` VALUES (4, 'user', '普通员工', 4, '0', 'admin', '2024-07-05 20:36:44', '', NULL, '');

-- ----------------------------
-- Table structure for sys_role
-- ----------------------------
DROP TABLE IF EXISTS `sys_role`;
CREATE TABLE `sys_role`  (
  `role_id` bigint NOT NULL AUTO_INCREMENT COMMENT '角色ID',
  `role_name` varchar(30) CHARACTER SET utf8mb4 COLLATE utf8mb4_0900_ai_ci NOT NULL COMMENT '角色名称',
  `role_key` varchar(100) CHARACTER SET utf8mb4 COLLATE utf8mb4_0900_ai_ci NOT NULL COMMENT '角色权限字符串',
  `role_sort` int NOT NULL COMMENT '显示顺序',
  `data_scope` char(1) CHARACTER SET utf8mb4 COLLATE utf8mb4_0900_ai_ci NULL DEFAULT '1' COMMENT '数据范围（1：全部数据权限 2：自定数据权限 3：本部门数据权限 4：本部门及以下数据权限）',
  `menu_check_strictly` tinyint(1) NULL DEFAULT 1 COMMENT '菜单树选择项是否关联显示',
  `dept_check_strictly` tinyint(1) NULL DEFAULT 1 COMMENT '部门树选择项是否关联显示',
  `status` char(1) CHARACTER SET utf8mb4 COLLATE utf8mb4_0900_ai_ci NOT NULL COMMENT '角色状态（0正常 1停用）',
  `del_flag` char(1) CHARACTER SET utf8mb4 COLLATE utf8mb4_0900_ai_ci NULL DEFAULT '0' COMMENT '删除标志（0代表存在 2代表删除）',
  `create_by` varchar(64) CHARACTER SET utf8mb4 COLLATE utf8mb4_0900_ai_ci NULL DEFAULT '' COMMENT '创建者',
  `create_time` datetime NULL DEFAULT NULL COMMENT '创建时间',
  `update_by` varchar(64) CHARACTER SET utf8mb4 COLLATE utf8mb4_0900_ai_ci NULL DEFAULT '' COMMENT '更新者',
  `update_time` datetime NULL DEFAULT NULL COMMENT '更新时间',
  `remark` varchar(500) CHARACTER SET utf8mb4 COLLATE utf8mb4_0900_ai_ci NULL DEFAULT NULL COMMENT '备注',
  PRIMARY KEY (`role_id`) USING BTREE
) ENGINE = InnoDB AUTO_INCREMENT = 103 CHARACTER SET = utf8mb4 COLLATE = utf8mb4_0900_ai_ci COMMENT = '角色信息表' ROW_FORMAT = Dynamic;

-- ----------------------------
-- Records of sys_role
-- ----------------------------
INSERT INTO `sys_role` VALUES (1, '超级管理员', 'admin', 1, '1', 1, 1, '0', '0', 'admin', '2024-07-05 20:36:44', '', NULL, '超级管理员');
INSERT INTO `sys_role` VALUES (2, '普通角色', 'common', 2, '2', 1, 1, '0', '0', 'admin', '2024-07-05 20:36:44', '', NULL, '普通角色');
INSERT INTO `sys_role` VALUES (100, '平台管理人员', 'approver', 2, '1', 1, 1, '0', '0', 'admin', '2024-07-06 16:38:12', 'admin', '2024-07-14 09:34:31', NULL);
INSERT INTO `sys_role` VALUES (101, '投诉处理人员', 'complainthandler', 3, '1', 1, 1, '0', '0', 'admin', '2024-07-06 16:49:25', '', NULL, NULL);
INSERT INTO `sys_role` VALUES (102, '酒店管理人员', 'hotelManager', 4, '1', 1, 1, '0', '0', 'admin', '2024-07-11 09:18:24', 'admin', '2024-07-15 11:01:32', NULL);

-- ----------------------------
-- Table structure for sys_role_dept
-- ----------------------------
DROP TABLE IF EXISTS `sys_role_dept`;
CREATE TABLE `sys_role_dept`  (
  `role_id` bigint NOT NULL COMMENT '角色ID',
  `dept_id` bigint NOT NULL COMMENT '部门ID',
  PRIMARY KEY (`role_id`, `dept_id`) USING BTREE
) ENGINE = InnoDB CHARACTER SET = utf8mb4 COLLATE = utf8mb4_0900_ai_ci COMMENT = '角色和部门关联表' ROW_FORMAT = Dynamic;

-- ----------------------------
-- Records of sys_role_dept
-- ----------------------------
INSERT INTO `sys_role_dept` VALUES (2, 100);
INSERT INTO `sys_role_dept` VALUES (2, 101);
INSERT INTO `sys_role_dept` VALUES (2, 105);

-- ----------------------------
-- Table structure for sys_role_menu
-- ----------------------------
DROP TABLE IF EXISTS `sys_role_menu`;
CREATE TABLE `sys_role_menu`  (
  `role_id` bigint NOT NULL COMMENT '角色ID',
  `menu_id` bigint NOT NULL COMMENT '菜单ID',
  PRIMARY KEY (`role_id`, `menu_id`) USING BTREE
) ENGINE = InnoDB CHARACTER SET = utf8mb4 COLLATE = utf8mb4_0900_ai_ci COMMENT = '角色和菜单关联表' ROW_FORMAT = Dynamic;

-- ----------------------------
-- Records of sys_role_menu
-- ----------------------------
INSERT INTO `sys_role_menu` VALUES (2, 1);
INSERT INTO `sys_role_menu` VALUES (2, 2);
INSERT INTO `sys_role_menu` VALUES (2, 3);
INSERT INTO `sys_role_menu` VALUES (2, 4);
INSERT INTO `sys_role_menu` VALUES (2, 100);
INSERT INTO `sys_role_menu` VALUES (2, 101);
INSERT INTO `sys_role_menu` VALUES (2, 102);
INSERT INTO `sys_role_menu` VALUES (2, 103);
INSERT INTO `sys_role_menu` VALUES (2, 104);
INSERT INTO `sys_role_menu` VALUES (2, 105);
INSERT INTO `sys_role_menu` VALUES (2, 106);
INSERT INTO `sys_role_menu` VALUES (2, 107);
INSERT INTO `sys_role_menu` VALUES (2, 108);
INSERT INTO `sys_role_menu` VALUES (2, 109);
INSERT INTO `sys_role_menu` VALUES (2, 110);
INSERT INTO `sys_role_menu` VALUES (2, 111);
INSERT INTO `sys_role_menu` VALUES (2, 112);
INSERT INTO `sys_role_menu` VALUES (2, 113);
INSERT INTO `sys_role_menu` VALUES (2, 114);
INSERT INTO `sys_role_menu` VALUES (2, 115);
INSERT INTO `sys_role_menu` VALUES (2, 116);
INSERT INTO `sys_role_menu` VALUES (2, 500);
INSERT INTO `sys_role_menu` VALUES (2, 501);
INSERT INTO `sys_role_menu` VALUES (2, 1000);
INSERT INTO `sys_role_menu` VALUES (2, 1001);
INSERT INTO `sys_role_menu` VALUES (2, 1002);
INSERT INTO `sys_role_menu` VALUES (2, 1003);
INSERT INTO `sys_role_menu` VALUES (2, 1004);
INSERT INTO `sys_role_menu` VALUES (2, 1005);
INSERT INTO `sys_role_menu` VALUES (2, 1006);
INSERT INTO `sys_role_menu` VALUES (2, 1007);
INSERT INTO `sys_role_menu` VALUES (2, 1008);
INSERT INTO `sys_role_menu` VALUES (2, 1009);
INSERT INTO `sys_role_menu` VALUES (2, 1010);
INSERT INTO `sys_role_menu` VALUES (2, 1011);
INSERT INTO `sys_role_menu` VALUES (2, 1012);
INSERT INTO `sys_role_menu` VALUES (2, 1013);
INSERT INTO `sys_role_menu` VALUES (2, 1014);
INSERT INTO `sys_role_menu` VALUES (2, 1015);
INSERT INTO `sys_role_menu` VALUES (2, 1016);
INSERT INTO `sys_role_menu` VALUES (2, 1017);
INSERT INTO `sys_role_menu` VALUES (2, 1018);
INSERT INTO `sys_role_menu` VALUES (2, 1019);
INSERT INTO `sys_role_menu` VALUES (2, 1020);
INSERT INTO `sys_role_menu` VALUES (2, 1021);
INSERT INTO `sys_role_menu` VALUES (2, 1022);
INSERT INTO `sys_role_menu` VALUES (2, 1023);
INSERT INTO `sys_role_menu` VALUES (2, 1024);
INSERT INTO `sys_role_menu` VALUES (2, 1025);
INSERT INTO `sys_role_menu` VALUES (2, 1026);
INSERT INTO `sys_role_menu` VALUES (2, 1027);
INSERT INTO `sys_role_menu` VALUES (2, 1028);
INSERT INTO `sys_role_menu` VALUES (2, 1029);
INSERT INTO `sys_role_menu` VALUES (2, 1030);
INSERT INTO `sys_role_menu` VALUES (2, 1031);
INSERT INTO `sys_role_menu` VALUES (2, 1032);
INSERT INTO `sys_role_menu` VALUES (2, 1033);
INSERT INTO `sys_role_menu` VALUES (2, 1034);
INSERT INTO `sys_role_menu` VALUES (2, 1035);
INSERT INTO `sys_role_menu` VALUES (2, 1036);
INSERT INTO `sys_role_menu` VALUES (2, 1037);
INSERT INTO `sys_role_menu` VALUES (2, 1038);
INSERT INTO `sys_role_menu` VALUES (2, 1039);
INSERT INTO `sys_role_menu` VALUES (2, 1040);
INSERT INTO `sys_role_menu` VALUES (2, 1041);
INSERT INTO `sys_role_menu` VALUES (2, 1042);
INSERT INTO `sys_role_menu` VALUES (2, 1043);
INSERT INTO `sys_role_menu` VALUES (2, 1044);
INSERT INTO `sys_role_menu` VALUES (2, 1045);
INSERT INTO `sys_role_menu` VALUES (2, 1046);
INSERT INTO `sys_role_menu` VALUES (2, 1047);
INSERT INTO `sys_role_menu` VALUES (2, 1048);
INSERT INTO `sys_role_menu` VALUES (2, 1049);
INSERT INTO `sys_role_menu` VALUES (2, 1050);
INSERT INTO `sys_role_menu` VALUES (2, 1051);
INSERT INTO `sys_role_menu` VALUES (2, 1052);
INSERT INTO `sys_role_menu` VALUES (2, 1053);
INSERT INTO `sys_role_menu` VALUES (2, 1054);
INSERT INTO `sys_role_menu` VALUES (2, 1055);
INSERT INTO `sys_role_menu` VALUES (2, 1056);
INSERT INTO `sys_role_menu` VALUES (2, 1057);
INSERT INTO `sys_role_menu` VALUES (2, 1058);
INSERT INTO `sys_role_menu` VALUES (2, 1059);
INSERT INTO `sys_role_menu` VALUES (2, 1060);
INSERT INTO `sys_role_menu` VALUES (100, 2000);
INSERT INTO `sys_role_menu` VALUES (100, 2001);
INSERT INTO `sys_role_menu` VALUES (100, 2255);
INSERT INTO `sys_role_menu` VALUES (100, 2256);
INSERT INTO `sys_role_menu` VALUES (100, 2257);
INSERT INTO `sys_role_menu` VALUES (100, 2258);
INSERT INTO `sys_role_menu` VALUES (100, 2259);
INSERT INTO `sys_role_menu` VALUES (100, 2260);
INSERT INTO `sys_role_menu` VALUES (100, 2261);
INSERT INTO `sys_role_menu` VALUES (100, 2262);
INSERT INTO `sys_role_menu` VALUES (100, 2263);
INSERT INTO `sys_role_menu` VALUES (100, 2264);
INSERT INTO `sys_role_menu` VALUES (100, 2265);
INSERT INTO `sys_role_menu` VALUES (100, 2266);
INSERT INTO `sys_role_menu` VALUES (100, 2267);
INSERT INTO `sys_role_menu` VALUES (100, 2268);
INSERT INTO `sys_role_menu` VALUES (100, 2269);
INSERT INTO `sys_role_menu` VALUES (100, 2270);
INSERT INTO `sys_role_menu` VALUES (100, 2271);
INSERT INTO `sys_role_menu` VALUES (100, 2272);
INSERT INTO `sys_role_menu` VALUES (100, 2303);
INSERT INTO `sys_role_menu` VALUES (100, 2304);
INSERT INTO `sys_role_menu` VALUES (100, 2305);
INSERT INTO `sys_role_menu` VALUES (100, 2306);
INSERT INTO `sys_role_menu` VALUES (100, 2307);
INSERT INTO `sys_role_menu` VALUES (100, 2308);
INSERT INTO `sys_role_menu` VALUES (100, 2310);
INSERT INTO `sys_role_menu` VALUES (101, 2000);
INSERT INTO `sys_role_menu` VALUES (101, 2074);
INSERT INTO `sys_role_menu` VALUES (101, 2075);
INSERT INTO `sys_role_menu` VALUES (101, 2077);
INSERT INTO `sys_role_menu` VALUES (101, 2079);
INSERT INTO `sys_role_menu` VALUES (101, 2080);
INSERT INTO `sys_role_menu` VALUES (101, 2081);
INSERT INTO `sys_role_menu` VALUES (101, 2086);
INSERT INTO `sys_role_menu` VALUES (101, 2087);
INSERT INTO `sys_role_menu` VALUES (101, 2088);
INSERT INTO `sys_role_menu` VALUES (101, 2089);
INSERT INTO `sys_role_menu` VALUES (101, 2090);
INSERT INTO `sys_role_menu` VALUES (102, 2002);
INSERT INTO `sys_role_menu` VALUES (102, 2003);
INSERT INTO `sys_role_menu` VALUES (102, 2004);
INSERT INTO `sys_role_menu` VALUES (102, 2062);
INSERT INTO `sys_role_menu` VALUES (102, 2063);
INSERT INTO `sys_role_menu` VALUES (102, 2064);
INSERT INTO `sys_role_menu` VALUES (102, 2065);
INSERT INTO `sys_role_menu` VALUES (102, 2066);
INSERT INTO `sys_role_menu` VALUES (102, 2067);
INSERT INTO `sys_role_menu` VALUES (102, 2201);
INSERT INTO `sys_role_menu` VALUES (102, 2202);
INSERT INTO `sys_role_menu` VALUES (102, 2203);
INSERT INTO `sys_role_menu` VALUES (102, 2204);
INSERT INTO `sys_role_menu` VALUES (102, 2205);
INSERT INTO `sys_role_menu` VALUES (102, 2206);
INSERT INTO `sys_role_menu` VALUES (102, 2213);
INSERT INTO `sys_role_menu` VALUES (102, 2214);
INSERT INTO `sys_role_menu` VALUES (102, 2215);
INSERT INTO `sys_role_menu` VALUES (102, 2216);
INSERT INTO `sys_role_menu` VALUES (102, 2217);
INSERT INTO `sys_role_menu` VALUES (102, 2218);
INSERT INTO `sys_role_menu` VALUES (102, 2219);
INSERT INTO `sys_role_menu` VALUES (102, 2220);
INSERT INTO `sys_role_menu` VALUES (102, 2221);
INSERT INTO `sys_role_menu` VALUES (102, 2222);
INSERT INTO `sys_role_menu` VALUES (102, 2223);
INSERT INTO `sys_role_menu` VALUES (102, 2224);
INSERT INTO `sys_role_menu` VALUES (102, 2285);
INSERT INTO `sys_role_menu` VALUES (102, 2286);
INSERT INTO `sys_role_menu` VALUES (102, 2287);
INSERT INTO `sys_role_menu` VALUES (102, 2288);
INSERT INTO `sys_role_menu` VALUES (102, 2289);
INSERT INTO `sys_role_menu` VALUES (102, 2290);
INSERT INTO `sys_role_menu` VALUES (102, 2309);
INSERT INTO `sys_role_menu` VALUES (102, 2311);
INSERT INTO `sys_role_menu` VALUES (102, 2312);
INSERT INTO `sys_role_menu` VALUES (102, 2313);
INSERT INTO `sys_role_menu` VALUES (102, 2314);
INSERT INTO `sys_role_menu` VALUES (102, 2315);
INSERT INTO `sys_role_menu` VALUES (102, 2316);
INSERT INTO `sys_role_menu` VALUES (102, 2323);
INSERT INTO `sys_role_menu` VALUES (102, 2324);
INSERT INTO `sys_role_menu` VALUES (102, 2325);
INSERT INTO `sys_role_menu` VALUES (102, 2326);
INSERT INTO `sys_role_menu` VALUES (102, 2327);
INSERT INTO `sys_role_menu` VALUES (102, 2328);
INSERT INTO `sys_role_menu` VALUES (102, 2329);
INSERT INTO `sys_role_menu` VALUES (102, 2330);
INSERT INTO `sys_role_menu` VALUES (102, 2331);
INSERT INTO `sys_role_menu` VALUES (102, 2332);
INSERT INTO `sys_role_menu` VALUES (102, 2333);
INSERT INTO `sys_role_menu` VALUES (102, 2334);
INSERT INTO `sys_role_menu` VALUES (102, 2335);
INSERT INTO `sys_role_menu` VALUES (102, 2336);
INSERT INTO `sys_role_menu` VALUES (102, 2337);
INSERT INTO `sys_role_menu` VALUES (102, 2338);
INSERT INTO `sys_role_menu` VALUES (102, 2339);
INSERT INTO `sys_role_menu` VALUES (102, 2340);
INSERT INTO `sys_role_menu` VALUES (102, 2341);
INSERT INTO `sys_role_menu` VALUES (102, 2360);
INSERT INTO `sys_role_menu` VALUES (102, 2361);

-- ----------------------------
-- Table structure for sys_user
-- ----------------------------
DROP TABLE IF EXISTS `sys_user`;
CREATE TABLE `sys_user`  (
  `user_id` bigint NOT NULL AUTO_INCREMENT COMMENT '用户ID',
  `dept_id` bigint NULL DEFAULT NULL COMMENT '部门ID',
  `user_name` varchar(30) CHARACTER SET utf8mb4 COLLATE utf8mb4_0900_ai_ci NOT NULL COMMENT '用户账号',
  `nick_name` varchar(30) CHARACTER SET utf8mb4 COLLATE utf8mb4_0900_ai_ci NOT NULL COMMENT '用户昵称',
  `user_type` varchar(2) CHARACTER SET utf8mb4 COLLATE utf8mb4_0900_ai_ci NULL DEFAULT '00' COMMENT '用户类型（00系统用户）',
  `email` varchar(50) CHARACTER SET utf8mb4 COLLATE utf8mb4_0900_ai_ci NULL DEFAULT '' COMMENT '用户邮箱',
  `phonenumber` varchar(11) CHARACTER SET utf8mb4 COLLATE utf8mb4_0900_ai_ci NULL DEFAULT '' COMMENT '手机号码',
  `sex` char(1) CHARACTER SET utf8mb4 COLLATE utf8mb4_0900_ai_ci NULL DEFAULT '0' COMMENT '用户性别（0男 1女 2未知）',
  `avatar` varchar(100) CHARACTER SET utf8mb4 COLLATE utf8mb4_0900_ai_ci NULL DEFAULT '' COMMENT '头像地址',
  `password` varchar(100) CHARACTER SET utf8mb4 COLLATE utf8mb4_0900_ai_ci NULL DEFAULT '' COMMENT '密码',
  `status` char(1) CHARACTER SET utf8mb4 COLLATE utf8mb4_0900_ai_ci NULL DEFAULT '0' COMMENT '帐号状态（0正常 1停用）',
  `del_flag` char(1) CHARACTER SET utf8mb4 COLLATE utf8mb4_0900_ai_ci NULL DEFAULT '0' COMMENT '删除标志（0代表存在 2代表删除）',
  `login_ip` varchar(128) CHARACTER SET utf8mb4 COLLATE utf8mb4_0900_ai_ci NULL DEFAULT '' COMMENT '最后登录IP',
  `login_date` datetime NULL DEFAULT NULL COMMENT '最后登录时间',
  `create_by` varchar(64) CHARACTER SET utf8mb4 COLLATE utf8mb4_0900_ai_ci NULL DEFAULT '' COMMENT '创建者',
  `create_time` datetime NULL DEFAULT NULL COMMENT '创建时间',
  `update_by` varchar(64) CHARACTER SET utf8mb4 COLLATE utf8mb4_0900_ai_ci NULL DEFAULT '' COMMENT '更新者',
  `update_time` datetime NULL DEFAULT NULL COMMENT '更新时间',
  `remark` varchar(500) CHARACTER SET utf8mb4 COLLATE utf8mb4_0900_ai_ci NULL DEFAULT NULL COMMENT '备注',
  PRIMARY KEY (`user_id`) USING BTREE
) ENGINE = InnoDB AUTO_INCREMENT = 104 CHARACTER SET = utf8mb4 COLLATE = utf8mb4_0900_ai_ci COMMENT = '用户信息表' ROW_FORMAT = DYNAMIC;

-- ----------------------------
-- Records of sys_user
-- ----------------------------
INSERT INTO `sys_user` VALUES (1, 103, 'admin', '若依', '00', 'ry@163.com', '15888888888', '1', 'http://127.0.0.1:9300/statics/2024/07/08/R_Jiang_20240708192416A001.png', '$2a$10$7JB720yubVSZvUI0rEqK/.VqGOZTH.ulu33dHOiBE8ByOhJIrdAu2', '0', '0', '127.0.0.1', '2024-07-05 20:36:44', 'admin', '2024-07-05 20:36:44', '', NULL, '管理员');
INSERT INTO `sys_user` VALUES (2, 105, 'ry', '若依', '00', 'ry@qq.com', '15666666666', '1', '', '$2a$10$7JB720yubVSZvUI0rEqK/.VqGOZTH.ulu33dHOiBE8ByOhJIrdAu2', '0', '0', '127.0.0.1', '2024-07-05 20:36:44', 'admin', '2024-07-05 20:36:44', '', NULL, '测试员');
INSERT INTO `sys_user` VALUES (100, NULL, 'hotelManager', 'hotelManager', '00', '', '', '0', '', '$2a$10$NhE0RTdsGbku/DI/5xJ2u.t53w42pi.leFCQe/8zh6ChxCBB0/eea', '0', '0', '', NULL, 'admin', '2024-07-11 09:20:26', 'admin', '2024-07-14 09:07:19', NULL);
INSERT INTO `sys_user` VALUES (101, NULL, 'approver', 'approver', '00', '', '', '0', '', '$2a$10$M4ntQf/.aFPW89e2DhktA.K4tQ78lQbpFMTufkrmN3vV6QNEeUR0S', '0', '0', '', NULL, 'admin', '2024-07-12 13:11:31', 'admin', '2024-07-14 09:17:01', NULL);
INSERT INTO `sys_user` VALUES (102, NULL, 'complaintHandler', 'complaintHandler', '00', '', '', '0', '', '$2a$10$zu7OXSzlndeUBW0RJrFx6en47Owia289/ShOWdPnfy3VshVzyel9a', '0', '0', '', NULL, 'admin', '2024-07-12 13:12:06', 'admin', '2024-07-12 13:12:25', NULL);
INSERT INTO `sys_user` VALUES (103, NULL, 'approver2', 'approver2', '00', '', '', '0', '', '$2a$10$69w4ZrLmQ1vemZM22tCcsOlSPQMfLjUhPUUQnp.3lYuQ3DZLp8U4u', '0', '0', '', NULL, 'admin', '2024-07-14 09:35:02', 'admin', '2024-07-14 09:35:08', NULL);

-- ----------------------------
-- Table structure for sys_user_post
-- ----------------------------
DROP TABLE IF EXISTS `sys_user_post`;
CREATE TABLE `sys_user_post`  (
  `user_id` bigint NOT NULL COMMENT '用户ID',
  `post_id` bigint NOT NULL COMMENT '岗位ID',
  PRIMARY KEY (`user_id`, `post_id`) USING BTREE
) ENGINE = InnoDB CHARACTER SET = utf8mb4 COLLATE = utf8mb4_0900_ai_ci COMMENT = '用户与岗位关联表' ROW_FORMAT = Dynamic;

-- ----------------------------
-- Records of sys_user_post
-- ----------------------------
INSERT INTO `sys_user_post` VALUES (1, 1);
INSERT INTO `sys_user_post` VALUES (2, 2);

-- ----------------------------
-- Table structure for sys_user_role
-- ----------------------------
DROP TABLE IF EXISTS `sys_user_role`;
CREATE TABLE `sys_user_role`  (
  `user_id` bigint NOT NULL COMMENT '用户ID',
  `role_id` bigint NOT NULL COMMENT '角色ID',
  PRIMARY KEY (`user_id`, `role_id`) USING BTREE
) ENGINE = InnoDB CHARACTER SET = utf8mb4 COLLATE = utf8mb4_0900_ai_ci COMMENT = '用户和角色关联表' ROW_FORMAT = Dynamic;

-- ----------------------------
-- Records of sys_user_role
-- ----------------------------
INSERT INTO `sys_user_role` VALUES (1, 1);
INSERT INTO `sys_user_role` VALUES (2, 2);
INSERT INTO `sys_user_role` VALUES (100, 102);
INSERT INTO `sys_user_role` VALUES (101, 100);
INSERT INTO `sys_user_role` VALUES (102, 101);
INSERT INTO `sys_user_role` VALUES (103, 100);

-- ----------------------------
-- Triggers structure for table handlingresults
-- ----------------------------
DROP TRIGGER IF EXISTS `after_update`;
delimiter ;;
CREATE TRIGGER `after_update` AFTER UPDATE ON `handlingresults` FOR EACH ROW UPDATE complaints
    SET status = '已处理待确认' -- 根据需要设置要更新的列和值
    WHERE id = NEW.complaint_id
;;
delimiter ;

-- ----------------------------
-- Triggers structure for table nonstarbookings
-- ----------------------------
DROP TRIGGER IF EXISTS `update_sales_after_insert_non`;
delimiter ;;
CREATE TRIGGER `update_sales_after_insert_non` AFTER INSERT ON `nonstarbookings` FOR EACH ROW BEGIN
    -- 增加对应房型的营销量
    UPDATE NonStarRoomTypes
    SET sales = sales + 1,
        quantity = quantity - 1
    WHERE id = NEW.room_type_id;

    -- 更新营销表中的营销量
    UPDATE NonStarMarketingRecords
    SET total_sales = (
        SELECT SUM(sales)
        FROM NonStarRoomTypes
        WHERE hotel_id = NEW.hotel_id AND id = NEW.room_type_id
    )
    WHERE hotel_id = NEW.hotel_id AND room_type_id = NEW.room_type_id;
END
;;
delimiter ;

-- ----------------------------
-- Triggers structure for table nonstarbookings
-- ----------------------------
DROP TRIGGER IF EXISTS `update_quantity_after_checkout_non`;
delimiter ;;
CREATE TRIGGER `update_quantity_after_checkout_non` AFTER UPDATE ON `nonstarbookings` FOR EACH ROW BEGIN
    IF NEW.check_out_time <= NOW() THEN
        -- 更新对应房型的剩余量
        UPDATE NonStarRoomTypes
        SET quantity = quantity + 1
        WHERE id = NEW.room_type_id;
    END IF;
END
;;
delimiter ;

-- ----------------------------
-- Triggers structure for table nonstarroomtypes
-- ----------------------------
DROP TRIGGER IF EXISTS `after_update_roomtype`;
delimiter ;;
CREATE TRIGGER `after_update_roomtype` AFTER UPDATE ON `nonstarroomtypes` FOR EACH ROW BEGIN
    UPDATE NonStarHotels h
    SET h.total_quantity = (
        SELECT SUM(quantity) FROM NonStarRoomTypes WHERE hotel_id = NEW.hotel_id
    )
    WHERE h.id = NEW.hotel_id;
END
;;
delimiter ;

-- ----------------------------
-- Triggers structure for table starbookings
-- ----------------------------
DROP TRIGGER IF EXISTS `update_sales_after_booking`;
delimiter ;;
CREATE TRIGGER `update_sales_after_booking` AFTER INSERT ON `starbookings` FOR EACH ROW BEGIN
    -- 增加对应房型的营销量
    UPDATE StarRoomTypes
    SET sales = sales + 1
    WHERE id = NEW.room_type_id;
END
;;
delimiter ;

-- ----------------------------
-- Triggers structure for table starbookings
-- ----------------------------
DROP TRIGGER IF EXISTS `update_sales_after_insert`;
delimiter ;;
CREATE TRIGGER `update_sales_after_insert` AFTER INSERT ON `starbookings` FOR EACH ROW BEGIN
    -- 增加对应房型的营销量
    UPDATE StarRoomTypes
    SET sales = sales + 1,
        quantity = quantity - 1
    WHERE id = NEW.room_type_id;

    -- 更新营销表中的营销量
    UPDATE StarMarketingRecords
    SET total_sales = (
        SELECT SUM(sales)
        FROM StarRoomTypes
        WHERE hotel_id = NEW.hotel_id AND id = NEW.room_type_id
    )
    WHERE hotel_id = NEW.hotel_id AND room_type_id = NEW.room_type_id;
END
;;
delimiter ;

-- ----------------------------
-- Triggers structure for table starbookings
-- ----------------------------
DROP TRIGGER IF EXISTS `update_quantity_after_checkout`;
delimiter ;;
CREATE TRIGGER `update_quantity_after_checkout` AFTER UPDATE ON `starbookings` FOR EACH ROW BEGIN
    IF NEW.check_out_time <= NOW() THEN
        -- 更新对应房型的剩余量
        UPDATE StarRoomTypes
        SET quantity = quantity + 1
        WHERE id = NEW.room_type_id;
    END IF;
END
;;
delimiter ;

-- ----------------------------
-- Triggers structure for table starroomtypes
-- ----------------------------
DROP TRIGGER IF EXISTS `update_total_quantity`;
delimiter ;;
CREATE TRIGGER `update_total_quantity` AFTER INSERT ON `starroomtypes` FOR EACH ROW BEGIN
    UPDATE StarHotels
    SET total_quantity = (
        SELECT SUM(quantity)
        FROM StarRoomTypes
        WHERE hotel_id = NEW.hotel_id
    )
    WHERE id = NEW.hotel_id;
END
;;
delimiter ;

-- ----------------------------
-- Triggers structure for table starroomtypes
-- ----------------------------
DROP TRIGGER IF EXISTS `update_min_price_after_room_price_change`;
delimiter ;;
CREATE TRIGGER `update_min_price_after_room_price_change` AFTER INSERT ON `starroomtypes` FOR EACH ROW BEGIN
    DECLARE min_price INT;

    -- 获取对应酒店下的最低价格
    SELECT MIN(price) INTO min_price
    FROM StarRoomTypes
    WHERE hotel_id = NEW.hotel_id;

    -- 更新 StarHotels 表中的最低价格
    UPDATE StarHotels
    SET min_price = min_price
    WHERE id = NEW.hotel_id;
END
;;
delimiter ;

-- ----------------------------
-- Triggers structure for table starroomtypes
-- ----------------------------
DROP TRIGGER IF EXISTS `after_update_roomtype_star`;
delimiter ;;
CREATE TRIGGER `after_update_roomtype_star` AFTER UPDATE ON `starroomtypes` FOR EACH ROW BEGIN
    UPDATE StarHotels h
    SET h.total_quantity = (
        SELECT SUM(quantity) FROM StarRoomTypes WHERE hotel_id = NEW.hotel_id
    )
    WHERE h.id = NEW.hotel_id;
END
;;
delimiter ;

SET FOREIGN_KEY_CHECKS = 1;
